sequence,period_id,period_order,period_title,date_original,battle_title,source_url,source_note,reliability,raw_text
1,ancient_xia,1,史前与夏朝,前30世纪,神农氏攻斧燧氏之战,https://zh.wikipedia.org/wiki/%E7%A5%9E%E5%86%9C%E6%B0%8F%E6%94%BB%E6%96%A7%E7%87%A7%E6%B0%8F%E4%B9%8B%E6%88%98,,未分级,前30世纪－ 神农氏攻斧燧氏之战
2,ancient_xia,1,史前与夏朝,前26世纪,黄帝征服中原地区之战,https://zh.wikipedia.org/wiki/%E9%BB%84%E5%B8%9D,前26世纪－ 阪泉之战 前26世纪－ 涿鹿之战,未分级,前26世纪－ 黄帝征服中原地区之战 前26世纪－ 阪泉之战 前26世纪－ 涿鹿之战
3,ancient_xia,1,史前与夏朝,前26世纪,阪泉之战,https://zh.wikipedia.org/wiki/%E9%98%AA%E6%B3%89%E4%B9%8B%E6%88%98,,未分级,前26世纪－ 阪泉之战
4,ancient_xia,1,史前与夏朝,前26世纪,涿鹿之战,https://zh.wikipedia.org/wiki/%E6%B6%BF%E9%B9%BF%E4%B9%8B%E6%88%98,,未分级,前26世纪－ 涿鹿之战
5,ancient_xia,1,史前与夏朝,前25世纪,颛顼与共工之战,https://zh.wikipedia.org/wiki/%E9%A2%9B%E9%A1%BC#%E6%88%98%E5%85%B1%E5%B7%A5,,未分级,前25世纪－ 颛顼与共工之战
6,ancient_xia,1,史前与夏朝,前24世纪,帝喾攻共工之战,https://zh.wikipedia.org/wiki/%E5%9A%B3#%E6%88%98%E5%85%B1%E5%B7%A5,,未分级,前24世纪－ 帝喾攻共工之战
7,ancient_xia,1,史前与夏朝,前23世纪,尧攻驩兜丹水之战,https://zh.wikipedia.org/wiki/%E9%A9%A9%E5%85%9C,,未分级,前23世纪－ 尧攻驩兜丹水之战
8,ancient_xia,1,史前与夏朝,前22世纪,舜攻三苗之战,https://zh.wikipedia.org/wiki/%E4%B8%89%E8%8B%97,,未分级,前22世纪－ 舜攻三苗之战
9,ancient_xia,1,史前与夏朝,前22世纪,禹攻共工之战,https://zh.wikipedia.org/wiki/%E5%85%B1%E5%B7%A5%E6%B0%8F#%E5%85%B1%E5%B7%A5%E5%8F%91%E5%8A%A8%E6%B4%AA%E6%B0%B4,,未分级,前22世纪－ 禹攻共工之战
10,ancient_xia,1,史前与夏朝,前22世纪,禹攻三苗之战,https://zh.wikipedia.org/wiki/%E7%A6%B9%E4%BC%90%E4%B8%89%E8%8B%97,,未分级,前22世纪－ 禹攻三苗之战
11,ancient_xia,1,史前与夏朝,前21世纪,夏启攻益之战,https://zh.wikipedia.org/wiki/%E4%BC%AF%E7%9B%8A,前21世纪－ 甘之战,未分级,前21世纪－ 夏启攻益之战 前21世纪－ 甘之战
12,ancient_xia,1,史前与夏朝,前21世纪,甘之战,https://zh.wikipedia.org/wiki/%E7%94%98%E4%B9%8B%E6%88%98,,未分级,前21世纪－ 甘之战
13,ancient_xia,1,史前与夏朝,前21世纪,夏启攻西河之战,https://zh.wikipedia.org/wiki/%E5%BD%AD%E4%BC%AF%E5%AF%BF,,未分级,前21世纪－ 夏启攻西河之战
14,ancient_xia,1,史前与夏朝,前20世纪,夏胤攻羲氏和氏之战,https://zh.wikipedia.org/wiki/%E8%83%A4,,未分级,前20世纪－ 夏胤攻羲氏和氏之战
15,ancient_xia,1,史前与夏朝,前20世纪,夏相攻东夷之战,https://zh.wikipedia.org/wiki/%E7%9B%B8_(%E5%A4%8F%E6%9C%9D),,未分级,前20世纪－ 夏相攻东夷之战
16,ancient_xia,1,史前与夏朝,前20世纪中后期,浇灭相之战,https://zh.wikipedia.org/wiki/%E7%9B%B8_(%E5%A4%8F%E6%9C%9D),,未分级,前20世纪中后期－ 浇灭相之战
17,ancient_xia,1,史前与夏朝,前19世纪,夏少康复国之战,https://zh.wikipedia.org/wiki/%E5%B0%91%E5%BA%B7%E4%B8%AD%E8%88%88,,未分级,前19世纪－ 夏少康复国之战
18,ancient_xia,1,史前与夏朝,前19世纪后期,夏少康灭浇之战,https://zh.wikipedia.org/wiki/%E5%AF%92%E6%BE%86,,未分级,前19世纪后期－ 夏少康灭浇之战
19,ancient_xia,1,史前与夏朝,前19世纪后期,夏季杼灭豷之战,https://zh.wikipedia.org/wiki/%E8%B1%B7,,未分级,前19世纪后期－ 夏季杼灭豷之战
20,ancient_xia,1,史前与夏朝,前19世纪后期,夏伯靡灭寒浞之战,https://zh.wikipedia.org/wiki/%E4%BC%AF%E9%9D%A1,,未分级,前19世纪后期－ 夏伯靡灭寒浞之战
21,ancient_xia,1,史前与夏朝,前19世纪后期,夏季杼攻东夷之战,https://zh.wikipedia.org/wiki/%E6%9D%BC,,未分级,前19世纪后期－ 夏季杼攻东夷之战
22,ancient_xia,1,史前与夏朝,前18世纪,洛伯与河伯之战,https://zh.wikipedia.org/wiki/%E6%B2%B3%E4%BC%AF,,未分级,前18世纪－ 洛伯与河伯之战
23,ancient_xia,1,史前与夏朝,前17世纪,商上甲微灭有易氏之战,https://zh.wikipedia.org/wiki/%E4%B8%8A%E7%94%B2%E5%BE%AE,,未分级,前17世纪－ 商上甲微灭有易氏之战
24,ancient_xia,1,史前与夏朝,前17世纪,夏不降攻九苑之战,https://zh.wikipedia.org/wiki/%E4%B9%9D%E8%8B%91,,未分级,前17世纪－ 夏不降攻九苑之战
25,ancient_xia,1,史前与夏朝,前16世纪,夏桀攻有施氏之战,https://zh.wikipedia.org/wiki/%E6%9C%89%E6%96%BD%E6%B0%8F,,未分级,前16世纪－ 夏桀攻有施氏之战
26,ancient_xia,1,史前与夏朝,前16世纪,夏桀攻有缗氏之战,https://zh.wikipedia.org/wiki/%E6%9C%89%E7%BC%97%E6%B0%8F,,未分级,前16世纪－ 夏桀攻有缗氏之战
27,shang,2,商朝（前1600年－前1046年）,前16世纪,商灭夏的战争,https://zh.wikipedia.org/wiki/%E9%B8%A3%E6%9D%A1%E4%B9%8B%E6%88%98,约前1600年－ 鸣条之战,未分级,前16世纪－ 商灭夏的战争 约前1600年－ 鸣条之战
28,shang,2,商朝（前1600年－前1046年）,约前1600年,鸣条之战,https://zh.wikipedia.org/wiki/%E9%B8%A3%E6%9D%A1%E4%B9%8B%E6%88%98,,未分级,约前1600年－ 鸣条之战
29,shang,2,商朝（前1600年－前1046年）,前16世纪,商汤灭葛之战,https://zh.wikipedia.org/wiki/%E9%B8%A3%E6%9D%A1%E4%B9%8B%E6%88%98,,未分级,前16世纪－ 商汤灭葛之战
30,shang,2,商朝（前1600年－前1046年）,前16世纪,商汤灭韦顾之战,https://zh.wikipedia.org/wiki/%E9%B8%A3%E6%9D%A1%E4%B9%8B%E6%88%98,,未分级,前16世纪－ 商汤灭韦顾之战
31,shang,2,商朝（前1600年－前1046年）,前16世纪,商汤灭昆吾之战,https://zh.wikipedia.org/wiki/%E9%B8%A3%E6%9D%A1%E4%B9%8B%E6%88%98,,未分级,前16世纪－ 商汤灭昆吾之战
32,shang,2,商朝（前1600年－前1046年）,前16世纪,商中丁攻蓝夷之战,https://zh.wikipedia.org/wiki/%E8%93%9D%E5%A4%B7,,未分级,前16世纪－ 商中丁攻蓝夷之战
33,shang,2,商朝（前1600年－前1046年）,前14世纪,商河亶甲攻蓝夷班方之战,https://zh.wikipedia.org/wiki/%E7%8F%AD%E6%96%B9,,未分级,前14世纪－ 商河亶甲攻蓝夷班方之战
34,shang,2,商朝（前1600年－前1046年）,前14世纪后期,商阳甲西征之战,https://zh.wikipedia.org/wiki/%E9%98%B3%E7%94%B2,,未分级,前14世纪后期－ 商阳甲西征之战
35,shang,2,商朝（前1600年－前1046年）,前13世纪,商武丁攻周边各国的战争,https://zh.wikipedia.org/wiki/%E6%AD%A6%E4%B8%81,前13世纪－ 商武丁攻甫之战 前13世纪－ 商武丁攻沚之战 前13世纪－ 商武丁攻周之战 前13世纪－ 商武丁攻巴方之战 前13世纪－ 商武丁攻下危之战 前13世纪－ 武丁攻宙方之战 前13世纪－ 商武丁攻缶之战 前13世纪－ 子方攻基攻缶之战 前13世纪－ 商武丁攻亘方之战 前13世纪－ 商武丁攻荆楚之战 前13世纪－ 商武丁攻归、佣之战 前13世纪－ 商武丁攻虎方之战 前13世纪－ 商武丁攻土之战 前13世纪－ 商武丁攻方之战 前13世纪－ 商武丁攻洋方之战 前13世纪－ 商武丁攻羌方之战 前13世纪－ 商武丁攻北羌之战 前13世纪－ 商武丁攻龙方之战 前13世纪－ 商震攻鬼方之战 前13世纪－ 商武丁攻人方之战,未分级,前13世纪－ 商武丁攻周边各国的战争 前13世纪－ 商武丁攻甫之战 前13世纪－ 商武丁攻沚之战 前13世纪－ 商武丁攻周之战 前13世纪－ 商武丁攻巴方之战 前13世纪－ 商武丁攻下危之战 前13世纪－ 武丁攻宙方之战 前13世纪－ 商武丁攻缶之战 前13世纪－ 子方攻基攻缶之战 前13世纪－ 商武丁攻亘方之战 前13世纪－ 商武丁攻荆楚之战 前13世纪－ 商武丁攻归、佣之战 前13世纪－ 商武丁攻虎方之战 前13世纪－ 商武丁攻土之战 前13世纪－ 商武丁攻方之战 前13世纪－ 商武丁攻洋方之战 前13世纪－ 商武丁攻羌方之战 前13世纪－ 商武丁攻北羌之战 前13世纪－ 商武丁攻龙方之战 前13世纪－ 商震攻鬼方之战 前13世纪－ 商武丁攻人方之战
36,shang,2,商朝（前1600年－前1046年）,前13世纪,商武丁攻甫之战,https://zh.wikipedia.org/wiki/%E5%90%95%E5%9B%BD,,未分级,前13世纪－ 商武丁攻甫之战
37,shang,2,商朝（前1600年－前1046年）,前13世纪,商武丁攻沚之战,https://zh.wikipedia.org/wiki/%E6%B2%9A%E5%9B%BD,,未分级,前13世纪－ 商武丁攻沚之战
38,shang,2,商朝（前1600年－前1046年）,前13世纪,商武丁攻周之战,https://zh.wikipedia.org/wiki/%E5%91%A8%E6%9C%9D,,未分级,前13世纪－ 商武丁攻周之战
39,shang,2,商朝（前1600年－前1046年）,前13世纪,商武丁攻巴方之战,https://zh.wikipedia.org/wiki/%E5%B7%B4%E5%9B%BD,,未分级,前13世纪－ 商武丁攻巴方之战
40,shang,2,商朝（前1600年－前1046年）,前13世纪,商武丁攻下危之战,https://zh.wikipedia.org/wiki/%E4%B8%8B%E5%8D%B1,,未分级,前13世纪－ 商武丁攻下危之战
41,shang,2,商朝（前1600年－前1046年）,前13世纪,武丁攻宙方之战,https://zh.wikipedia.org/wiki/%E5%AE%99%E6%96%B9,,未分级,前13世纪－ 武丁攻宙方之战
42,shang,2,商朝（前1600年－前1046年）,前13世纪,商武丁攻缶之战,https://zh.wikipedia.org/wiki/%E7%BC%B6%E6%96%B9,,未分级,前13世纪－ 商武丁攻缶之战
43,shang,2,商朝（前1600年－前1046年）,前13世纪,子方攻基攻缶之战,https://zh.wikipedia.org/wiki/%E5%9F%BA%E6%96%B9,,未分级,前13世纪－ 子方攻基攻缶之战
44,shang,2,商朝（前1600年－前1046年）,前13世纪,商武丁攻亘方之战,https://zh.wikipedia.org/wiki/%E4%BA%99%E6%96%B9,,未分级,前13世纪－ 商武丁攻亘方之战
45,shang,2,商朝（前1600年－前1046年）,前13世纪,商武丁攻荆楚之战,https://zh.wikipedia.org/wiki/%E8%8D%8A%E8%9B%AE,,未分级,前13世纪－ 商武丁攻荆楚之战
46,shang,2,商朝（前1600年－前1046年）,前13世纪,商武丁攻归、佣之战,https://zh.wikipedia.org/wiki/%E5%BA%B8%E5%9B%BD,,未分级,前13世纪－ 商武丁攻归、佣之战
47,shang,2,商朝（前1600年－前1046年）,前13世纪,商武丁攻虎方之战,https://zh.wikipedia.org/wiki/%E8%99%8E%E6%96%B9,,未分级,前13世纪－ 商武丁攻虎方之战
48,shang,2,商朝（前1600年－前1046年）,前13世纪,商武丁攻土之战,https://zh.wikipedia.org/wiki/%E5%9C%9F%E6%96%B9,,未分级,前13世纪－ 商武丁攻土之战
49,shang,2,商朝（前1600年－前1046年）,前13世纪,商武丁攻方之战,https://zh.wikipedia.org/wiki/%E6%AD%A6%E4%B8%81%E4%B8%AD%E5%85%B4,,未分级,前13世纪－ 商武丁攻方之战
50,shang,2,商朝（前1600年－前1046年）,前13世纪,商武丁攻洋方之战,https://zh.wikipedia.org/wiki/%E7%B5%B4%E6%96%B9,,未分级,前13世纪－ 商武丁攻洋方之战
51,shang,2,商朝（前1600年－前1046年）,前13世纪,商武丁攻羌方之战,https://zh.wikipedia.org/wiki/%E7%BE%8C%E6%96%B9,,未分级,前13世纪－ 商武丁攻羌方之战
52,shang,2,商朝（前1600年－前1046年）,前13世纪,商武丁攻北羌之战,https://zh.wikipedia.org/wiki/%E5%8C%97%E7%BE%8C,,未分级,前13世纪－ 商武丁攻北羌之战
53,shang,2,商朝（前1600年－前1046年）,前13世纪,商武丁攻龙方之战,https://zh.wikipedia.org/wiki/%E9%BE%8D%E6%96%B9_(%E6%96%B9%E5%9C%8B),,未分级,前13世纪－ 商武丁攻龙方之战
54,shang,2,商朝（前1600年－前1046年）,前13世纪,商震攻鬼方之战,https://zh.wikipedia.org/wiki/%E9%AC%BC%E6%96%B9,,未分级,前13世纪－ 商震攻鬼方之战
55,shang,2,商朝（前1600年－前1046年）,前13世纪,商武丁攻人方之战,https://zh.wikipedia.org/wiki/%E4%BA%BA%E6%96%B9,,未分级,前13世纪－ 商武丁攻人方之战
56,shang,2,商朝（前1600年－前1046年）,前12世纪,廪辛、康丁攻危方之战,https://zh.wikipedia.org/wiki/%E5%8D%B1%E6%96%B9,,未分级,前12世纪－ 廪辛、康丁攻危方之战
57,shang,2,商朝（前1600年－前1046年）,前12世纪,廪辛、康丁抗击羌方之战,https://zh.wikipedia.org/wiki/%E7%BE%8C%E6%96%B9,,未分级,前12世纪－ 廪辛、康丁抗击羌方之战
58,shang,2,商朝（前1600年－前1046年）,前12世纪,召方之战,https://zh.wikipedia.org/wiki/%E5%8F%AC%E6%96%B9,商武乙攻,未分级,前12世纪－商武乙攻 召方之战
59,shang,2,商朝（前1600年－前1046年）,前12世纪,商武乙攻人方之战,https://zh.wikipedia.org/wiki/%E4%BA%BA%E6%96%B9,,未分级,前12世纪－ 商武乙攻人方之战
60,shang,2,商朝（前1600年－前1046年）,前12世纪,周季历攻西落鬼戎之战,https://zh.wikipedia.org/wiki/%E8%A5%BF%E8%90%BD%E9%AC%BC%E6%88%8E,（存疑、并无甲骨、金文记载）,存疑,前12世纪－ 周季历攻西落鬼戎之战 （存疑、并无甲骨、金文记载）
61,shang,2,商朝（前1600年－前1046年）,前12世纪,周季历灭程之战,https://zh.wikipedia.org/wiki/%E7%A8%8B%E5%9B%BD,（存疑、并无甲骨、金文记载）,存疑,前12世纪－ 周季历灭程之战 （存疑、并无甲骨、金文记载）
62,shang,2,商朝（前1600年－前1046年）,前12世纪,周季历攻燕京戎之战,https://zh.wikipedia.org/wiki/%E7%87%95%E4%BA%AC%E6%88%8E,（存疑、并无甲骨、金文记载）,存疑,前12世纪－ 周季历攻燕京戎之战 （存疑、并无甲骨、金文记载）
63,shang,2,商朝（前1600年－前1046年）,前12世纪,周季历攻余无戎之战,https://zh.wikipedia.org/wiki/%E4%BD%99%E6%97%A0%E4%B9%8B%E6%88%8E,（存疑、并无甲骨、金文记载）,存疑,前12世纪－ 周季历攻余无戎之战 （存疑、并无甲骨、金文记载）
64,shang,2,商朝（前1600年－前1046年）,前12世纪,周季历攻始呼戎之战,https://zh.wikipedia.org/wiki/%E5%A7%8B%E5%91%BC%E4%B9%8B%E6%88%8E,（存疑、并无甲骨、金文记载）,存疑,前12世纪－ 周季历攻始呼戎之战 （存疑、并无甲骨、金文记载）
65,shang,2,商朝（前1600年－前1046年）,前12世纪,周季历攻翳徒戎之战,https://zh.wikipedia.org/wiki/%E7%BF%B3%E5%BE%92%E4%B9%8B%E6%88%8E,（存疑、并无甲骨、金文记载）,存疑,前12世纪－ 周季历攻翳徒戎之战 （存疑、并无甲骨、金文记载）
66,shang,2,商朝（前1600年－前1046年）,前12世纪,周文王攻商之战,https://zh.wikipedia.org/wiki/%E5%B8%9D%E4%B9%99,（据甲骨文文王和帝辛一度修好一起狩猎，何来攻商？）,未分级,前12世纪－ 周文王攻商之战 （据甲骨文文王和帝辛一度修好一起狩猎，何来攻商？）
67,shang,2,商朝（前1600年－前1046年）,前11世纪,商帝乙攻人方之战,https://zh.wikipedia.org/wiki/%E5%B8%9D%E4%B9%99,,未分级,前11世纪－ 商帝乙攻人方之战
68,shang,2,商朝（前1600年－前1046年）,前11世纪,商帝乙帝辛攻盂方之战,https://zh.wikipedia.org/wiki/%E7%9B%82%E6%96%B9,,未分级,前11世纪－ 商帝乙帝辛攻盂方之战
69,shang,2,商朝（前1600年－前1046年）,前11世纪,商帝辛攻东夷之战,https://zh.wikipedia.org/wiki/%E5%B8%9D%E8%BE%9B%E4%BC%90%E4%B8%9C%E5%A4%B7,,未分级,前11世纪－ 商帝辛攻东夷之战
70,western_zhou,3,西周（前1046年－前771年）,前12世纪,周灭商的战争,https://zh.wikipedia.org/wiki/%E5%91%A8%E7%81%AD%E5%95%86%E7%9A%84%E6%88%98%E4%BA%89,前11世纪初－  前11世纪－ 周文王攻犬戎之战 （存疑、并无甲骨、金文记载） 前11世纪－ 周文王灭密须之战 （存疑、并无甲骨、金文记载） 前11世纪－ 周文王攻耆之战 （存疑、并无甲骨、金文记载） 前11世纪－ 周文王灭邗之战 （存疑、并无甲骨、金文记载） 前11世纪－ 周灭崇之战 （存疑、并无甲骨、金文记载） 前11世纪－姬姓、姜姓联合灭商 牧野之战 （ 利簋 ）（可信）,存疑,前12世纪－前11世纪初－ 周灭商的战争 前11世纪－ 周文王攻犬戎之战 （存疑、并无甲骨、金文记载） 前11世纪－ 周文王灭密须之战 （存疑、并无甲骨、金文记载） 前11世纪－ 周文王攻耆之战 （存疑、并无甲骨、金文记载） 前11世纪－ 周文王灭邗之战 （存疑、并无甲骨、金文记载） 前11世纪－ 周灭崇之战 （存疑、并无甲骨、金文记载） 前11世纪－姬姓、姜姓联合灭商 牧野之战 （ 利簋 ）（可信）
71,western_zhou,3,西周（前1046年－前771年）,前11世纪,周文王攻犬戎之战,https://zh.wikipedia.org/wiki/%E5%91%A8%E6%96%87%E7%8E%8B%E6%94%BB%E7%8A%AC%E6%88%8E%E4%B9%8B%E6%88%98,（存疑、并无甲骨、金文记载）,存疑,前11世纪－ 周文王攻犬戎之战 （存疑、并无甲骨、金文记载）
72,western_zhou,3,西周（前1046年－前771年）,前11世纪,周文王灭密须之战,https://zh.wikipedia.org/wiki/%E5%91%A8%E6%96%87%E7%8E%8B%E7%81%AD%E5%AF%86%E9%A1%BB%E4%B9%8B%E6%88%98,（存疑、并无甲骨、金文记载）,存疑,前11世纪－ 周文王灭密须之战 （存疑、并无甲骨、金文记载）
73,western_zhou,3,西周（前1046年－前771年）,前11世纪,周文王攻耆之战,https://zh.wikipedia.org/wiki/%E5%91%A8%E6%96%87%E7%8E%8B%E6%94%BB%E8%80%86%E4%B9%8B%E6%88%98,（存疑、并无甲骨、金文记载）,存疑,前11世纪－ 周文王攻耆之战 （存疑、并无甲骨、金文记载）
74,western_zhou,3,西周（前1046年－前771年）,前11世纪,周文王灭邗之战,https://zh.wikipedia.org/wiki/%E5%91%A8%E6%96%87%E7%8E%8B%E7%81%AD%E9%82%97%E4%B9%8B%E6%88%98,（存疑、并无甲骨、金文记载）,存疑,前11世纪－ 周文王灭邗之战 （存疑、并无甲骨、金文记载）
75,western_zhou,3,西周（前1046年－前771年）,前11世纪,周灭崇之战,https://zh.wikipedia.org/wiki/%E5%91%A8%E7%81%AD%E5%B4%87%E4%B9%8B%E6%88%98,（存疑、并无甲骨、金文记载）,存疑,前11世纪－ 周灭崇之战 （存疑、并无甲骨、金文记载）
76,western_zhou,3,西周（前1046年－前771年）,前11世纪,牧野之战,https://zh.wikipedia.org/wiki/%E7%89%A7%E9%87%8E%E4%B9%8B%E6%88%98,姬姓、姜姓联合灭商  （ 利簋 ）（可信）,可信,前11世纪－姬姓、姜姓联合灭商 牧野之战 （ 利簋 ）（可信）
77,western_zhou,3,西周（前1046年－前771年）,前11世纪,三监之乱,https://zh.wikipedia.org/wiki/%E4%B8%89%E7%9B%A3%E4%B9%8B%E4%BA%82,,未分级,前11世纪－ 三监之乱
78,western_zhou,3,西周（前1046年－前771年）,前11世纪,周公东征,https://zh.wikipedia.org/wiki/%E5%91%A8%E5%85%AC%E4%B8%9C%E5%BE%81,（ 周公东征方鼎 ）（可信）,可信,前11世纪－ 周公东征 （ 周公东征方鼎 ）（可信）
79,western_zhou,3,西周（前1046年－前771年）,前11世纪,周成王攻录国之战,https://zh.wikipedia.org/wiki/%E5%91%A8%E6%88%90%E7%8E%8B%E6%94%BB%E9%8C%84%E5%9C%8B%E4%B9%8B%E6%88%B0,（大保簋）,未分级,前11世纪－ 周成王攻录国之战 （大保簋）
80,western_zhou,3,西周（前1046年－前771年）,前11世纪,周康王攻鬼方之战,https://zh.wikipedia.org/wiki/%E5%91%A8%E5%BA%B7%E7%8E%8B%E6%94%BB%E9%AC%BC%E6%96%B9%E4%B9%8B%E6%88%98,（小盂鼎）,未分级,前11世纪－ 周康王攻鬼方之战 （小盂鼎）
81,western_zhou,3,西周（前1046年－前771年）,前10世纪,周昭王攻荆楚之战,https://zh.wikipedia.org/wiki/%E5%91%A8%E6%98%AD%E7%8E%8B%E6%94%BB%E8%8D%86%E6%A5%9A%E4%B9%8B%E6%88%98,（ 墙盘 ）（可信，金文称楚国为反荆）,可信,前10世纪－ 周昭王攻荆楚之战 （ 墙盘 ）（可信，金文称楚国为反荆）
82,western_zhou,3,西周（前1046年－前771年）,前10世纪,周昭王攻东夷之战,https://zh.wikipedia.org/wiki/%E5%91%A8%E6%98%AD%E7%8E%8B%E6%94%BB%E4%B8%9C%E5%A4%B7%E4%B9%8B%E6%88%98,,未分级,前10世纪－ 周昭王攻东夷之战
83,western_zhou,3,西周（前1046年－前771年）,前10世纪,周穆王攻犬戎之战,https://zh.wikipedia.org/wiki/%E5%91%A8%E7%A9%86%E7%8E%8B%E6%94%BB%E7%8A%AC%E6%88%8E%E4%B9%8B%E6%88%98,,未分级,前10世纪－ 周穆王攻犬戎之战
84,western_zhou,3,西周（前1046年－前771年）,前10世纪,周穆王攻徐之战,https://zh.wikipedia.org/wiki/%E5%91%A8%E7%A9%86%E7%8E%8B%E6%94%BB%E5%BE%90%E4%B9%8B%E6%88%98,,未分级,前10世纪－ 周穆王攻徐之战
85,western_zhou,3,西周（前1046年－前771年）,前10世纪,周穆王攻群舒之战,https://zh.wikipedia.org/wiki/%E5%91%A8%E7%A9%86%E7%8E%8B%E6%94%BB%E7%BE%A4%E8%88%92%E4%B9%8B%E6%88%98,,未分级,前10世纪－ 周穆王攻群舒之战
86,western_zhou,3,西周（前1046年－前771年）,前10世纪,周共王灭密之战,https://zh.wikipedia.org/wiki/%E5%91%A8%E5%85%B1%E7%8E%8B%E7%81%AD%E5%AF%86%E4%B9%8B%E6%88%98,,未分级,前10世纪－ 周共王灭密之战
87,western_zhou,3,西周（前1046年－前771年）,前9世纪,周懿王攻犬戎之战,https://zh.wikipedia.org/wiki/%E5%91%A8%E6%87%BF%E7%8E%8B%E6%94%BB%E7%8A%AC%E6%88%8E%E4%B9%8B%E6%88%98,,未分级,前9世纪－ 周懿王攻犬戎之战
88,western_zhou,3,西周（前1046年－前771年）,前9世纪,周孝王攻西戎之战,https://zh.wikipedia.org/wiki/%E5%91%A8%E5%AD%9D%E7%8E%8B%E6%94%BB%E8%A5%BF%E6%88%8E%E4%B9%8B%E6%88%98,,未分级,前9世纪－ 周孝王攻西戎之战
89,western_zhou,3,西周（前1046年－前771年）,前9世纪,周夷王攻太原戎之战,https://zh.wikipedia.org/wiki/%E5%91%A8%E5%A4%B7%E7%8E%8B%E6%94%BB%E5%A4%AA%E5%8E%9F%E6%88%8E%E4%B9%8B%E6%88%98,,未分级,前9世纪－ 周夷王攻太原戎之战
90,western_zhou,3,西周（前1046年－前771年）,前9世纪,武公攻????狁之战,https://zh.wikipedia.org/wiki/%E6%AD%A6%E5%85%AC%E6%94%BB%E7%8E%81%E7%8B%81%E4%B9%8B%E6%88%98,（多友鼎）,未分级,前9世纪－ 武公攻????狁之战 （多友鼎）
91,western_zhou,3,西周（前1046年－前771年）,前9世纪中,周厉王攻戎之战,https://zh.wikipedia.org/wiki/%E5%91%A8%E5%8E%89%E7%8E%8B%E6%94%BB%E6%88%8E%E4%B9%8B%E6%88%98,,未分级,前9世纪中－ 周厉王攻戎之战
92,western_zhou,3,西周（前1046年－前771年）,前9世纪中,周厉王与鄂侯之战,https://zh.wikipedia.org/wiki/%E5%91%A8%E5%8E%89%E7%8E%8B%E4%B8%8E%E9%84%82%E4%BE%AF%E4%B9%8B%E6%88%98,（禹鼎，规模极大，堪称举国决战，但是史书缺少记载）,未分级,前9世纪中－ 周厉王与鄂侯之战 （禹鼎，规模极大，堪称举国决战，但是史书缺少记载）
93,western_zhou,3,西周（前1046年－前771年）,前841年,国人暴动,https://zh.wikipedia.org/wiki/%E5%9B%BD%E4%BA%BA%E6%9A%B4%E5%8A%A8,,未分级,前841年－ 国人暴动
94,western_zhou,3,西周（前1046年－前771年）,前840年,周朝抵抗????狁荆蛮之战,https://zh.wikipedia.org/wiki/%E5%91%A8%E6%9C%9D%E6%8A%B5%E6%8A%97%E7%8E%81%E7%8B%81%E8%8D%8A%E8%A0%BB%E4%B9%8B%E6%88%B0,,未分级,前840年－ 周朝抵抗????狁荆蛮之战
95,western_zhou,3,西周（前1046年－前771年）,前824年,秦攻戎之战,https://zh.wikipedia.org/wiki/%E7%A7%A6%E6%94%BB%E6%88%8E%E4%B9%8B%E6%88%98,前621年,未分级,前824年－前621年－ 秦攻戎之战
96,western_zhou,3,西周（前1046年－前771年）,前823年,周宣王对周边各族之战,https://zh.wikipedia.org/wiki/%E5%91%A8%E5%AE%A3%E7%8E%8B%E5%AF%B9%E5%91%A8%E8%BE%B9%E5%90%84%E6%97%8F%E4%B9%8B%E6%88%98,前789年,未分级,前823年－前789年－ 周宣王对周边各族之战
97,western_zhou,3,西周（前1046年－前771年）,前823年,周宣王攻????狁之战,https://zh.wikipedia.org/wiki/%E5%91%A8%E5%AE%A3%E7%8E%8B%E6%94%BB%E7%8E%81%E7%8B%81%E4%B9%8B%E6%88%98,（ 虢季子白盘 ）（金文较多、可信）,可信,前823年－ 周宣王攻????狁之战 （ 虢季子白盘 ）（金文较多、可信）
98,western_zhou,3,西周（前1046年－前771年）,前823年,周宣王攻楚荆之战,https://zh.wikipedia.org/wiki/%E5%91%A8%E5%AE%A3%E7%8E%8B%E6%94%BB%E6%A5%9A%E8%8D%86%E4%B9%8B%E6%88%98,,未分级,前823年－ 周宣王攻楚荆之战
99,western_zhou,3,西周（前1046年－前771年）,前822年,周宣王攻戎之战,https://zh.wikipedia.org/wiki/%E5%91%A8%E5%AE%A3%E7%8E%8B%E6%94%BB%E6%88%8E%E4%B9%8B%E6%88%B0,,未分级,前822年－ 周宣王攻戎之战
100,western_zhou,3,西周（前1046年－前771年）,前822年,周宣王东征之战,https://zh.wikipedia.org/wiki/%E5%91%A8%E5%AE%A3%E7%8E%8B%E6%9D%B1%E5%BE%81%E4%B9%8B%E6%88%B0,,未分级,前822年－ 周宣王东征之战
101,western_zhou,3,西周（前1046年－前771年）,前805年,晋穆侯攻戎之战,https://zh.wikipedia.org/wiki/%E6%99%8B%E7%A9%86%E4%BE%AF%E6%94%BB%E6%88%8E%E4%B9%8B%E6%88%98,前790年,未分级,前805年－前790年－ 晋穆侯攻戎之战
102,western_zhou,3,西周（前1046年－前771年）,前797年,周宣王攻太原戎之战,https://zh.wikipedia.org/wiki/%E5%91%A8%E5%AE%A3%E7%8E%8B%E6%94%BB%E5%A4%AA%E5%8E%9F%E6%88%8E%E4%B9%8B%E6%88%98,,未分级,前797年－ 周宣王攻太原戎之战
103,western_zhou,3,西周（前1046年－前771年）,前796年,周攻鲁之战,https://zh.wikipedia.org/wiki/%E5%91%A8%E6%94%BB%E9%B2%81%E4%B9%8B%E6%88%98,,未分级,前796年－ 周攻鲁之战
104,western_zhou,3,西周（前1046年－前771年）,前792年,周宣王攻条奔戎之战,https://zh.wikipedia.org/wiki/%E5%91%A8%E5%AE%A3%E7%8E%8B%E6%94%BB%E6%9D%A1%E5%A5%94%E6%88%8E%E4%B9%8B%E6%88%98,,未分级,前792年－ 周宣王攻条奔戎之战
105,western_zhou,3,西周（前1046年－前771年）,前790年,晋攻北戎之战,https://zh.wikipedia.org/wiki/%E6%99%8B%E6%94%BB%E5%8C%97%E6%88%8E%E4%B9%8B%E6%88%98,,未分级,前790年－ 晋攻北戎之战
106,western_zhou,3,西周（前1046年－前771年）,前790年,戎攻姜之战,https://zh.wikipedia.org/wiki/%E6%88%8E%E6%94%BB%E5%A7%9C%E4%B9%8B%E6%88%98,,未分级,前790年－ 戎攻姜之战
107,western_zhou,3,西周（前1046年－前771年）,前789年,千亩之战,https://zh.wikipedia.org/wiki/%E5%8D%83%E4%BA%A9%E4%B9%8B%E6%88%98,,未分级,前789年－ 千亩之战
108,western_zhou,3,西周（前1046年－前771年）,前780年,周子多父攻郐之战,https://zh.wikipedia.org/wiki/%E5%91%A8%E5%AD%90%E5%A4%9A%E7%88%B6%E6%94%BB%E9%83%90%E4%B9%8B%E6%88%98,,未分级,前780年－ 周子多父攻郐之战
109,western_zhou,3,西周（前1046年－前771年）,前779年,周攻六济戎之战,https://zh.wikipedia.org/wiki/%E5%91%A8%E6%94%BB%E5%85%AD%E6%B5%8E%E6%88%8E%E4%B9%8B%E6%88%98,,未分级,前779年－ 周攻六济戎之战
110,western_zhou,3,西周（前1046年－前771年）,前771年,犬戎攻周之战,https://zh.wikipedia.org/wiki/%E7%8A%AC%E6%88%8E%E6%94%BB%E5%91%A8%E4%B9%8B%E6%88%B0,姜姓曾国、,未分级,前771年－姜姓曾国、 犬戎攻周之战
111,western_zhou,3,西周（前1046年－前771年）,前771年,晋文侯,https://zh.wikipedia.org/wiki/%E6%99%89%E6%96%87%E4%BE%AF,灭 周携王 的无王时代 宗周 战乱（存疑）,存疑,前771年－ 晋文侯 灭 周携王 的无王时代 宗周 战乱（存疑）
112,spring_autumn,4,春秋时期（前770年－前476年）,年代未详,西周亡 ，春秋时期开始,https://zh.wikipedia.org/wiki/%E4%B8%AD%E5%9B%BD%E6%88%98%E4%BA%89%E5%88%97%E8%A1%A8,,未分级,西周亡 ，春秋时期开始
113,spring_autumn,4,春秋时期（前770年－前476年）,前769年,郑灭郐之战,https://zh.wikipedia.org/wiki/%E9%83%91%E7%81%AD%E9%83%90%E4%B9%8B%E6%88%98,,未分级,前769年－ 郑灭郐之战
114,spring_autumn,4,春秋时期（前770年－前476年）,前767年,郑灭虢之战,https://zh.wikipedia.org/wiki/%E9%83%91%E7%81%AD%E8%99%A2%E4%B9%8B%E6%88%98,,未分级,前767年－ 郑灭虢之战
115,spring_autumn,4,春秋时期（前770年－前476年）,前824年,秦灭戎之战,https://zh.wikipedia.org/wiki/%E7%A7%A6%E6%BB%85%E6%88%8E%E4%B9%8B%E6%88%B0,前621年－  前766年－ 秦攻犬戎之战 前750年－ 秦攻戎之战,未分级,前824年－前621年－ 秦灭戎之战 前766年－ 秦攻犬戎之战 前750年－ 秦攻戎之战
116,spring_autumn,4,春秋时期（前770年－前476年）,前766年,秦攻犬戎之战,https://zh.wikipedia.org/wiki/%E7%A7%A6%E6%94%BB%E7%8A%AC%E6%88%8E%E4%B9%8B%E6%88%98,,未分级,前766年－ 秦攻犬戎之战
117,spring_autumn,4,春秋时期（前770年－前476年）,前750年,秦攻戎之战,https://zh.wikipedia.org/wiki/%E7%A7%A6%E6%94%BB%E6%88%8E%E4%B9%8B%E6%88%98,,未分级,前750年－ 秦攻戎之战
118,spring_autumn,4,春秋时期（前770年－前476年）,前739年,桓叔之战,https://zh.wikipedia.org/wiki/%E6%A1%93%E5%8F%94%E4%B9%8B%E6%88%B0,,未分级,前739年－ 桓叔之战
119,spring_autumn,4,春秋时期（前770年－前476年）,前722年,共叔段之乱,https://zh.wikipedia.org/wiki/%E5%85%B1%E5%8F%94%E6%AE%B5%E4%B9%8B%E4%BA%82,,未分级,前722年－ 共叔段之乱
120,spring_autumn,4,春秋时期（前770年－前476年）,前722年,纪攻夷之战,https://zh.wikipedia.org/wiki/%E7%BA%AA%E6%94%BB%E5%A4%B7%E4%B9%8B%E6%88%98,,未分级,前722年－ 纪攻夷之战
121,spring_autumn,4,春秋时期（前770年－前476年）,前721年,莒攻向之战,https://zh.wikipedia.org/wiki/%E8%8E%92%E6%94%BB%E5%90%91%E4%B9%8B%E6%88%98,,未分级,前721年－ 莒攻向之战
122,spring_autumn,4,春秋时期（前770年－前476年）,前721年,鲁灭极之战,https://zh.wikipedia.org/wiki/%E9%B2%81%E7%81%AD%E6%9E%81%E4%B9%8B%E6%88%98,,未分级,前721年－ 鲁灭极之战
123,spring_autumn,4,春秋时期（前770年－前476年）,前720年,郑攻周之战,https://zh.wikipedia.org/wiki/%E5%91%A8%E9%84%AD%E4%BA%A4%E6%83%A1,,未分级,前720年－ 郑攻周之战
124,spring_autumn,4,春秋时期（前770年－前476年）,前719年,东门之战,https://zh.wikipedia.org/wiki/%E4%B8%9C%E9%97%A8%E4%B9%8B%E6%88%98,,未分级,前719年－ 东门之战
125,spring_autumn,4,春秋时期（前770年－前476年）,前719年,莒攻杞之战,https://zh.wikipedia.org/wiki/%E8%8E%92%E6%94%BB%E6%9D%9E%E4%B9%8B%E6%88%98,,未分级,前719年－ 莒攻杞之战
126,spring_autumn,4,春秋时期（前770年－前476年）,前718年,制北之战,https://zh.wikipedia.org/wiki/%E5%88%B6%E5%8C%97%E4%B9%8B%E6%88%98,,未分级,前718年－ 制北之战
127,spring_autumn,4,春秋时期（前770年－前476年）,前718年,长葛之战,https://zh.wikipedia.org/wiki/%E9%95%BF%E8%91%9B%E4%B9%8B%E6%88%98,,未分级,前718年－ 长葛之战
128,spring_autumn,4,春秋时期（前770年－前476年）,前718年,晋庄伯攻翼之战,https://zh.wikipedia.org/wiki/%E6%99%8B%E5%BA%84%E4%BC%AF%E6%94%BB%E7%BF%BC%E4%B9%8B%E6%88%98,,未分级,前718年－ 晋庄伯攻翼之战
129,spring_autumn,4,春秋时期（前770年－前476年）,前718年,卫攻郕之战,https://zh.wikipedia.org/wiki/%E5%8D%AB%E6%94%BB%E9%83%95%E4%B9%8B%E6%88%98,,未分级,前718年－ 卫攻郕之战
130,spring_autumn,4,春秋时期（前770年－前476年）,前716年,戎袭周使凡伯之战,https://zh.wikipedia.org/wiki/%E6%88%8E%E8%A2%AD%E5%91%A8%E4%BD%BF%E5%87%A1%E4%BC%AF%E4%B9%8B%E6%88%98,,未分级,前716年－ 戎袭周使凡伯之战
131,spring_autumn,4,春秋时期（前770年－前476年）,前716年,郑攻陈之战,https://zh.wikipedia.org/wiki/%E9%83%91%E6%94%BB%E9%99%88%E4%B9%8B%E6%88%98,,未分级,前716年－ 郑攻陈之战
132,spring_autumn,4,春秋时期（前770年－前476年）,前714年,郑抗北戎之战,https://zh.wikipedia.org/wiki/%E9%83%91%E6%8A%97%E5%8C%97%E6%88%8E%E4%B9%8B%E6%88%98,,未分级,前714年－ 郑抗北戎之战
133,spring_autumn,4,春秋时期（前770年－前476年）,前713年,秦灭荡社之战,https://zh.wikipedia.org/wiki/%E7%A7%A6%E7%81%AD%E8%8D%A1%E7%A4%BE%E4%B9%8B%E6%88%98,,未分级,前713年－ 秦灭荡社之战
134,spring_autumn,4,春秋时期（前770年－前476年）,前713年,卫戴之战,https://zh.wikipedia.org/wiki/%E5%8D%AB%E6%88%B4%E4%B9%8B%E6%88%98,,未分级,前713年－ 卫戴之战
135,spring_autumn,4,春秋时期（前770年－前476年）,前712年,郑鲁齐三国攻许之战,https://zh.wikipedia.org/wiki/%E9%84%AD%E9%AD%AF%E9%BD%8A%E4%B8%89%E5%9C%8B%E6%94%BB%E8%A8%B1%E4%B9%8B%E6%88%B0,,未分级,前712年－ 郑鲁齐三国攻许之战
136,spring_autumn,4,春秋时期（前770年－前476年）,前712年,息竞之战,https://zh.wikipedia.org/wiki/%E6%81%AF%E7%AB%9E%E4%B9%8B%E6%88%98,,未分级,前712年－ 息竞之战
137,spring_autumn,4,春秋时期（前770年－前476年）,前712年,郑伯攻宋之战,https://zh.wikipedia.org/wiki/%E9%83%91%E4%BC%AF%E6%94%BB%E5%AE%8B%E4%B9%8B%E6%88%98,,未分级,前712年－ 郑伯攻宋之战
138,spring_autumn,4,春秋时期（前770年－前476年）,前711年,鲁攻杞之战,https://zh.wikipedia.org/wiki/%E9%B2%81%E6%94%BB%E6%9D%9E%E4%B9%8B%E6%88%98,,未分级,前711年－ 鲁攻杞之战
139,spring_autumn,4,春秋时期（前770年－前476年）,前709年,汾隰之战,https://zh.wikipedia.org/wiki/%E6%B1%BE%E9%9A%B0%E4%B9%8B%E6%88%98,,未分级,前709年－ 汾隰之战
140,spring_autumn,4,春秋时期（前770年－前476年）,前707年,????葛之战,https://zh.wikipedia.org/wiki/%E7%B9%BB%E8%91%9B%E4%B9%8B%E6%88%98,,未分级,前707年－ ????葛之战
141,spring_autumn,4,春秋时期（前770年－前476年）,前706年,北戎攻齐之战,https://zh.wikipedia.org/wiki/%E5%8C%97%E6%88%8E%E6%94%BB%E9%BD%90%E4%B9%8B%E6%88%98,,未分级,前706年－ 北戎攻齐之战
142,spring_autumn,4,春秋时期（前770年－前476年）,前705年,郑攻盟、向之战,https://zh.wikipedia.org/wiki/%E9%83%91%E6%94%BB%E7%9B%9F%E3%80%81%E5%90%91%E4%B9%8B%E6%88%98,,未分级,前705年－ 郑攻盟、向之战
143,spring_autumn,4,春秋时期（前770年－前476年）,前704年,楚、随速杞之战,https://zh.wikipedia.org/wiki/%E9%80%9F%E6%9D%9E%E4%B9%8B%E6%88%B0,,未分级,前704年－ 楚、随速杞之战
144,spring_autumn,4,春秋时期（前770年－前476年）,前704年,秦攻荡氏之战,https://zh.wikipedia.org/wiki/%E7%A7%A6%E6%94%BB%E8%8D%A1%E6%B0%8F%E4%B9%8B%E6%88%98,,未分级,前704年－ 秦攻荡氏之战
145,spring_autumn,4,春秋时期（前770年－前476年）,前704年,曲沃灭翼之战,https://zh.wikipedia.org/wiki/%E6%9B%B2%E6%B2%83%E7%81%AD%E7%BF%BC%E4%B9%8B%E6%88%98,,未分级,前704年－ 曲沃灭翼之战
146,spring_autumn,4,春秋时期（前770年－前476年）,前704年,周攻曲沃之战,https://zh.wikipedia.org/wiki/%E5%91%A8%E6%94%BB%E6%9B%B2%E6%B2%83%E4%B9%8B%E6%88%98,,未分级,前704年－ 周攻曲沃之战
147,spring_autumn,4,春秋时期（前770年－前476年）,前703年,楚、巴攻邓、鄾之战,https://zh.wikipedia.org/wiki/%E6%A5%9A%E3%80%81%E5%B7%B4%E6%94%BB%E9%82%93%E3%80%81%E9%84%BE%E4%B9%8B%E6%88%98,,未分级,前703年－ 楚、巴攻邓、鄾之战
148,spring_autumn,4,春秋时期（前770年－前476年）,前702年,齐、卫、郑联合攻鲁之战,https://zh.wikipedia.org/wiki/%E9%BD%90%E3%80%81%E5%8D%AB%E3%80%81%E9%83%91%E8%81%94%E5%90%88%E6%94%BB%E9%B2%81%E4%B9%8B%E6%88%98,,未分级,前702年－ 齐、卫、郑联合攻鲁之战
149,spring_autumn,4,春秋时期（前770年－前476年）,前702年,詹父攻虢公之战,https://zh.wikipedia.org/wiki/%E8%A9%B9%E7%88%B6%E6%94%BB%E8%99%A2%E5%85%AC%E4%B9%8B%E6%88%98,,未分级,前702年－ 詹父攻虢公之战
150,spring_autumn,4,春秋时期（前770年－前476年）,前702年,虞叔攻虞公之战,https://zh.wikipedia.org/wiki/%E8%99%9E%E5%8F%94%E6%94%BB%E8%99%9E%E5%85%AC%E4%B9%8B%E6%88%98,,未分级,前702年－ 虞叔攻虞公之战
151,spring_autumn,4,春秋时期（前770年－前476年）,前701年,蒲骚之战,https://zh.wikipedia.org/wiki/%E8%92%B2%E9%AA%9A%E4%B9%8B%E6%88%98,,未分级,前701年－ 蒲骚之战
152,spring_autumn,4,春秋时期（前770年－前476年）,前700年,楚攻绞之战,https://zh.wikipedia.org/wiki/%E6%A5%9A%E6%94%BB%E7%BB%9E%E4%B9%8B%E6%88%98,,未分级,前700年－ 楚攻绞之战
153,spring_autumn,4,春秋时期（前770年－前476年）,前700年,鲁联郑攻宋之战,https://zh.wikipedia.org/wiki/%E9%B2%81%E8%81%94%E9%83%91%E6%94%BB%E5%AE%8B%E4%B9%8B%E6%88%98,,未分级,前700年－ 鲁联郑攻宋之战
154,spring_autumn,4,春秋时期（前770年－前476年）,前699年,楚攻罗之战,https://zh.wikipedia.org/wiki/%E6%A5%9A%E6%94%BB%E7%BD%97%E4%B9%8B%E6%88%98,,未分级,前699年－ 楚攻罗之战
155,spring_autumn,4,春秋时期（前770年－前476年）,前699年,郑、宋纪之战,https://zh.wikipedia.org/wiki/%E9%83%91%E3%80%81%E5%AE%8B%E7%BA%AA%E4%B9%8B%E6%88%98,,未分级,前699年－ 郑、宋纪之战
156,spring_autumn,4,春秋时期（前770年－前476年）,前698年,牛首之战,https://zh.wikipedia.org/wiki/%E7%89%9B%E9%A6%96%E4%B9%8B%E6%88%98,,未分级,前698年－ 牛首之战
157,spring_autumn,4,春秋时期（前770年－前476年）,前697年,郑厉公复位之战,https://zh.wikipedia.org/wiki/%E9%83%91%E5%8E%89%E5%85%AC%E5%A4%8D%E4%BD%8D%E4%B9%8B%E6%88%98,,未分级,前697年－ 郑厉公复位之战
158,spring_autumn,4,春秋时期（前770年－前476年）,前697年,秦攻彭戏氏之战,https://zh.wikipedia.org/wiki/%E7%A7%A6%E6%94%BB%E5%BD%AD%E6%88%8F%E6%B0%8F%E4%B9%8B%E6%88%98,,未分级,前697年－ 秦攻彭戏氏之战
159,spring_autumn,4,春秋时期（前770年－前476年）,前695年,鲁奚之战,https://zh.wikipedia.org/wiki/%E9%B2%81%E5%A5%9A%E4%B9%8B%E6%88%98,,未分级,前695年－ 鲁奚之战
160,spring_autumn,4,春秋时期（前770年－前476年）,前695年,鲁、宋攻邾之战,https://zh.wikipedia.org/wiki/%E9%B2%81%E3%80%81%E5%AE%8B%E6%94%BB%E9%82%BE%E4%B9%8B%E6%88%98,,未分级,前695年－ 鲁、宋攻邾之战
161,spring_autumn,4,春秋时期（前770年－前476年）,前693年,齐灭纪之战,https://zh.wikipedia.org/wiki/%E9%BD%90%E7%81%AD%E7%BA%AA%E4%B9%8B%E6%88%98,,未分级,前693年－ 齐灭纪之战
162,spring_autumn,4,春秋时期（前770年－前476年）,前692年,鲁攻余于丘之战,https://zh.wikipedia.org/wiki/%E9%B2%81%E6%94%BB%E4%BD%99%E4%BA%8E%E4%B8%98%E4%B9%8B%E6%88%98,,未分级,前692年－ 鲁攻余于丘之战
163,spring_autumn,4,春秋时期（前770年－前476年）,前691年,鲁攻卫之战,https://zh.wikipedia.org/wiki/%E9%B2%81%E6%94%BB%E5%8D%AB%E4%B9%8B%E6%88%98,,未分级,前691年－ 鲁攻卫之战
164,spring_autumn,4,春秋时期（前770年－前476年）,前690年,楚攻随之战,https://zh.wikipedia.org/wiki/%E6%A5%9A%E6%94%BB%E9%9A%8F%E4%B9%8B%E6%88%98,,未分级,前690年－ 楚攻随之战
165,spring_autumn,4,春秋时期（前770年－前476年）,前688年,楚攻申、邓之战,https://zh.wikipedia.org/wiki/%E6%A5%9A%E6%94%BB%E7%94%B3%E3%80%81%E9%82%93%E4%B9%8B%E6%88%98,,未分级,前688年－ 楚攻申、邓之战
166,spring_autumn,4,春秋时期（前770年－前476年）,前688年,秦灭邽、冀之战,https://zh.wikipedia.org/wiki/%E7%A7%A6%E7%81%AD%E9%82%BD%E3%80%81%E5%86%80%E4%B9%8B%E6%88%98,,未分级,前688年－ 秦灭邽、冀之战
167,spring_autumn,4,春秋时期（前770年－前476年）,前688年,卫惠公争国之战,https://zh.wikipedia.org/wiki/%E5%8D%AB%E6%83%A0%E5%85%AC%E4%BA%89%E5%9B%BD%E4%B9%8B%E6%88%98,,未分级,前688年－ 卫惠公争国之战
168,spring_autumn,4,春秋时期（前770年－前476年）,前687年,秦灭小虢之战,https://zh.wikipedia.org/wiki/%E7%A7%A6%E7%81%AD%E5%B0%8F%E8%99%A2%E4%B9%8B%E6%88%98,,未分级,前687年－ 秦灭小虢之战
169,spring_autumn,4,春秋时期（前770年－前476年）,前686年,鲁围郕之战,https://zh.wikipedia.org/wiki/%E9%B2%81%E5%9B%B4%E9%83%95%E4%B9%8B%E6%88%98,,未分级,前686年－ 鲁围郕之战
170,spring_autumn,4,春秋时期（前770年－前476年）,前685年,齐鲁干时之战,https://zh.wikipedia.org/wiki/%E4%B9%BE%E6%99%82%E4%B9%8B%E6%88%B0,,未分级,前685年－ 齐鲁干时之战
171,spring_autumn,4,春秋时期（前770年－前476年）,前684年,齐鲁长勺之战,https://zh.wikipedia.org/wiki/%E9%95%BF%E5%8B%BA%E4%B9%8B%E6%88%98,,未分级,前684年－ 齐鲁长勺之战
172,spring_autumn,4,春秋时期（前770年－前476年）,前684年,蔡莘之战,https://zh.wikipedia.org/wiki/%E8%94%A1%E8%8E%98%E4%B9%8B%E6%88%98,,未分级,前684年－ 蔡莘之战
173,spring_autumn,4,春秋时期（前770年－前476年）,前684年,鲁乘丘之战,https://zh.wikipedia.org/wiki/%E9%B2%81%E4%B9%98%E4%B8%98%E4%B9%8B%E6%88%98,,未分级,前684年－ 鲁乘丘之战
174,spring_autumn,4,春秋时期（前770年－前476年）,前684年,齐灭谭之战,https://zh.wikipedia.org/wiki/%E9%BD%8A%E6%BB%85%E8%AD%9A%E4%B9%8B%E6%88%B0,,未分级,前684年－ 齐灭谭之战
175,spring_autumn,4,春秋时期（前770年－前476年）,前683年,鲁鄑之战,https://zh.wikipedia.org/wiki/%E9%B2%81%E9%84%91%E4%B9%8B%E6%88%98,,未分级,前683年－ 鲁鄑之战
176,spring_autumn,4,春秋时期（前770年－前476年）,前682年,南宫长万叛宋之战,https://zh.wikipedia.org/wiki/%E5%8D%97%E5%AE%AB%E9%95%BF%E4%B8%87%E5%8F%9B%E5%AE%8B%E4%B9%8B%E6%88%98,,未分级,前682年－ 南宫长万叛宋之战
177,spring_autumn,4,春秋时期（前770年－前476年）,前681年,齐灭遂之战,https://zh.wikipedia.org/wiki/%E9%BD%90%E7%81%AD%E9%81%82%E4%B9%8B%E6%88%98,,未分级,前681年－ 齐灭遂之战
178,spring_autumn,4,春秋时期（前770年－前476年）,前680年,齐攻宋之战,https://zh.wikipedia.org/wiki/%E9%BD%90%E6%94%BB%E5%AE%8B%E4%B9%8B%E6%88%98,,未分级,前680年－ 齐攻宋之战
179,spring_autumn,4,春秋时期（前770年－前476年）,前680年,楚灭息、攻蔡之战,https://zh.wikipedia.org/wiki/%E6%A5%9A%E7%81%AD%E6%81%AF%E3%80%81%E6%94%BB%E8%94%A1%E4%B9%8B%E6%88%98,,未分级,前680年－ 楚灭息、攻蔡之战
180,spring_autumn,4,春秋时期（前770年－前476年）,前679年,曲沃灭晋之战,https://zh.wikipedia.org/wiki/%E6%9B%B2%E6%B2%83%E7%81%AD%E6%99%8B%E4%B9%8B%E6%88%98,,未分级,前679年－ 曲沃灭晋之战
181,spring_autumn,4,春秋时期（前770年－前476年）,前679年,宋攻郳、郑之战,https://zh.wikipedia.org/wiki/%E5%AE%8B%E6%94%BB%E9%83%B3%E3%80%81%E9%83%91%E4%B9%8B%E6%88%98,,未分级,前679年－ 宋攻郳、郑之战
182,spring_autumn,4,春秋时期（前770年－前476年）,前678年,楚灭邓之战,https://zh.wikipedia.org/wiki/%E6%A5%9A%E7%81%AD%E9%82%93%E4%B9%8B%E6%88%98,,未分级,前678年－ 楚灭邓之战
183,spring_autumn,4,春秋时期（前770年－前476年）,前678年,宋与诸侯攻郑之战,https://zh.wikipedia.org/wiki/%E5%AE%8B%E4%B8%8E%E8%AF%B8%E4%BE%AF%E6%94%BB%E9%83%91%E4%B9%8B%E6%88%98,,未分级,前678年－ 宋与诸侯攻郑之战
184,spring_autumn,4,春秋时期（前770年－前476年）,前678年,楚攻郑之战,https://zh.wikipedia.org/wiki/%E6%A5%9A%E6%94%BB%E9%83%91%E4%B9%8B%E6%88%98,,未分级,前678年－ 楚攻郑之战
185,spring_autumn,4,春秋时期（前770年－前476年）,前676年,巴那处之战,https://zh.wikipedia.org/wiki/%E5%B7%B4%E9%82%A3%E5%A4%84%E4%B9%8B%E6%88%98,,未分级,前676年－ 巴那处之战
186,spring_autumn,4,春秋时期（前770年－前476年）,前675年,周王子颓之乱之战,https://zh.wikipedia.org/wiki/%E7%8E%8B%E5%AD%90%E9%A2%93%E4%B9%8B%E4%B9%B1,,未分级,前675年－ 周王子颓之乱之战
187,spring_autumn,4,春秋时期（前770年－前476年）,前675年,齐攻鲁边境之战,https://zh.wikipedia.org/wiki/%E9%BD%90%E6%94%BB%E9%B2%81%E8%BE%B9%E5%A2%83%E4%B9%8B%E6%88%98,,未分级,前675年－ 齐攻鲁边境之战
188,spring_autumn,4,春秋时期（前770年－前476年）,前672年,晋攻骊戎之战,https://zh.wikipedia.org/wiki/%E6%99%8B%E6%94%BB%E9%AA%8A%E6%88%8E%E4%B9%8B%E6%88%98,,未分级,前672年－ 晋攻骊戎之战
189,spring_autumn,4,春秋时期（前770年－前476年）,前672年,河阳之战,https://zh.wikipedia.org/wiki/%E6%B2%B3%E9%98%B3%E4%B9%8B%E6%88%98,,未分级,前672年－ 河阳之战
190,spring_autumn,4,春秋时期（前770年－前476年）,前670年,戎攻曹之战,https://zh.wikipedia.org/wiki/%E6%88%8E%E6%94%BB%E6%9B%B9%E4%B9%8B%E6%88%98,,未分级,前670年－ 戎攻曹之战
191,spring_autumn,4,春秋时期（前770年－前476年）,前666年,齐攻卫之战,https://zh.wikipedia.org/wiki/%E9%BD%90%E6%94%BB%E5%8D%AB%E4%B9%8B%E6%88%98,,未分级,前666年－ 齐攻卫之战
192,spring_autumn,4,春秋时期（前770年－前476年）,前666年,楚攻郑之战,https://zh.wikipedia.org/wiki/%E6%A5%9A%E6%94%BB%E9%83%91%E4%B9%8B%E6%88%98,,未分级,前666年－ 楚攻郑之战
193,spring_autumn,4,春秋时期（前770年－前476年）,前665年,郑攻许之战,https://zh.wikipedia.org/wiki/%E9%83%91%E6%94%BB%E8%AE%B8%E4%B9%8B%E6%88%98,,未分级,前665年－ 郑攻许之战
194,spring_autumn,4,春秋时期（前770年－前476年）,前664年,齐攻山戎救燕之战,https://zh.wikipedia.org/wiki/%E9%BD%90%E6%94%BB%E5%B1%B1%E6%88%8E%E6%95%91%E7%87%95%E4%B9%8B%E6%88%98,,未分级,前664年－ 齐攻山戎救燕之战
195,spring_autumn,4,春秋时期（前770年－前476年）,前661年,狄攻邢之战,https://zh.wikipedia.org/wiki/%E7%8B%84%E6%94%BB%E9%82%A2%E4%B9%8B%E6%88%98,,未分级,前661年－ 狄攻邢之战
196,spring_autumn,4,春秋时期（前770年－前476年）,前661年,晋灭耿、霍、魏之战,https://zh.wikipedia.org/wiki/%E6%99%8B%E7%81%AD%E8%80%BF%E3%80%81%E9%9C%8D%E3%80%81%E9%AD%8F%E4%B9%8B%E6%88%98,,未分级,前661年－ 晋灭耿、霍、魏之战
197,spring_autumn,4,春秋时期（前770年－前476年）,前660年,荧泽之战,https://zh.wikipedia.org/wiki/%E8%8D%A7%E6%B3%BD%E4%B9%8B%E6%88%98,,未分级,前660年－ 荧泽之战
198,spring_autumn,4,春秋时期（前770年－前476年）,前660年,申生攻山皋氏之戎之战,https://zh.wikipedia.org/wiki/%E7%94%B3%E7%94%9F%E6%94%BB%E5%B1%B1%E7%9A%8B%E6%B0%8F%E4%B9%8B%E6%88%8E%E4%B9%8B%E6%88%98,,未分级,前660年－ 申生攻山皋氏之戎之战
199,spring_autumn,4,春秋时期（前770年－前476年）,前660年,虢公攻犬戎之战,https://zh.wikipedia.org/wiki/%E8%99%A2%E5%85%AC%E6%94%BB%E7%8A%AC%E6%88%8E%E4%B9%8B%E6%88%98,,未分级,前660年－ 虢公攻犬戎之战
200,spring_autumn,4,春秋时期（前770年－前476年）,前659年,狄攻邢之战,https://zh.wikipedia.org/wiki/%E7%8B%84%E6%94%BB%E9%82%A2%E4%B9%8B%E6%88%98,,未分级,前659年－ 狄攻邢之战
201,spring_autumn,4,春秋时期（前770年－前476年）,前659年,鲁败邾于偃之战,https://zh.wikipedia.org/wiki/%E9%B2%81%E8%B4%A5%E9%82%BE%E4%BA%8E%E5%81%83%E4%B9%8B%E6%88%98,,未分级,前659年－ 鲁败邾于偃之战
202,spring_autumn,4,春秋时期（前770年－前476年）,前659年,莒骊之战,https://zh.wikipedia.org/wiki/%E9%A9%AA%E4%B9%8B%E6%88%B0,,未分级,前659年－ 莒骊之战
203,spring_autumn,4,春秋时期（前770年－前476年）,前659年,楚攻郑、齐救郑之战,https://zh.wikipedia.org/wiki/%E6%A5%9A%E6%94%BB%E9%83%91%E3%80%81%E9%BD%90%E6%95%91%E9%83%91%E4%B9%8B%E6%88%98,,未分级,前659年－ 楚攻郑、齐救郑之战
204,spring_autumn,4,春秋时期（前770年－前476年）,前658年,楚攻郑俘郑聃之战,https://zh.wikipedia.org/wiki/%E6%A5%9A%E6%94%BB%E9%83%91%E4%BF%98%E9%83%91%E8%81%83%E4%B9%8B%E6%88%98,,未分级,前658年－ 楚攻郑俘郑聃之战
205,spring_autumn,4,春秋时期（前770年－前476年）,前658年,虢攻戎之战,https://zh.wikipedia.org/wiki/%E8%99%A2%E6%94%BB%E6%88%8E%E4%B9%8B%E6%88%98,,未分级,前658年－ 虢攻戎之战
206,spring_autumn,4,春秋时期（前770年－前476年）,前657年,徐人取舒之战,https://zh.wikipedia.org/wiki/%E5%BE%90%E4%BA%BA%E5%8F%96%E8%88%92%E4%B9%8B%E6%88%98,,未分级,前657年－ 徐人取舒之战
207,spring_autumn,4,春秋时期（前770年－前476年）,前657年,楚攻郑之战,https://zh.wikipedia.org/wiki/%E6%A5%9A%E6%94%BB%E9%83%91%E4%B9%8B%E6%88%98,,未分级,前657年－ 楚攻郑之战
208,spring_autumn,4,春秋时期（前770年－前476年）,前656年,齐、楚召陵之盟之战,https://zh.wikipedia.org/wiki/%E9%BD%90%E3%80%81%E6%A5%9A%E5%8F%AC%E9%99%B5%E4%B9%8B%E7%9B%9F%E4%B9%8B%E6%88%98,,未分级,前656年－ 齐、楚召陵之盟之战
209,spring_autumn,4,春秋时期（前770年－前476年）,前656年,齐、鲁等国攻陈之战,https://zh.wikipedia.org/wiki/%E9%BD%90%E3%80%81%E9%B2%81%E7%AD%89%E5%9B%BD%E6%94%BB%E9%99%88%E4%B9%8B%E6%88%98,,未分级,前656年－ 齐、鲁等国攻陈之战
210,spring_autumn,4,春秋时期（前770年－前476年）,前655年,晋假途灭虢之战,https://zh.wikipedia.org/wiki/%E6%99%8B%E5%81%87%E9%80%94%E7%81%AD%E8%99%A2%E4%B9%8B%E6%88%98,,未分级,前655年－ 晋假途灭虢之战
211,spring_autumn,4,春秋时期（前770年－前476年）,前655年,楚灭弦之战,https://zh.wikipedia.org/wiki/%E6%A5%9A%E7%81%AD%E5%BC%A6%E4%B9%8B%E6%88%98,,未分级,前655年－ 楚灭弦之战
212,spring_autumn,4,春秋时期（前770年－前476年）,前654年,新城之战,https://zh.wikipedia.org/wiki/%E6%96%B0%E5%9F%8E%E4%B9%8B%E6%88%98,,未分级,前654年－ 新城之战
213,spring_autumn,4,春秋时期（前770年－前476年）,前654年,晋攻屈之战,https://zh.wikipedia.org/wiki/%E6%99%8B%E6%94%BB%E5%B1%88%E4%B9%8B%E6%88%98,,未分级,前654年－ 晋攻屈之战
214,spring_autumn,4,春秋时期（前770年－前476年）,前653年,齐攻郑盟于宁母之战,https://zh.wikipedia.org/wiki/%E9%BD%90%E6%94%BB%E9%83%91%E7%9B%9F%E4%BA%8E%E5%AE%81%E6%AF%8D%E4%B9%8B%E6%88%98,,未分级,前653年－ 齐攻郑盟于宁母之战
215,spring_autumn,4,春秋时期（前770年－前476年）,前652年,狄攻晋败于采桑之战,https://zh.wikipedia.org/wiki/%E7%8B%84%E6%94%BB%E6%99%8B%E8%B4%A5%E4%BA%8E%E9%87%87%E6%A1%91%E4%B9%8B%E6%88%98,,未分级,前652年－ 狄攻晋败于采桑之战
216,spring_autumn,4,春秋时期（前770年－前476年）,前650年,狄灭温之战,https://zh.wikipedia.org/wiki/%E7%8B%84%E7%81%AD%E6%B8%A9%E4%B9%8B%E6%88%98,,未分级,前650年－ 狄灭温之战
217,spring_autumn,4,春秋时期（前770年－前476年）,前650年,齐、许攻北戎之战,https://zh.wikipedia.org/wiki/%E9%BD%90%E3%80%81%E8%AE%B8%E6%94%BB%E5%8C%97%E6%88%8E%E4%B9%8B%E6%88%98,,未分级,前650年－ 齐、许攻北戎之战
218,spring_autumn,4,春秋时期（前770年－前476年）,前649年,诸戎攻周之战,https://zh.wikipedia.org/wiki/%E8%AF%B8%E6%88%8E%E6%94%BB%E5%91%A8%E4%B9%8B%E6%88%98,,未分级,前649年－ 诸戎攻周之战
219,spring_autumn,4,春秋时期（前770年－前476年）,前648年,楚灭黄之战,https://zh.wikipedia.org/wiki/%E6%A5%9A%E7%81%AD%E9%BB%84%E4%B9%8B%E6%88%98,,未分级,前648年－ 楚灭黄之战
220,spring_autumn,4,春秋时期（前770年－前476年）,前646年,狄攻郑之战,https://zh.wikipedia.org/wiki/%E7%8B%84%E6%94%BB%E9%83%91%E4%B9%8B%E6%88%98,,未分级,前646年－ 狄攻郑之战
221,spring_autumn,4,春秋时期（前770年－前476年）,前646年,楚灭英、六之战,https://zh.wikipedia.org/wiki/%E6%A5%9A%E7%81%AD%E8%8B%B1%E3%80%81%E5%85%AD%E4%B9%8B%E6%88%98,,未分级,前646年－ 楚灭英、六之战
222,spring_autumn,4,春秋时期（前770年－前476年）,前645年,韩原之战,https://zh.wikipedia.org/wiki/%E9%9F%A9%E5%8E%9F%E4%B9%8B%E6%88%98,,未分级,前645年－ 韩原之战
223,spring_autumn,4,春秋时期（前770年－前476年）,前645年,娄林之战,https://zh.wikipedia.org/wiki/%E5%A8%84%E6%9E%97%E4%B9%8B%E6%88%98,,未分级,前645年－ 娄林之战
224,spring_autumn,4,春秋时期（前770年－前476年）,前644年,戎攻周齐与诸侯戍周之战,https://zh.wikipedia.org/wiki/%E6%88%8E%E6%94%BB%E5%91%A8%E9%BD%90%E4%B8%8E%E8%AF%B8%E4%BE%AF%E6%88%8D%E5%91%A8%E4%B9%8B%E6%88%98,,未分级,前644年－ 戎攻周齐与诸侯戍周之战
225,spring_autumn,4,春秋时期（前770年－前476年）,前643年,齐攻英氏之战,https://zh.wikipedia.org/wiki/%E9%BD%90%E6%94%BB%E8%8B%B1%E6%B0%8F%E4%B9%8B%E6%88%98,,未分级,前643年－ 齐攻英氏之战
226,spring_autumn,4,春秋时期（前770年－前476年）,前643年,鲁灭项之战,https://zh.wikipedia.org/wiki/%E9%B2%81%E7%81%AD%E9%A1%B9%E4%B9%8B%E6%88%98,,未分级,前643年－ 鲁灭项之战
227,spring_autumn,4,春秋时期（前770年－前476年）,前642年,宋攻齐之战,https://zh.wikipedia.org/wiki/%E5%AE%8B%E6%94%BB%E9%BD%90%E4%B9%8B%E6%88%98,,未分级,前642年－ 宋攻齐之战
228,spring_autumn,4,春秋时期（前770年－前476年）,前642年,狄攻晋之战,https://zh.wikipedia.org/wiki/%E7%8B%84%E6%94%BB%E6%99%8B%E4%B9%8B%E6%88%98,,未分级,前642年－ 狄攻晋之战
229,spring_autumn,4,春秋时期（前770年－前476年）,前642年,訾娄之战,https://zh.wikipedia.org/wiki/%E8%A8%BE%E5%A8%84%E4%B9%8B%E6%88%98,,未分级,前642年－ 訾娄之战
230,spring_autumn,4,春秋时期（前770年－前476年）,前641年,秦灭梁之战,https://zh.wikipedia.org/wiki/%E7%A7%A6%E7%81%AD%E6%A2%81%E4%B9%8B%E6%88%98,,未分级,前641年－ 秦灭梁之战
231,spring_autumn,4,春秋时期（前770年－前476年）,前641年,卫攻邢之战,https://zh.wikipedia.org/wiki/%E5%8D%AB%E6%94%BB%E9%82%A2%E4%B9%8B%E6%88%98,,未分级,前641年－ 卫攻邢之战
232,spring_autumn,4,春秋时期（前770年－前476年）,前641年,宋围曹之战,https://zh.wikipedia.org/wiki/%E5%AE%8B%E5%9B%B4%E6%9B%B9%E4%B9%8B%E6%88%98,,未分级,前641年－ 宋围曹之战
233,spring_autumn,4,春秋时期（前770年－前476年）,前640年,郑入滑之战,https://zh.wikipedia.org/wiki/%E9%83%91%E5%85%A5%E6%BB%91%E4%B9%8B%E6%88%98,,未分级,前640年－ 郑入滑之战
234,spring_autumn,4,春秋时期（前770年－前476年）,前640年,楚攻随之战,https://zh.wikipedia.org/wiki/%E6%A5%9A%E6%94%BB%E9%9A%8F%E4%B9%8B%E6%88%98,,未分级,前640年－ 楚攻随之战
235,spring_autumn,4,春秋时期（前770年－前476年）,前639年,楚攻宋之战,https://zh.wikipedia.org/wiki/%E7%9B%82%E4%B9%8B%E6%88%98,,未分级,前639年－ 楚攻宋之战
236,spring_autumn,4,春秋时期（前770年－前476年）,前639年,狄攻卫之战,https://zh.wikipedia.org/wiki/%E7%8B%84%E6%94%BB%E5%8D%AB%E4%B9%8B%E6%88%98,,未分级,前639年－ 狄攻卫之战
237,spring_autumn,4,春秋时期（前770年－前476年）,前638年,泓水之战,https://zh.wikipedia.org/wiki/%E6%B3%93%E6%B0%B4%E4%B9%8B%E6%88%98,,未分级,前638年－ 泓水之战
238,spring_autumn,4,春秋时期（前770年－前476年）,前638年,升陉之战,https://zh.wikipedia.org/wiki/%E5%8D%87%E9%99%89%E4%B9%8B%E6%88%98,,未分级,前638年－ 升陉之战
239,spring_autumn,4,春秋时期（前770年－前476年）,前637年,齐攻宋围缗之战,https://zh.wikipedia.org/wiki/%E9%BD%90%E6%94%BB%E5%AE%8B%E5%9B%B4%E7%BC%97%E4%B9%8B%E6%88%98,,未分级,前637年－ 齐攻宋围缗之战
240,spring_autumn,4,春秋时期（前770年－前476年）,前637年,楚攻陈取焦、夷之战,https://zh.wikipedia.org/wiki/%E6%A5%9A%E6%94%BB%E9%99%88%E5%8F%96%E7%84%A6%E3%80%81%E5%A4%B7%E4%B9%8B%E6%88%98,,未分级,前637年－ 楚攻陈取焦、夷之战
241,spring_autumn,4,春秋时期（前770年－前476年）,前636年,周王子带之乱之战,https://zh.wikipedia.org/wiki/%E7%8E%8B%E5%AD%90%E5%B8%A6%E4%B9%8B%E4%B9%B1,,未分级,前636年－ 周王子带之乱之战
242,spring_autumn,4,春秋时期（前770年－前476年）,前636年,秦送重耳返晋争位之战,https://zh.wikipedia.org/wiki/%E7%A7%A6%E9%80%81%E9%87%8D%E8%80%B3%E8%BF%94%E6%99%8B%E4%BA%89%E4%BD%8D%E4%B9%8B%E6%88%98,,未分级,前636年－ 秦送重耳返晋争位之战
243,spring_autumn,4,春秋时期（前770年－前476年）,前635年,晋攻原之战,https://zh.wikipedia.org/wiki/%E6%99%8B%E6%94%BB%E5%8E%9F%E4%B9%8B%E6%88%98,,未分级,前635年－ 晋攻原之战
244,spring_autumn,4,春秋时期（前770年－前476年）,前635年,卫灭邢之战,https://zh.wikipedia.org/wiki/%E5%8D%AB%E7%81%AD%E9%82%A2%E4%B9%8B%E6%88%98,,未分级,前635年－ 卫灭邢之战
245,spring_autumn,4,春秋时期（前770年－前476年）,前635年,秦、楚鄀之战,https://zh.wikipedia.org/wiki/%E7%A7%A6%E3%80%81%E6%A5%9A%E9%84%80%E4%B9%8B%E6%88%98,,未分级,前635年－ 秦、楚鄀之战
246,spring_autumn,4,春秋时期（前770年－前476年）,前634年,楚灭夔之战,https://zh.wikipedia.org/wiki/%E6%A5%9A%E7%81%AD%E5%A4%94%E4%B9%8B%E6%88%98,,未分级,前634年－ 楚灭夔之战
247,spring_autumn,4,春秋时期（前770年－前476年）,前634年,鲁、楚攻齐之战,https://zh.wikipedia.org/wiki/%E9%B2%81%E3%80%81%E6%A5%9A%E6%94%BB%E9%BD%90%E4%B9%8B%E6%88%98,,未分级,前634年－ 鲁、楚攻齐之战
248,spring_autumn,4,春秋时期（前770年－前476年）,前634年,楚攻宋围缗之战,https://zh.wikipedia.org/wiki/%E6%A5%9A%E6%94%BB%E5%AE%8B%E5%9B%B4%E7%BC%97%E4%B9%8B%E6%88%98,,未分级,前634年－ 楚攻宋围缗之战
249,spring_autumn,4,春秋时期（前770年－前476年）,前632年,城濮之战,https://zh.wikipedia.org/wiki/%E5%9F%8E%E6%BF%AE%E4%B9%8B%E6%88%98,,未分级,前632年－ 城濮之战
250,spring_autumn,4,春秋时期（前770年－前476年）,前630年,介攻萧之战,https://zh.wikipedia.org/wiki/%E4%BB%8B%E6%94%BB%E8%90%A7%E4%B9%8B%E6%88%98,,未分级,前630年－ 介攻萧之战
251,spring_autumn,4,春秋时期（前770年－前476年）,前630年,郑烛之武退秦师之战,https://zh.wikipedia.org/wiki/%E9%83%91%E7%83%9B%E4%B9%8B%E6%AD%A6%E9%80%80%E7%A7%A6%E5%B8%88%E4%B9%8B%E6%88%98,,未分级,前630年－ 郑烛之武退秦师之战
252,spring_autumn,4,春秋时期（前770年－前476年）,前630年,狄攻齐之战,https://zh.wikipedia.org/wiki/%E7%8B%84%E6%94%BB%E9%BD%90%E4%B9%8B%E6%88%98,,未分级,前630年－ 狄攻齐之战
253,spring_autumn,4,春秋时期（前770年－前476年）,前629年,狄攻卫之战,https://zh.wikipedia.org/wiki/%E7%8B%84%E6%94%BB%E5%8D%AB%E4%B9%8B%E6%88%98,,未分级,前629年－ 狄攻卫之战
254,spring_autumn,4,春秋时期（前770年－前476年）,前627年,晋箕之战,https://zh.wikipedia.org/wiki/%E6%99%8B%E7%AE%95%E4%B9%8B%E6%88%98,,未分级,前627年－ 晋箕之战
255,spring_autumn,4,春秋时期（前770年－前476年）,前627年,鲁攻邾之战,https://zh.wikipedia.org/wiki/%E9%B2%81%E6%94%BB%E9%82%BE%E4%B9%8B%E6%88%98,,未分级,前627年－ 鲁攻邾之战
256,spring_autumn,4,春秋时期（前770年－前476年）,前627年,秦、晋崤之战,https://zh.wikipedia.org/wiki/%E6%AE%BD%E4%B9%8B%E6%88%B0,,未分级,前627年－ 秦、晋崤之战
257,spring_autumn,4,春秋时期（前770年－前476年）,前627年,汦水之战,https://zh.wikipedia.org/wiki/%E6%B1%A6%E6%B0%B4%E4%B9%8B%E6%88%98,,未分级,前627年－ 汦水之战
258,spring_autumn,4,春秋时期（前770年－前476年）,前626年,晋、卫戚之战,https://zh.wikipedia.org/wiki/%E6%99%8B%E3%80%81%E5%8D%AB%E6%88%9A%E4%B9%8B%E6%88%98,,未分级,前626年－ 晋、卫戚之战
259,spring_autumn,4,春秋时期（前770年－前476年）,前625年,彭衙之战,https://zh.wikipedia.org/wiki/%E5%BD%AD%E8%A1%99%E4%B9%8B%E6%88%98,,未分级,前625年－ 彭衙之战
260,spring_autumn,4,春秋时期（前770年－前476年）,前625年,晋联合诸侯攻秦之战,https://zh.wikipedia.org/wiki/%E6%99%8B%E8%81%94%E5%90%88%E8%AF%B8%E4%BE%AF%E6%94%BB%E7%A7%A6%E4%B9%8B%E6%88%98,,未分级,前625年－ 晋联合诸侯攻秦之战
261,spring_autumn,4,春秋时期（前770年－前476年）,前624年,楚攻江之战,https://zh.wikipedia.org/wiki/%E6%A5%9A%E6%94%BB%E6%B1%9F%E4%B9%8B%E6%88%98,,未分级,前624年－ 楚攻江之战
262,spring_autumn,4,春秋时期（前770年－前476年）,前624年,王官之战,https://zh.wikipedia.org/wiki/%E7%8E%8B%E5%AE%98%E4%B9%8B%E6%88%B0,,未分级,前624年－ 王官之战
263,spring_autumn,4,春秋时期（前770年－前476年）,前624年,晋联合诸侯攻沈之战,https://zh.wikipedia.org/wiki/%E6%99%8B%E8%81%94%E5%90%88%E8%AF%B8%E4%BE%AF%E6%94%BB%E6%B2%88%E4%B9%8B%E6%88%98,,未分级,前624年－ 晋联合诸侯攻沈之战
264,spring_autumn,4,春秋时期（前770年－前476年）,前623年,狄攻齐之战,https://zh.wikipedia.org/wiki/%E7%8B%84%E6%94%BB%E9%BD%90%E4%B9%8B%E6%88%98,,未分级,前623年－ 狄攻齐之战
265,spring_autumn,4,春秋时期（前770年－前476年）,前623年,晋攻秦之战,https://zh.wikipedia.org/wiki/%E6%99%8B%E6%94%BB%E7%A7%A6%E4%B9%8B%E6%88%98,,未分级,前623年－ 晋攻秦之战
266,spring_autumn,4,春秋时期（前770年－前476年）,前622年,楚灭六、蓼之战,https://zh.wikipedia.org/wiki/%E6%A5%9A%E7%81%AD%E5%85%AD%E3%80%81%E8%93%BC%E4%B9%8B%E6%88%98,,未分级,前622年－ 楚灭六、蓼之战
267,spring_autumn,4,春秋时期（前770年－前476年）,前622年,秦军攻鄀之战,https://zh.wikipedia.org/wiki/%E7%A7%A6%E5%86%9B%E6%94%BB%E9%84%80%E4%B9%8B%E6%88%98,,未分级,前622年－ 秦军攻鄀之战
268,spring_autumn,4,春秋时期（前770年－前476年）,前620年,令狐之战,https://zh.wikipedia.org/wiki/%E4%BB%A4%E7%8B%90%E4%B9%8B%E6%88%98,,未分级,前620年－ 令狐之战
269,spring_autumn,4,春秋时期（前770年－前476年）,前620年,鲁攻邾之战,https://zh.wikipedia.org/wiki/%E9%B2%81%E6%94%BB%E9%82%BE%E4%B9%8B%E6%88%98,,未分级,前620年－ 鲁攻邾之战
270,spring_autumn,4,春秋时期（前770年－前476年）,前619年,秦攻晋取武城之战,https://zh.wikipedia.org/wiki/%E7%A7%A6%E6%94%BB%E6%99%8B%E5%8F%96%E6%AD%A6%E5%9F%8E%E4%B9%8B%E6%88%98,,未分级,前619年－ 秦攻晋取武城之战
271,spring_autumn,4,春秋时期（前770年－前476年）,前618年,楚攻郑俘郑三大夫之战,https://zh.wikipedia.org/wiki/%E6%A5%9A%E6%94%BB%E9%83%91%E4%BF%98%E9%83%91%E4%B8%89%E5%A4%A7%E5%A4%AB%E4%B9%8B%E6%88%98,,未分级,前618年－ 楚攻郑俘郑三大夫之战
272,spring_autumn,4,春秋时期（前770年－前476年）,前618年,楚攻陈占壶丘之战,https://zh.wikipedia.org/wiki/%E6%A5%9A%E6%94%BB%E9%99%88%E5%8D%A0%E5%A3%B6%E4%B8%98%E4%B9%8B%E6%88%98,,未分级,前618年－ 楚攻陈占壶丘之战
273,spring_autumn,4,春秋时期（前770年－前476年）,前617年,秦晋互攻之战,https://zh.wikipedia.org/wiki/%E7%A7%A6%E6%99%8B%E4%BA%92%E6%94%BB%E4%B9%8B%E6%88%98,,未分级,前617年－ 秦晋互攻之战
274,spring_autumn,4,春秋时期（前770年－前476年）,前617年,狄攻宋之战,https://zh.wikipedia.org/wiki/%E7%8B%84%E6%94%BB%E5%AE%8B%E4%B9%8B%E6%88%98,,未分级,前617年－ 狄攻宋之战
275,spring_autumn,4,春秋时期（前770年－前476年）,前616年,鲁、鄋瞒咸之战,https://zh.wikipedia.org/wiki/%E9%B2%81%E3%80%81%E9%84%8B%E7%9E%92%E5%92%B8%E4%B9%8B%E6%88%98,,未分级,前616年－ 鲁、鄋瞒咸之战
276,spring_autumn,4,春秋时期（前770年－前476年）,前616年,楚攻麋之战,https://zh.wikipedia.org/wiki/%E6%A5%9A%E6%94%BB%E9%BA%8B%E4%B9%8B%E6%88%98,,未分级,前616年－ 楚攻麋之战
277,spring_autumn,4,春秋时期（前770年－前476年）,前615年,河曲之战,https://zh.wikipedia.org/wiki/%E6%B2%B3%E6%9B%B2%E4%B9%8B%E6%88%98_(%E5%89%8D615%E5%B9%B4),,未分级,前615年－ 河曲之战
278,spring_autumn,4,春秋时期（前770年－前476年）,前615年,楚围巢之战,https://zh.wikipedia.org/wiki/%E6%A5%9A%E5%9B%B4%E5%B7%A2%E4%B9%8B%E6%88%98,,未分级,前615年－ 楚围巢之战
279,spring_autumn,4,春秋时期（前770年－前476年）,前614年,狄攻卫之战,https://zh.wikipedia.org/wiki/%E7%8B%84%E6%94%BB%E5%8D%AB%E4%B9%8B%E6%88%98,,未分级,前614年－ 狄攻卫之战
280,spring_autumn,4,春秋时期（前770年－前476年）,前613年,邾攻鲁之战,https://zh.wikipedia.org/wiki/%E9%82%BE%E6%94%BB%E9%B2%81%E4%B9%8B%E6%88%98,,未分级,前613年－ 邾攻鲁之战
281,spring_autumn,4,春秋时期（前770年－前476年）,前612年,晋攻蔡之战,https://zh.wikipedia.org/wiki/%E6%99%8B%E6%94%BB%E8%94%A1%E4%B9%8B%E6%88%98,,未分级,前612年－ 晋攻蔡之战
282,spring_autumn,4,春秋时期（前770年－前476年）,前612年,齐攻鲁、攻曹之战,https://zh.wikipedia.org/wiki/%E9%BD%90%E6%94%BB%E9%B2%81%E3%80%81%E6%94%BB%E6%9B%B9%E4%B9%8B%E6%88%98,,未分级,前612年－ 齐攻鲁、攻曹之战
283,spring_autumn,4,春秋时期（前770年－前476年）,前611年,楚灭庸之战,https://zh.wikipedia.org/wiki/%E6%A5%9A%E7%81%AD%E5%BA%B8%E4%B9%8B%E6%88%98,,未分级,前611年－ 楚灭庸之战
284,spring_autumn,4,春秋时期（前770年－前476年）,前610年,周甘歜败戎之战,https://zh.wikipedia.org/wiki/%E7%94%98%E6%AD%9C,,未分级,前610年－ 周甘歜败戎之战
285,spring_autumn,4,春秋时期（前770年－前476年）,前610年,齐攻鲁西鄙之战,https://zh.wikipedia.org/wiki/%E9%BD%90%E6%94%BB%E9%B2%81%E8%A5%BF%E9%84%99%E4%B9%8B%E6%88%98,,未分级,前610年－ 齐攻鲁西鄙之战
286,spring_autumn,4,春秋时期（前770年－前476年）,前610年,晋、卫、陈、邓联合攻宋之战,https://zh.wikipedia.org/wiki/%E6%99%8B%E3%80%81%E5%8D%AB%E3%80%81%E9%99%88%E3%80%81%E9%82%93%E8%81%94%E5%90%88%E6%94%BB%E5%AE%8B%E4%B9%8B%E6%88%98,,未分级,前610年－ 晋、卫、陈、邓联合攻宋之战
287,spring_autumn,4,春秋时期（前770年－前476年）,前608年,北林之战,https://zh.wikipedia.org/wiki/%E5%8C%97%E6%9E%97%E4%B9%8B%E6%88%98,,未分级,前608年－ 北林之战
288,spring_autumn,4,春秋时期（前770年－前476年）,前608年,晋攻崇之战,https://zh.wikipedia.org/wiki/%E6%99%8B%E6%94%BB%E5%B4%87%E4%B9%8B%E6%88%98,,未分级,前608年－ 晋攻崇之战
289,spring_autumn,4,春秋时期（前770年－前476年）,前607年,楚攻陆浑之戎之战,https://zh.wikipedia.org/wiki/%E6%A5%9A%E6%94%BB%E9%99%86%E6%B5%91%E4%B9%8B%E6%88%8E%E4%B9%8B%E6%88%98,,未分级,前607年－ 楚攻陆浑之戎之战
290,spring_autumn,4,春秋时期（前770年－前476年）,前607年,晋攻郑、楚攻郑之战,https://zh.wikipedia.org/wiki/%E6%99%8B%E6%94%BB%E9%83%91%E3%80%81%E6%A5%9A%E6%94%BB%E9%83%91%E4%B9%8B%E6%88%98,,未分级,前607年－ 晋攻郑、楚攻郑之战
291,spring_autumn,4,春秋时期（前770年－前476年）,前607年,赤狄攻齐之战,https://zh.wikipedia.org/wiki/%E8%B5%A4%E7%8B%84%E6%94%BB%E9%BD%90%E4%B9%8B%E6%88%98,,未分级,前607年－ 赤狄攻齐之战
292,spring_autumn,4,春秋时期（前770年－前476年）,前607年,鄋瞒攻齐之战,https://zh.wikipedia.org/wiki/%E9%84%8B%E7%9E%92%E6%94%BB%E9%BD%90%E4%B9%8B%E6%88%98,,未分级,前607年－ 鄋瞒攻齐之战
293,spring_autumn,4,春秋时期（前770年－前476年）,前605年,鲁攻莒占向之战,https://zh.wikipedia.org/wiki/%E9%B2%81%E6%94%BB%E8%8E%92%E5%8D%A0%E5%90%91%E4%B9%8B%E6%88%98,,未分级,前605年－ 鲁攻莒占向之战
294,spring_autumn,4,春秋时期（前770年－前476年）,前605年,若敖氏叛楚之战,https://zh.wikipedia.org/wiki/%E8%8B%A5%E6%95%96%E6%B0%8F%E5%8F%9B%E6%A5%9A%E4%B9%8B%E6%88%98,,未分级,前605年－ 若敖氏叛楚之战
295,spring_autumn,4,春秋时期（前770年－前476年）,前604年,楚攻郑、晋救郑之战,https://zh.wikipedia.org/wiki/%E6%A5%9A%E6%94%BB%E9%83%91%E3%80%81%E6%99%8B%E6%95%91%E9%83%91%E4%B9%8B%E6%88%98,,未分级,前604年－ 楚攻郑、晋救郑之战
296,spring_autumn,4,春秋时期（前770年－前476年）,前603年,晋攻陈之战,https://zh.wikipedia.org/wiki/%E6%99%8B%E6%94%BB%E9%99%88%E4%B9%8B%E6%88%98,,未分级,前603年－ 晋攻陈之战
297,spring_autumn,4,春秋时期（前770年－前476年）,前603年,赤狄攻晋之战,https://zh.wikipedia.org/wiki/%E8%B5%A4%E7%8B%84%E6%94%BB%E6%99%8B%E4%B9%8B%E6%88%98,,未分级,前603年－ 赤狄攻晋之战
298,spring_autumn,4,春秋时期（前770年－前476年）,前602年,鲁、齐攻莱之战,https://zh.wikipedia.org/wiki/%E9%B2%81%E3%80%81%E9%BD%90%E6%94%BB%E8%8E%B1%E4%B9%8B%E6%88%98,,未分级,前602年－ 鲁、齐攻莱之战
299,spring_autumn,4,春秋时期（前770年－前476年）,前602年,赤狄攻晋之战,https://zh.wikipedia.org/wiki/%E8%B5%A4%E7%8B%84%E6%94%BB%E6%99%8B%E4%B9%8B%E6%88%98,,未分级,前602年－ 赤狄攻晋之战
300,spring_autumn,4,春秋时期（前770年－前476年）,前601年,白狄晋联合攻秦之战,https://zh.wikipedia.org/wiki/%E7%99%BD%E7%8B%84%E6%99%8B%E8%81%94%E5%90%88%E6%94%BB%E7%A7%A6%E4%B9%8B%E6%88%98,,未分级,前601年－ 白狄晋联合攻秦之战
301,spring_autumn,4,春秋时期（前770年－前476年）,前601年,楚灭蓼舒之战,https://zh.wikipedia.org/wiki/%E6%A5%9A%E7%81%AD%E8%93%BC%E8%88%92%E4%B9%8B%E6%88%98,,未分级,前601年－ 楚灭蓼舒之战
302,spring_autumn,4,春秋时期（前770年－前476年）,前601年,楚攻陈之战,https://zh.wikipedia.org/wiki/%E6%A5%9A%E6%94%BB%E9%99%88%E4%B9%8B%E6%88%98,,未分级,前601年－ 楚攻陈之战
303,spring_autumn,4,春秋时期（前770年－前476年）,前600年,齐攻莱之战,https://zh.wikipedia.org/wiki/%E9%BD%90%E6%94%BB%E8%8E%B1%E4%B9%8B%E6%88%98,,未分级,前600年－ 齐攻莱之战
304,spring_autumn,4,春秋时期（前770年－前476年）,前600年,鲁取根牟之战,https://zh.wikipedia.org/wiki/%E9%B2%81%E5%8F%96%E6%A0%B9%E7%89%9F%E4%B9%8B%E6%88%98,,未分级,前600年－ 鲁取根牟之战
305,spring_autumn,4,春秋时期（前770年－前476年）,前600年,晋攻陈、楚之战,https://zh.wikipedia.org/wiki/%E6%99%8B%E6%94%BB%E9%99%88%E3%80%81%E6%A5%9A%E4%B9%8B%E6%88%98,,未分级,前600年－ 晋攻陈、楚之战
306,spring_autumn,4,春秋时期（前770年－前476年）,前600年,晋攻陈之战,https://zh.wikipedia.org/wiki/%E6%99%8B%E6%94%BB%E9%99%88%E4%B9%8B%E6%88%98,,未分级,前600年－ 晋攻陈之战
307,spring_autumn,4,春秋时期（前770年－前476年）,前599年,宋攻滕之战,https://zh.wikipedia.org/wiki/%E5%AE%8B%E6%94%BB%E6%BB%95%E4%B9%8B%E6%88%98,,未分级,前599年－ 宋攻滕之战
308,spring_autumn,4,春秋时期（前770年－前476年）,前599年,鲁攻邾之战,https://zh.wikipedia.org/wiki/%E9%B2%81%E6%94%BB%E9%82%BE%E4%B9%8B%E6%88%98,,未分级,前599年－ 鲁攻邾之战
309,spring_autumn,4,春秋时期（前770年－前476年）,前599年,颍北之战,https://zh.wikipedia.org/wiki/%E9%A2%8D%E5%8C%97%E4%B9%8B%E6%88%98,,未分级,前599年－ 颍北之战
310,spring_autumn,4,春秋时期（前770年－前476年）,前598年,鲁联齐攻莒之战,https://zh.wikipedia.org/wiki/%E9%B2%81%E8%81%94%E9%BD%90%E6%94%BB%E8%8E%92%E4%B9%8B%E6%88%98,,未分级,前598年－ 鲁联齐攻莒之战
311,spring_autumn,4,春秋时期（前770年－前476年）,前598年,楚攻陈之战,https://zh.wikipedia.org/wiki/%E6%A5%9A%E6%94%BB%E9%99%88%E4%B9%8B%E6%88%98,,未分级,前598年－ 楚攻陈之战
312,spring_autumn,4,春秋时期（前770年－前476年）,前598年,楚攻宋之战,https://zh.wikipedia.org/wiki/%E6%A5%9A%E6%94%BB%E5%AE%8B%E4%B9%8B%E6%88%98,,未分级,前598年－ 楚攻宋之战
313,spring_autumn,4,春秋时期（前770年－前476年）,前598年,楚攻郑之战,https://zh.wikipedia.org/wiki/%E6%A5%9A%E6%94%BB%E9%83%91%E4%B9%8B%E6%88%98,,未分级,前598年－ 楚攻郑之战
314,spring_autumn,4,春秋时期（前770年－前476年）,前597年,新郑之战,https://zh.wikipedia.org/wiki/%E6%A5%9A%E6%94%BB%E9%83%91%E4%B9%8B%E6%88%98#%E6%A5%9A%E5%BA%84%E7%8E%8B%E4%BC%90%E9%83%91,,未分级,前597年－ 新郑之战
315,spring_autumn,4,春秋时期（前770年－前476年）,前597年,晋、楚邲之战,https://zh.wikipedia.org/wiki/%E6%99%8B%E3%80%81%E6%A5%9A%E9%82%B2%E4%B9%8B%E6%88%98,,未分级,前597年－ 晋、楚邲之战
316,spring_autumn,4,春秋时期（前770年－前476年）,前597年,楚灭萧之战,https://zh.wikipedia.org/wiki/%E6%A5%9A%E7%81%AD%E8%90%A7%E4%B9%8B%E6%88%98,,未分级,前597年－ 楚灭萧之战
317,spring_autumn,4,春秋时期（前770年－前476年）,前597年,宋攻陈、卫救陈之战,https://zh.wikipedia.org/wiki/%E5%AE%8B%E6%94%BB%E9%99%88%E3%80%81%E5%8D%AB%E6%95%91%E9%99%88%E4%B9%8B%E6%88%98,,未分级,前597年－ 宋攻陈、卫救陈之战
318,spring_autumn,4,春秋时期（前770年－前476年）,前596年,楚攻宋之战,https://zh.wikipedia.org/wiki/%E6%A5%9A%E6%94%BB%E5%AE%8B%E4%B9%8B%E6%88%98,,未分级,前596年－ 楚攻宋之战
319,spring_autumn,4,春秋时期（前770年－前476年）,前596年,齐攻莒之战,https://zh.wikipedia.org/wiki/%E9%BD%90%E6%94%BB%E8%8E%92%E4%B9%8B%E6%88%98,,未分级,前596年－ 齐攻莒之战
320,spring_autumn,4,春秋时期（前770年－前476年）,前596年,赤狄攻晋之战,https://zh.wikipedia.org/wiki/%E8%B5%A4%E7%8B%84%E6%94%BB%E6%99%8B%E4%B9%8B%E6%88%98,,未分级,前596年－ 赤狄攻晋之战
321,spring_autumn,4,春秋时期（前770年－前476年）,前595年,楚联鲁攻宋之战,https://zh.wikipedia.org/wiki/%E6%A5%9A%E8%81%94%E9%B2%81%E6%94%BB%E5%AE%8B%E4%B9%8B%E6%88%98,,未分级,前595年－ 楚联鲁攻宋之战
322,spring_autumn,4,春秋时期（前770年－前476年）,前595年,晋攻郑之战,https://zh.wikipedia.org/wiki/%E6%99%8B%E6%94%BB%E9%83%91%E4%B9%8B%E6%88%98,,未分级,前595年－ 晋攻郑之战
323,spring_autumn,4,春秋时期（前770年－前476年）,前594年,辅氏之战,https://zh.wikipedia.org/wiki/%E8%BE%85%E6%B0%8F%E4%B9%8B%E6%88%98,,未分级,前594年－ 辅氏之战
324,spring_autumn,4,春秋时期（前770年－前476年）,前594年,晋灭赤狄潞氏之战,https://zh.wikipedia.org/wiki/%E6%99%8B%E7%81%AD%E8%B5%A4%E7%8B%84%E6%BD%9E%E6%B0%8F%E4%B9%8B%E6%88%98,,未分级,前594年－ 晋灭赤狄潞氏之战
325,spring_autumn,4,春秋时期（前770年－前476年）,前593年,晋灭赤狄甲氏之战,https://zh.wikipedia.org/wiki/%E6%99%8B%E7%81%AD%E8%B5%A4%E7%8B%84%E7%94%B2%E6%B0%8F%E4%B9%8B%E6%88%98,,未分级,前593年－ 晋灭赤狄甲氏之战
326,spring_autumn,4,春秋时期（前770年－前476年）,前590年,周攻茅戎之战,https://zh.wikipedia.org/wiki/%E5%91%A8%E6%94%BB%E8%8C%85%E6%88%8E%E4%B9%8B%E6%88%98,,未分级,前590年－ 周攻茅戎之战
327,spring_autumn,4,春秋时期（前770年－前476年）,前589年,齐、鲁龙之战,https://zh.wikipedia.org/wiki/%E9%BD%90%E3%80%81%E9%B2%81%E9%BE%99%E4%B9%8B%E6%88%98,,未分级,前589年－ 齐、鲁龙之战
328,spring_autumn,4,春秋时期（前770年－前476年）,前589年,齐、晋鞍之战,https://zh.wikipedia.org/wiki/%E9%9E%8D%E4%B9%8B%E6%88%B0,,未分级,前589年－ 齐、晋鞍之战
329,spring_autumn,4,春秋时期（前770年－前476年）,前589年,楚联合蔡、许攻鲁、卫之战,https://zh.wikipedia.org/wiki/%E6%A5%9A%E8%81%94%E5%90%88%E8%94%A1%E3%80%81%E8%AE%B8%E6%94%BB%E9%B2%81%E3%80%81%E5%8D%AB%E4%B9%8B%E6%88%98,,未分级,前589年－ 楚联合蔡、许攻鲁、卫之战
330,spring_autumn,4,春秋时期（前770年－前476年）,前588年,晋、郑祭之战,https://zh.wikipedia.org/wiki/%E6%99%8B%E3%80%81%E9%83%91%E7%A5%AD%E4%B9%8B%E6%88%98,,未分级,前588年－ 晋、郑祭之战
331,spring_autumn,4,春秋时期（前770年－前476年）,前588年,丘舆之战,https://zh.wikipedia.org/wiki/%E4%B8%98%E8%BC%BF%E4%B9%8B%E6%88%B0,,未分级,前588年－ 丘舆之战
332,spring_autumn,4,春秋时期（前770年－前476年）,前588年,晋、卫攻赤狄之战,https://zh.wikipedia.org/wiki/%E6%99%8B%E3%80%81%E5%8D%AB%E6%94%BB%E8%B5%A4%E7%8B%84%E4%B9%8B%E6%88%98,,未分级,前588年－ 晋、卫攻赤狄之战
333,spring_autumn,4,春秋时期（前770年－前476年）,前588年,鲁围棘之战,https://zh.wikipedia.org/wiki/%E9%B2%81%E5%9B%B4%E6%A3%98%E4%B9%8B%E6%88%98,,未分级,前588年－ 鲁围棘之战
334,spring_autumn,4,春秋时期（前770年－前476年）,前585年,鲁取郙之战,https://zh.wikipedia.org/wiki/%E9%B2%81%E5%8F%96%E9%83%99%E4%B9%8B%E6%88%98,,未分级,前585年－ 鲁取郙之战
335,spring_autumn,4,春秋时期（前770年－前476年）,前585年,晋攻楚、沈、许之战,https://zh.wikipedia.org/wiki/%E6%99%8B%E6%94%BB%E6%A5%9A%E3%80%81%E6%B2%88%E3%80%81%E8%AE%B8%E4%B9%8B%E6%88%98,,未分级,前585年－ 晋攻楚、沈、许之战
336,spring_autumn,4,春秋时期（前770年－前476年）,前584年,楚攻郑、晋救郑之战,https://zh.wikipedia.org/wiki/%E6%A5%9A%E6%94%BB%E9%83%91%E3%80%81%E6%99%8B%E6%95%91%E9%83%91%E4%B9%8B%E6%88%98,,未分级,前584年－ 楚攻郑、晋救郑之战
337,spring_autumn,4,春秋时期（前770年－前476年）,前584年,吴攻郯之战,https://zh.wikipedia.org/wiki/%E5%90%B4%E6%94%BB%E9%83%AF%E4%B9%8B%E6%88%98,,未分级,前584年－ 吴攻郯之战
338,spring_autumn,4,春秋时期（前770年－前476年）,前584年,吴攻楚巢、徐、州来之战,https://zh.wikipedia.org/wiki/%E5%90%B4%E6%94%BB%E6%A5%9A%E5%B7%A2%E3%80%81%E5%BE%90%E3%80%81%E5%B7%9E%E6%9D%A5%E4%B9%8B%E6%88%98,,未分级,前584年－ 吴攻楚巢、徐、州来之战
339,spring_autumn,4,春秋时期（前770年－前476年）,前582年,渠丘之战,https://zh.wikipedia.org/wiki/%E6%B8%A0%E4%B8%98%E4%B9%8B%E6%88%98,,未分级,前582年－ 渠丘之战
340,spring_autumn,4,春秋时期（前770年－前476年）,前582年,秦联合白狄攻晋之战,https://zh.wikipedia.org/wiki/%E7%A7%A6%E8%81%94%E5%90%88%E7%99%BD%E7%8B%84%E6%94%BB%E6%99%8B%E4%B9%8B%E6%88%98,,未分级,前582年－ 秦联合白狄攻晋之战
341,spring_autumn,4,春秋时期（前770年－前476年）,前581年,晋会诸侯攻郑之战,https://zh.wikipedia.org/wiki/%E6%99%8B%E4%BC%9A%E8%AF%B8%E4%BE%AF%E6%94%BB%E9%83%91%E4%B9%8B%E6%88%98,,未分级,前581年－ 晋会诸侯攻郑之战
342,spring_autumn,4,春秋时期（前770年－前476年）,前579年,交刚之战,https://zh.wikipedia.org/wiki/%E4%BA%A4%E5%89%9B%E4%B9%8B%E6%88%B0,,未分级,前579年－ 交刚之战
343,spring_autumn,4,春秋时期（前770年－前476年）,前578年,麻隧之战,https://zh.wikipedia.org/wiki/%E9%BA%BB%E9%9A%A7%E4%B9%8B%E6%88%98,,未分级,前578年－ 麻隧之战
344,spring_autumn,4,春秋时期（前770年－前476年）,前577年,郑攻许之战,https://zh.wikipedia.org/wiki/%E9%83%91%E6%94%BB%E8%AE%B8%E4%B9%8B%E6%88%98,,未分级,前577年－ 郑攻许之战
345,spring_autumn,4,春秋时期（前770年－前476年）,前576年,楚攻郑、卫之战,https://zh.wikipedia.org/wiki/%E6%A5%9A%E6%94%BB%E9%83%91%E3%80%81%E5%8D%AB%E4%B9%8B%E6%88%98,,未分级,前576年－ 楚攻郑、卫之战
346,spring_autumn,4,春秋时期（前770年－前476年）,前576年,晋攻曹之战,https://zh.wikipedia.org/wiki/%E6%99%8B%E6%94%BB%E6%9B%B9%E4%B9%8B%E6%88%98,,未分级,前576年－ 晋攻曹之战
347,spring_autumn,4,春秋时期（前770年－前476年）,前575年,鄢陵之战,https://zh.wikipedia.org/wiki/%E9%84%A2%E9%99%B5%E4%B9%8B%E6%88%98,,未分级,前575年－ 鄢陵之战
348,spring_autumn,4,春秋时期（前770年－前476年）,前575年,勺陵之战,https://zh.wikipedia.org/wiki/%E5%8B%BA%E9%99%B5%E4%B9%8B%E6%88%98,,未分级,前575年－ 勺陵之战
349,spring_autumn,4,春秋时期（前770年－前476年）,前575年,颍上之战,https://zh.wikipedia.org/wiki/%E6%BD%81%E4%B8%8A%E4%B9%8B%E6%88%98,,未分级,前575年－ 颍上之战
350,spring_autumn,4,春秋时期（前770年－前476年）,前574年,楚灭舒庸之战,https://zh.wikipedia.org/wiki/%E6%A5%9A%E7%81%AD%E8%88%92%E5%BA%B8%E4%B9%8B%E6%88%98,,未分级,前574年－ 楚灭舒庸之战
351,spring_autumn,4,春秋时期（前770年－前476年）,前574年,高氏之战,https://zh.wikipedia.org/wiki/%E9%AB%98%E6%B0%8F%E4%B9%8B%E6%88%B0,,未分级,前574年－ 高氏之战
352,spring_autumn,4,春秋时期（前770年－前476年）,前573年,彭城之战 (前573年),https://zh.wikipedia.org/wiki/%E5%BD%AD%E5%9F%8E%E4%B9%8B%E6%88%B0_(%E5%89%8D573%E5%B9%B4),,未分级,前573年－ 彭城之战 (前573年)
353,spring_autumn,4,春秋时期（前770年－前476年）,前572年,洧上之战,https://zh.wikipedia.org/wiki/%E6%B4%A7%E4%B8%8A%E4%B9%8B%E6%88%98,,未分级,前572年－ 洧上之战
354,spring_autumn,4,春秋时期（前770年－前476年）,前572年,晋攻齐之战,https://zh.wikipedia.org/wiki/%E6%99%8B%E6%94%BB%E9%BD%90%E4%B9%8B%E6%88%98,,未分级,前572年－ 晋攻齐之战
355,spring_autumn,4,春秋时期（前770年－前476年）,前572年,郑攻宋之战,https://zh.wikipedia.org/wiki/%E9%83%91%E6%94%BB%E5%AE%8B%E4%B9%8B%E6%88%98,,未分级,前572年－ 郑攻宋之战
356,spring_autumn,4,春秋时期（前770年－前476年）,前571年,齐攻莱之战,https://zh.wikipedia.org/wiki/%E9%BD%90%E6%94%BB%E8%8E%B1%E4%B9%8B%E6%88%98,,未分级,前571年－ 齐攻莱之战
357,spring_autumn,4,春秋时期（前770年－前476年）,前570年,鸠兹之战,https://zh.wikipedia.org/wiki/%E9%B3%A9%E8%8C%B2%E4%B9%8B%E6%88%B0,,未分级,前570年－ 鸠兹之战
358,spring_autumn,4,春秋时期（前770年－前476年）,前570年,晋攻许之战,https://zh.wikipedia.org/wiki/%E6%99%8B%E6%94%BB%E8%AE%B8%E4%B9%8B%E6%88%98,,未分级,前570年－ 晋攻许之战
359,spring_autumn,4,春秋时期（前770年－前476年）,前569年,鲁攻鄫之战,https://zh.wikipedia.org/wiki/%E9%B2%81%E6%94%BB%E9%84%AB%E4%B9%8B%E6%88%98,,未分级,前569年－ 鲁攻鄫之战
360,spring_autumn,4,春秋时期（前770年－前476年）,前569年,楚、顿攻陈之战,https://zh.wikipedia.org/wiki/%E6%A5%9A%E3%80%81%E9%A1%BF%E6%94%BB%E9%99%88%E4%B9%8B%E6%88%98,,未分级,前569年－ 楚、顿攻陈之战
361,spring_autumn,4,春秋时期（前770年－前476年）,前568年,楚攻陈之战,https://zh.wikipedia.org/wiki/%E6%A5%9A%E6%94%BB%E9%99%88%E4%B9%8B%E6%88%98,,未分级,前568年－ 楚攻陈之战
362,spring_autumn,4,春秋时期（前770年－前476年）,前567年,齐灭莱之战,https://zh.wikipedia.org/wiki/%E9%BD%8A%E6%BB%85%E8%90%8A%E4%B9%8B%E6%88%B0,,未分级,前567年－ 齐灭莱之战
363,spring_autumn,4,春秋时期（前770年－前476年）,前567年,莒灭鄫之战,https://zh.wikipedia.org/wiki/%E8%8E%92%E7%81%AD%E9%84%AB%E4%B9%8B%E6%88%98,,未分级,前567年－ 莒灭鄫之战
364,spring_autumn,4,春秋时期（前770年－前476年）,前566年,楚攻陈、晋救陈之战,https://zh.wikipedia.org/wiki/%E6%A5%9A%E6%94%BB%E9%99%88%E3%80%81%E6%99%8B%E6%95%91%E9%99%88%E4%B9%8B%E6%88%98,,未分级,前566年－ 楚攻陈、晋救陈之战
365,spring_autumn,4,春秋时期（前770年－前476年）,前565年,郑攻蔡之战,https://zh.wikipedia.org/wiki/%E9%83%91%E6%94%BB%E8%94%A1%E4%B9%8B%E6%88%98,,未分级,前565年－ 郑攻蔡之战
366,spring_autumn,4,春秋时期（前770年－前476年）,前565年,莒军攻鲁之战,https://zh.wikipedia.org/wiki/%E8%8E%92%E5%86%9B%E6%94%BB%E9%B2%81%E4%B9%8B%E6%88%98,,未分级,前565年－ 莒军攻鲁之战
367,spring_autumn,4,春秋时期（前770年－前476年）,前564年,阴口之战,https://zh.wikipedia.org/wiki/%E9%98%B4%E5%8F%A3%E4%B9%8B%E6%88%98,,未分级,前564年－ 阴口之战
368,spring_autumn,4,春秋时期（前770年－前476年）,前563年,晋灭偪阳之战,https://zh.wikipedia.org/wiki/%E6%99%8B%E7%81%AD%E5%81%AA%E9%98%B3%E4%B9%8B%E6%88%98,,未分级,前563年－ 晋灭偪阳之战
369,spring_autumn,4,春秋时期（前770年－前476年）,前563年,楚、宋萧之战,https://zh.wikipedia.org/wiki/%E6%A5%9A%E3%80%81%E5%AE%8B%E8%90%A7%E4%B9%8B%E6%88%98,,未分级,前563年－ 楚、宋萧之战
370,spring_autumn,4,春秋时期（前770年－前476年）,前562年,晋、秦栎之战,https://zh.wikipedia.org/wiki/%E6%99%8B%E3%80%81%E7%A7%A6%E6%A0%8E%E4%B9%8B%E6%88%98,,未分级,前562年－ 晋、秦栎之战
371,spring_autumn,4,春秋时期（前770年－前476年）,前561年,莒攻鲁之战,https://zh.wikipedia.org/wiki/%E8%8E%92%E6%94%BB%E9%B2%81%E4%B9%8B%E6%88%98,,未分级,前561年－ 莒攻鲁之战
372,spring_autumn,4,春秋时期（前770年－前476年）,前561年,楚攻宋杨梁之战,https://zh.wikipedia.org/wiki/%E6%A5%9A%E6%94%BB%E5%AE%8B%E6%9D%A8%E6%A2%81%E4%B9%8B%E6%88%98,,未分级,前561年－ 楚攻宋杨梁之战
373,spring_autumn,4,春秋时期（前770年－前476年）,前560年,鲁灭邿之战,https://zh.wikipedia.org/wiki/%E9%B2%81%E7%81%AD%E9%82%BF%E4%B9%8B%E6%88%98,,未分级,前560年－ 鲁灭邿之战
374,spring_autumn,4,春秋时期（前770年－前476年）,前560年,庸浦之战,https://zh.wikipedia.org/wiki/%E5%BA%B8%E6%B5%A6%E4%B9%8B%E6%88%98,,未分级,前560年－ 庸浦之战
375,spring_autumn,4,春秋时期（前770年－前476年）,前559年,棫林之战,https://zh.wikipedia.org/wiki/%E6%A3%AB%E6%9E%97%E4%B9%8B%E6%88%98,,未分级,前559年－ 棫林之战
376,spring_autumn,4,春秋时期（前770年－前476年）,前559年,皋舟之战,https://zh.wikipedia.org/wiki/%E7%9A%8B%E8%88%9F%E4%B9%8B%E6%88%98,,未分级,前559年－ 皋舟之战
377,spring_autumn,4,春秋时期（前770年－前476年）,前558年,齐、鲁城之战,https://zh.wikipedia.org/wiki/%E9%BD%90%E3%80%81%E9%B2%81%E5%9F%8E%E4%B9%8B%E6%88%98,,未分级,前558年－ 齐、鲁城之战
378,spring_autumn,4,春秋时期（前770年－前476年）,前558年,湛阪之战,https://zh.wikipedia.org/wiki/%E6%B9%9B%E9%98%AA%E4%B9%8B%E6%88%98,,未分级,前558年－ 湛阪之战
379,spring_autumn,4,春秋时期（前770年－前476年）,前556年,齐、鲁防之战,https://zh.wikipedia.org/wiki/%E9%BD%90%E3%80%81%E9%B2%81%E9%98%B2%E4%B9%8B%E6%88%98,,未分级,前556年－ 齐、鲁防之战
380,spring_autumn,4,春秋时期（前770年－前476年）,前556年,宋攻陈之战,https://zh.wikipedia.org/wiki/%E5%AE%8B%E6%94%BB%E9%99%88%E4%B9%8B%E6%88%98,,未分级,前556年－ 宋攻陈之战
381,spring_autumn,4,春秋时期（前770年－前476年）,前556年,卫占曹重丘之战,https://zh.wikipedia.org/wiki/%E5%8D%AB%E5%8D%A0%E6%9B%B9%E9%87%8D%E4%B8%98%E4%B9%8B%E6%88%98,,未分级,前556年－ 卫占曹重丘之战
382,spring_autumn,4,春秋时期（前770年－前476年）,前555年,平阴之战,https://zh.wikipedia.org/wiki/%E5%B9%B3%E9%98%B4%E4%B9%8B%E6%88%98,,未分级,前555年－ 平阴之战
383,spring_autumn,4,春秋时期（前770年－前476年）,前555年,费滑之战,https://zh.wikipedia.org/wiki/%E8%B4%B9%E6%BB%91%E4%B9%8B%E6%88%98,,未分级,前555年－ 费滑之战
384,spring_autumn,4,春秋时期（前770年－前476年）,前554年,晋、卫攻齐之战,https://zh.wikipedia.org/wiki/%E6%99%8B%E3%80%81%E5%8D%AB%E6%94%BB%E9%BD%90%E4%B9%8B%E6%88%98,,未分级,前554年－ 晋、卫攻齐之战
385,spring_autumn,4,春秋时期（前770年－前476年）,前554年,齐破高唐之战,https://zh.wikipedia.org/wiki/%E9%BD%90%E7%A0%B4%E9%AB%98%E5%94%90%E4%B9%8B%E6%88%98,,未分级,前554年－ 齐破高唐之战
386,spring_autumn,4,春秋时期（前770年－前476年）,前553年,邾袭鲁之战,https://zh.wikipedia.org/wiki/%E9%82%BE%E8%A2%AD%E9%B2%81%E4%B9%8B%E6%88%98,,未分级,前553年－ 邾袭鲁之战
387,spring_autumn,4,春秋时期（前770年－前476年）,前553年,鲁、莒盟于向之战,https://zh.wikipedia.org/wiki/%E9%B2%81%E3%80%81%E8%8E%92%E7%9B%9F%E4%BA%8E%E5%90%91%E4%B9%8B%E6%88%98,,未分级,前553年－ 鲁、莒盟于向之战
388,spring_autumn,4,春秋时期（前770年－前476年）,前550年,荧庭之战,https://zh.wikipedia.org/wiki/%E8%8D%A7%E5%BA%AD%E4%B9%8B%E6%88%98,,未分级,前550年－ 荧庭之战
389,spring_autumn,4,春秋时期（前770年－前476年）,前550年,蒲侯氏之战,https://zh.wikipedia.org/wiki/%E8%92%B2%E4%BE%AF%E6%B0%8F%E4%B9%8B%E6%88%98,,未分级,前550年－ 蒲侯氏之战
390,spring_autumn,4,春秋时期（前770年－前476年）,前549年,棘泽之战,https://zh.wikipedia.org/wiki/%E6%A3%98%E6%B3%BD%E4%B9%8B%E6%88%98,,未分级,前549年－ 棘泽之战
391,spring_autumn,4,春秋时期（前770年－前476年）,前549年,楚舟师攻吴之战,https://zh.wikipedia.org/wiki/%E6%A5%9A%E8%88%9F%E5%B8%88%E6%94%BB%E5%90%B4%E4%B9%8B%E6%88%98,,未分级,前549年－ 楚舟师攻吴之战
392,spring_autumn,4,春秋时期（前770年－前476年）,前548年,舒鸠之战,https://zh.wikipedia.org/wiki/%E8%88%92%E9%B8%A0%E4%B9%8B%E6%88%98,,未分级,前548年－ 舒鸠之战
393,spring_autumn,4,春秋时期（前770年－前476年）,前548年,郑攻陈之战,https://zh.wikipedia.org/wiki/%E9%83%91%E6%94%BB%E9%99%88%E4%B9%8B%E6%88%98,,未分级,前548年－ 郑攻陈之战
394,spring_autumn,4,春秋时期（前770年－前476年）,前548年,齐崔杼攻鲁之战,https://zh.wikipedia.org/wiki/%E9%BD%90%E5%B4%94%E6%9D%BC%E6%94%BB%E9%B2%81%E4%B9%8B%E6%88%98,,未分级,前548年－ 齐崔杼攻鲁之战
395,spring_autumn,4,春秋时期（前770年－前476年）,前548年,晋联合诸侯攻齐之战,https://zh.wikipedia.org/wiki/%E6%99%8B%E8%81%94%E5%90%88%E8%AF%B8%E4%BE%AF%E6%94%BB%E9%BD%90%E4%B9%8B%E6%88%98,,未分级,前548年－ 晋联合诸侯攻齐之战
396,spring_autumn,4,春秋时期（前770年－前476年）,前548年,吴攻楚巢城之战,https://zh.wikipedia.org/wiki/%E5%90%B4%E6%94%BB%E6%A5%9A%E5%B7%A2%E5%9F%8E%E4%B9%8B%E6%88%98,,未分级,前548年－ 吴攻楚巢城之战
397,spring_autumn,4,春秋时期（前770年－前476年）,前547年,秦、楚攻吴、郑之战,https://zh.wikipedia.org/wiki/%E7%A7%A6%E3%80%81%E6%A5%9A%E6%94%BB%E5%90%B4%E3%80%81%E9%83%91%E4%B9%8B%E6%88%98,,未分级,前547年－ 秦、楚攻吴、郑之战
398,spring_autumn,4,春秋时期（前770年－前476年）,前547年,楚率诸侯军攻郑之战,https://zh.wikipedia.org/wiki/%E6%A5%9A%E7%8E%87%E8%AF%B8%E4%BE%AF%E5%86%9B%E6%94%BB%E9%83%91%E4%B9%8B%E6%88%98,,未分级,前547年－ 楚率诸侯军攻郑之战
399,spring_autumn,4,春秋时期（前770年－前476年）,前547年,茅氏之战,https://zh.wikipedia.org/wiki/%E8%8C%85%E6%B0%8F%E4%B9%8B%E6%88%98,,未分级,前547年－ 茅氏之战
400,spring_autumn,4,春秋时期（前770年－前476年）,前546年,春秋弭兵会盟,https://zh.wikipedia.org/wiki/%E6%98%A5%E7%A7%8B%E5%BC%AD%E5%85%B5%E4%BC%9A%E7%9B%9F,,未分级,前546年－ 春秋弭兵会盟
401,spring_autumn,4,春秋时期（前770年－前476年）,前541年,鲁攻莒取郓之战,https://zh.wikipedia.org/wiki/%E9%B2%81%E6%94%BB%E8%8E%92%E5%8F%96%E9%83%93%E4%B9%8B%E6%88%98,,未分级,前541年－ 鲁攻莒取郓之战
402,spring_autumn,4,春秋时期（前770年－前476年）,前541年,太原之战,https://zh.wikipedia.org/wiki/%E5%A4%AA%E5%8E%9F%E4%B9%8B%E6%88%B0,,未分级,前541年－ 太原之战
403,spring_autumn,4,春秋时期（前770年－前476年）,前538年,朱方之战,https://zh.wikipedia.org/wiki/%E6%9C%B1%E6%96%B9%E4%B9%8B%E6%88%98,,未分级,前538年－ 朱方之战
404,spring_autumn,4,春秋时期（前770年－前476年）,前537年,鹊岸之战,https://zh.wikipedia.org/wiki/%E9%B9%8A%E5%B2%B8%E4%B9%8B%E6%88%98,,未分级,前537年－ 鹊岸之战
405,spring_autumn,4,春秋时期（前770年－前476年）,前537年,蚡泉之战,https://zh.wikipedia.org/wiki/%E8%9A%A1%E6%B3%89%E4%B9%8B%E6%88%98,,未分级,前537年－ 蚡泉之战
406,spring_autumn,4,春秋时期（前770年－前476年）,前536年,房钟之战,https://zh.wikipedia.org/wiki/%E6%88%BF%E9%92%9F%E4%B9%8B%E6%88%98,,未分级,前536年－ 房钟之战
407,spring_autumn,4,春秋时期（前770年－前476年）,前536年,齐攻北燕之战,https://zh.wikipedia.org/wiki/%E9%BD%8A%E6%94%BB%E5%8C%97%E7%87%95%E4%B9%8B%E6%88%B0,,未分级,前536年－ 齐攻北燕之战
408,spring_autumn,4,春秋时期（前770年－前476年）,前534年,楚灭陈之战,https://zh.wikipedia.org/wiki/%E6%A5%9A%E7%81%AD%E9%99%88%E4%B9%8B%E6%88%98,,未分级,前534年－ 楚灭陈之战
409,spring_autumn,4,春秋时期（前770年－前476年）,前532年,鲁攻莒取郠之战,https://zh.wikipedia.org/wiki/%E9%B2%81%E6%94%BB%E8%8E%92%E5%8F%96%E9%83%A0%E4%B9%8B%E6%88%98,,未分级,前532年－ 鲁攻莒取郠之战
410,spring_autumn,4,春秋时期（前770年－前476年）,前531年,楚灭蔡之战,https://zh.wikipedia.org/wiki/%E6%A5%9A%E7%81%AD%E8%94%A1%E4%B9%8B%E6%88%98,,未分级,前531年－ 楚灭蔡之战
411,spring_autumn,4,春秋时期（前770年－前476年）,前530年,豫章之战,https://zh.wikipedia.org/wiki/%E8%B1%AB%E7%AB%A0%E4%B9%8B%E6%88%98,,未分级,前530年－ 豫章之战
412,spring_autumn,4,春秋时期（前770年－前476年）,前530年,晋灭肥、伐鲜虞之战,https://zh.wikipedia.org/wiki/%E6%99%8B%E7%81%AD%E8%82%A5%E3%80%81%E4%BC%90%E9%B2%9C%E8%99%9E%E4%B9%8B%E6%88%98,,未分级,前530年－ 晋灭肥、伐鲜虞之战
413,spring_autumn,4,春秋时期（前770年－前476年）,前529年,公子比叛楚之战,https://zh.wikipedia.org/wiki/%E5%85%AC%E5%AD%90%E6%AF%94%E5%8F%9B%E6%A5%9A%E4%B9%8B%E6%88%98,,未分级,前529年－ 公子比叛楚之战
414,spring_autumn,4,春秋时期（前770年－前476年）,前529年,吴灭州来之战,https://zh.wikipedia.org/wiki/%E5%90%B4%E7%81%AD%E5%B7%9E%E6%9D%A5%E4%B9%8B%E6%88%98,,未分级,前529年－ 吴灭州来之战
415,spring_autumn,4,春秋时期（前770年－前476年）,前529年,鲁季平子攻费之战,https://zh.wikipedia.org/wiki/%E9%B2%81%E5%AD%A3%E5%B9%B3%E5%AD%90%E6%94%BB%E8%B4%B9%E4%B9%8B%E6%88%98,,未分级,前529年－ 鲁季平子攻费之战
416,spring_autumn,4,春秋时期（前770年－前476年）,前528年,费邑叛南氏之战,https://zh.wikipedia.org/wiki/%E8%B4%B9%E9%82%91%E5%8F%9B%E5%8D%97%E6%B0%8F%E4%B9%8B%E6%88%98,,未分级,前528年－ 费邑叛南氏之战
417,spring_autumn,4,春秋时期（前770年－前476年）,前528年,楚灭养氏之战,https://zh.wikipedia.org/wiki/%E6%A5%9A%E7%81%AD%E5%85%BB%E6%B0%8F%E4%B9%8B%E6%88%98,,未分级,前528年－ 楚灭养氏之战
418,spring_autumn,4,春秋时期（前770年－前476年）,前527年,晋荀吴攻鲜虞之战,https://zh.wikipedia.org/wiki/%E6%99%8B%E8%8D%80%E5%90%B4%E6%94%BB%E9%B2%9C%E8%99%9E%E4%B9%8B%E6%88%98,,未分级,前527年－ 晋荀吴攻鲜虞之战
419,spring_autumn,4,春秋时期（前770年－前476年）,前526年,齐攻徐至蒲隧之战,https://zh.wikipedia.org/wiki/%E9%BD%90%E6%94%BB%E5%BE%90%E8%87%B3%E8%92%B2%E9%9A%A7%E4%B9%8B%E6%88%98,,未分级,前526年－ 齐攻徐至蒲隧之战
420,spring_autumn,4,春秋时期（前770年－前476年）,前525年,晋灭陆浑之战,https://zh.wikipedia.org/wiki/%E6%99%8B%E7%81%AD%E9%99%86%E6%B5%91%E4%B9%8B%E6%88%98,,未分级,前525年－ 晋灭陆浑之战
421,spring_autumn,4,春秋时期（前770年－前476年）,前525年,长岸之战,https://zh.wikipedia.org/wiki/%E9%95%BF%E5%B2%B8%E4%B9%8B%E6%88%98,,未分级,前525年－ 长岸之战
422,spring_autumn,4,春秋时期（前770年－前476年）,前524年,宋、邾虫之战,https://zh.wikipedia.org/wiki/%E5%AE%8B%E3%80%81%E9%82%BE%E8%99%AB%E4%B9%8B%E6%88%98,,未分级,前524年－ 宋、邾虫之战
423,spring_autumn,4,春秋时期（前770年－前476年）,前523年,齐高发攻莒之战,https://zh.wikipedia.org/wiki/%E9%BD%90%E9%AB%98%E5%8F%91%E6%94%BB%E8%8E%92%E4%B9%8B%E6%88%98,,未分级,前523年－ 齐高发攻莒之战
424,spring_autumn,4,春秋时期（前770年－前476年）,前523年,楚舟师攻濮之战,https://zh.wikipedia.org/wiki/%E6%A5%9A%E8%88%9F%E5%B8%88%E6%94%BB%E6%BF%AE%E4%B9%8B%E6%88%98,,未分级,前523年－ 楚舟师攻濮之战
425,spring_autumn,4,春秋时期（前770年－前476年）,前522年,郑镇压萑苻奴隶之乱之战,https://zh.wikipedia.org/wiki/%E9%83%91%E9%95%87%E5%8E%8B%E8%90%91%E8%8B%BB%E5%A5%B4%E9%9A%B6%E4%B9%8B%E4%B9%B1%E4%B9%8B%E6%88%98,,未分级,前522年－ 郑镇压萑苻奴隶之乱之战
426,spring_autumn,4,春秋时期（前770年－前476年）,前521年,宋平华氏叛乱之战,https://zh.wikipedia.org/wiki/%E5%AE%8B%E5%B9%B3%E5%8D%8E%E6%B0%8F%E5%8F%9B%E4%B9%B1%E4%B9%8B%E6%88%98,,未分级,前521年－ 宋平华氏叛乱之战
427,spring_autumn,4,春秋时期（前770年－前476年）,前520年,周王子朝之乱之战,https://zh.wikipedia.org/wiki/%E7%8E%8B%E5%AD%90%E6%9C%9D%E4%B9%8B%E4%B9%B1,,未分级,前520年－ 周王子朝之乱之战
428,spring_autumn,4,春秋时期（前770年－前476年）,前520年,齐北郭启攻莒之战,https://zh.wikipedia.org/wiki/%E9%BD%90%E5%8C%97%E9%83%AD%E5%90%AF%E6%94%BB%E8%8E%92%E4%B9%8B%E6%88%98,,未分级,前520年－ 齐北郭启攻莒之战
429,spring_autumn,4,春秋时期（前770年－前476年）,前519年,鸡父之战,https://zh.wikipedia.org/wiki/%E9%B8%A1%E7%88%B6%E4%B9%8B%E6%88%98,,未分级,前519年－ 鸡父之战
430,spring_autumn,4,春秋时期（前770年－前476年）,前518年,吴灭巢与钟离之战,https://zh.wikipedia.org/wiki/%E5%90%B4%E7%81%AD%E5%B7%A2%E4%B8%8E%E9%92%9F%E7%A6%BB%E4%B9%8B%E6%88%98,,未分级,前518年－ 吴灭巢与钟离之战
431,spring_autumn,4,春秋时期（前770年－前476年）,前515年,吴、楚潜之战,https://zh.wikipedia.org/wiki/%E5%90%B4%E3%80%81%E6%A5%9A%E6%BD%9C%E4%B9%8B%E6%88%98,,未分级,前515年－ 吴、楚潜之战
432,spring_autumn,4,春秋时期（前770年－前476年）,前513年,郓民溃之战,https://zh.wikipedia.org/wiki/%E9%83%93%E6%B0%91%E6%BA%83%E4%B9%8B%E6%88%98,,未分级,前513年－ 郓民溃之战
433,spring_autumn,4,春秋时期（前770年－前476年）,前513年,赵车叛周之战,https://zh.wikipedia.org/wiki/%E8%B5%B5%E8%BD%A6%E5%8F%9B%E5%91%A8%E4%B9%8B%E6%88%98,,未分级,前513年－ 赵车叛周之战
434,spring_autumn,4,春秋时期（前770年－前476年）,前512年,吴灭徐之战,https://zh.wikipedia.org/wiki/%E5%90%B4%E7%81%AD%E5%BE%90%E4%B9%8B%E6%88%98,,未分级,前512年－ 吴灭徐之战
435,spring_autumn,4,春秋时期（前770年－前476年）,前511年,吴攻楚潜、六之战,https://zh.wikipedia.org/wiki/%E5%90%B4%E6%94%BB%E6%A5%9A%E6%BD%9C%E3%80%81%E5%85%AD%E4%B9%8B%E6%88%98,,未分级,前511年－ 吴攻楚潜、六之战
436,spring_autumn,4,春秋时期（前770年－前476年）,前510年,吴攻越檇里之战,https://zh.wikipedia.org/wiki/%E6%AA%87%E9%87%8C%E4%B9%8B%E6%88%98,,未分级,前510年－ 吴攻越檇里之战
437,spring_autumn,4,春秋时期（前770年－前476年）,前508年,豫章之战,https://zh.wikipedia.org/wiki/%E8%B1%AB%E7%AB%A0%E4%B9%8B%E6%88%98,,未分级,前508年－ 豫章之战
438,spring_autumn,4,春秋时期（前770年－前476年）,前507年,鲜虞攻晋平中之战,https://zh.wikipedia.org/wiki/%E9%B2%9C%E8%99%9E%E6%94%BB%E6%99%8B%E5%B9%B3%E4%B8%AD%E4%B9%8B%E6%88%98,,未分级,前507年－ 鲜虞攻晋平中之战
439,spring_autumn,4,春秋时期（前770年－前476年）,前506年,柏举之战,https://zh.wikipedia.org/wiki/%E6%9F%8F%E8%88%89%E4%B9%8B%E6%88%B0,,未分级,前506年－ 柏举之战
440,spring_autumn,4,春秋时期（前770年－前476年）,前506年,蔡灭沈之战,https://zh.wikipedia.org/wiki/%E8%94%A1%E7%81%AD%E6%B2%88%E4%B9%8B%E6%88%98,,未分级,前506年－ 蔡灭沈之战
441,spring_autumn,4,春秋时期（前770年－前476年）,前505年,复郢之战,https://zh.wikipedia.org/wiki/%E5%A4%8D%E9%83%A2%E4%B9%8B%E6%88%98,,未分级,前505年－ 复郢之战
442,spring_autumn,4,春秋时期（前770年－前476年）,前505年,越入吴之战,https://zh.wikipedia.org/wiki/%E8%B6%8A%E5%85%A5%E5%90%B4%E4%B9%8B%E6%88%98,,未分级,前505年－ 越入吴之战
443,spring_autumn,4,春秋时期（前770年－前476年）,前504年,郑破许之战,https://zh.wikipedia.org/wiki/%E9%83%91%E7%A0%B4%E8%AE%B8%E4%B9%8B%E6%88%98,,未分级,前504年－ 郑破许之战
444,spring_autumn,4,春秋时期（前770年－前476年）,前504年,鲁攻郑取匡之战,https://zh.wikipedia.org/wiki/%E9%B2%81%E6%94%BB%E9%83%91%E5%8F%96%E5%8C%A1%E4%B9%8B%E6%88%98,,未分级,前504年－ 鲁攻郑取匡之战
445,spring_autumn,4,春秋时期（前770年－前476年）,前504年,吴败楚水、陆军之战,https://zh.wikipedia.org/wiki/%E5%90%B4%E8%B4%A5%E6%A5%9A%E6%B0%B4%E3%80%81%E9%99%86%E5%86%9B%E4%B9%8B%E6%88%98,,未分级,前504年－ 吴败楚水、陆军之战
446,spring_autumn,4,春秋时期（前770年－前476年）,前503年,齐攻鲁之战,https://zh.wikipedia.org/wiki/%E9%BD%90%E6%94%BB%E9%B2%81%E4%B9%8B%E6%88%98,,未分级,前503年－ 齐攻鲁之战
447,spring_autumn,4,春秋时期（前770年－前476年）,前502年,鲁平阳虎之战,https://zh.wikipedia.org/wiki/%E9%B2%81%E5%B9%B3%E9%98%B3%E8%99%8E%E4%B9%8B%E6%88%98,,未分级,前502年－ 鲁平阳虎之战
448,spring_autumn,4,春秋时期（前770年－前476年）,前501年,中牟之战,https://zh.wikipedia.org/wiki/%E4%B8%AD%E7%89%9F%E4%B9%8B%E6%88%98,,未分级,前501年－ 中牟之战
449,spring_autumn,4,春秋时期（前770年－前476年）,前501年,鲁攻齐阳州之战,https://zh.wikipedia.org/wiki/%E9%B2%81%E6%94%BB%E9%BD%90%E9%98%B3%E5%B7%9E%E4%B9%8B%E6%88%98,,未分级,前501年－ 鲁攻齐阳州之战
450,spring_autumn,4,春秋时期（前770年－前476年）,前501年,周平仪栗之战,https://zh.wikipedia.org/wiki/%E5%91%A8%E5%B9%B3%E4%BB%AA%E6%A0%97%E4%B9%8B%E6%88%98,,未分级,前501年－ 周平仪栗之战
451,spring_autumn,4,春秋时期（前770年－前476年）,前500年,晋攻卫之战,https://zh.wikipedia.org/wiki/%E6%99%8B%E6%94%BB%E5%8D%AB%E4%B9%8B%E6%88%98,,未分级,前500年－ 晋攻卫之战
452,spring_autumn,4,春秋时期（前770年－前476年）,前500年,鲁攻侯犯之战,https://zh.wikipedia.org/wiki/%E9%B2%81%E6%94%BB%E4%BE%AF%E7%8A%AF%E4%B9%8B%E6%88%98,,未分级,前500年－ 鲁攻侯犯之战
453,spring_autumn,4,春秋时期（前770年－前476年）,前498年,卫攻曹占郊之战,https://zh.wikipedia.org/wiki/%E5%8D%AB%E6%94%BB%E6%9B%B9%E5%8D%A0%E9%83%8A%E4%B9%8B%E6%88%98,,未分级,前498年－ 卫攻曹占郊之战
454,spring_autumn,4,春秋时期（前770年－前476年）,前498年,费人攻鲁反堕三都之战,https://zh.wikipedia.org/wiki/%E5%A0%95%E4%B8%89%E9%83%BD,,未分级,前498年－ 费人攻鲁反堕三都之战
455,spring_autumn,4,春秋时期（前770年－前476年）,前497年,晋卿争权之战,https://zh.wikipedia.org/wiki/%E6%99%8B%E5%8D%BF%E4%BA%89%E6%9D%83%E4%B9%8B%E6%88%98,,未分级,前497年－ 晋卿争权之战
456,spring_autumn,4,春秋时期（前770年－前476年）,前497年,联合攻晋之战,https://zh.wikipedia.org/wiki/%E8%81%94%E5%90%88%E6%94%BB%E6%99%8B%E4%B9%8B%E6%88%98,,未分级,前497年－ 联合攻晋之战
457,spring_autumn,4,春秋时期（前770年－前476年）,前496年,檇李之战,https://zh.wikipedia.org/wiki/%E6%AA%87%E6%9D%8E%E4%B9%8B%E6%88%B0,,未分级,前496年－ 檇李之战
458,spring_autumn,4,春秋时期（前770年－前476年）,前496年,楚灭顿之战,https://zh.wikipedia.org/wiki/%E6%A5%9A%E7%81%AD%E9%A1%BF%E4%B9%8B%E6%88%98,,未分级,前496年－ 楚灭顿之战
459,spring_autumn,4,春秋时期（前770年－前476年）,前495年,楚灭胡之战,https://zh.wikipedia.org/wiki/%E6%A5%9A%E7%81%AD%E8%83%A1%E4%B9%8B%E6%88%98,,未分级,前495年－ 楚灭胡之战
460,spring_autumn,4,春秋时期（前770年－前476年）,前495年,郑罕达攻宋之战,https://zh.wikipedia.org/wiki/%E9%83%91%E7%BD%95%E8%BE%BE%E6%94%BB%E5%AE%8B%E4%B9%8B%E6%88%98,,未分级,前495年－ 郑罕达攻宋之战
461,spring_autumn,4,春秋时期（前770年－前476年）,前494年,夫椒之战,https://zh.wikipedia.org/wiki/%E5%A4%AB%E6%A4%92%E4%B9%8B%E6%88%98,,未分级,前494年－ 夫椒之战
462,spring_autumn,4,春秋时期（前770年－前476年）,前494年,楚攻蔡之战,https://zh.wikipedia.org/wiki/%E6%A5%9A%E6%94%BB%E8%94%A1%E4%B9%8B%E6%88%98,,未分级,前494年－ 楚攻蔡之战
463,spring_autumn,4,春秋时期（前770年－前476年）,前494年,齐、卫、鲁、鲜虞救范氏之战,https://zh.wikipedia.org/wiki/%E9%BD%90%E3%80%81%E5%8D%AB%E3%80%81%E9%B2%81%E3%80%81%E9%B2%9C%E8%99%9E%E6%95%91%E8%8C%83%E6%B0%8F%E4%B9%8B%E6%88%98,,未分级,前494年－ 齐、卫、鲁、鲜虞救范氏之战
464,spring_autumn,4,春秋时期（前770年－前476年）,前493年,齐、郑攻晋之战,https://zh.wikipedia.org/wiki/%E9%BD%90%E3%80%81%E9%83%91%E6%94%BB%E6%99%8B%E4%B9%8B%E6%88%98,,未分级,前493年－ 齐、郑攻晋之战
465,spring_autumn,4,春秋时期（前770年－前476年）,前493年,鲁攻邾之战,https://zh.wikipedia.org/wiki/%E9%B2%81%E6%94%BB%E9%82%BE%E4%B9%8B%E6%88%98,,未分级,前493年－ 鲁攻邾之战
466,spring_autumn,4,春秋时期（前770年－前476年）,前492年,齐、卫攻戚之战,https://zh.wikipedia.org/wiki/%E9%BD%90%E3%80%81%E5%8D%AB%E6%94%BB%E6%88%9A%E4%B9%8B%E6%88%98,,未分级,前492年－ 齐、卫攻戚之战
467,spring_autumn,4,春秋时期（前770年－前476年）,前492年,赵鞅围朝歌之战,https://zh.wikipedia.org/wiki/%E8%B5%B5%E9%9E%85%E5%9B%B4%E6%9C%9D%E6%AD%8C%E4%B9%8B%E6%88%98,,未分级,前492年－ 赵鞅围朝歌之战
468,spring_autumn,4,春秋时期（前770年－前476年）,前491年,赵鞅围邯郸之战,https://zh.wikipedia.org/wiki/%E8%B5%B5%E9%9E%85%E5%9B%B4%E9%82%AF%E9%83%B8%E4%B9%8B%E6%88%98,,未分级,前491年－ 赵鞅围邯郸之战
469,spring_autumn,4,春秋时期（前770年－前476年）,前491年,楚灭戎蛮之战,https://zh.wikipedia.org/wiki/%E6%A5%9A%E7%81%AD%E6%88%8E%E8%9B%AE%E4%B9%8B%E6%88%98,,未分级,前491年－ 楚灭戎蛮之战
470,spring_autumn,4,春秋时期（前770年－前476年）,前491年,齐国夏攻晋占八邑之战,https://zh.wikipedia.org/wiki/%E9%BD%90%E5%9B%BD%E5%A4%8F%E6%94%BB%E6%99%8B%E5%8D%A0%E5%85%AB%E9%82%91%E4%B9%8B%E6%88%98,,未分级,前491年－ 齐国夏攻晋占八邑之战
471,spring_autumn,4,春秋时期（前770年－前476年）,前490年,晋军围柏人之战,https://zh.wikipedia.org/wiki/%E6%99%8B%E5%86%9B%E5%9B%B4%E6%9F%8F%E4%BA%BA%E4%B9%8B%E6%88%98,,未分级,前490年－ 晋军围柏人之战
472,spring_autumn,4,春秋时期（前770年－前476年）,前490年,晋赵鞅攻卫之战,https://zh.wikipedia.org/wiki/%E6%99%8B%E8%B5%B5%E9%9E%85%E6%94%BB%E5%8D%AB%E4%B9%8B%E6%88%98,,未分级,前490年－ 晋赵鞅攻卫之战
473,spring_autumn,4,春秋时期（前770年－前476年）,前489年,赵鞅攻鲜虞之战,https://zh.wikipedia.org/wiki/%E8%B5%B5%E9%9E%85%E6%94%BB%E9%B2%9C%E8%99%9E%E4%B9%8B%E6%88%98,,未分级,前489年－ 赵鞅攻鲜虞之战
474,spring_autumn,4,春秋时期（前770年－前476年）,前489年,齐内乱之战,https://zh.wikipedia.org/wiki/%E9%BD%8A%E5%85%A7%E4%BA%82%E4%B9%8B%E6%88%B0,,未分级,前489年－ 齐内乱之战
475,spring_autumn,4,春秋时期（前770年－前476年）,前489年,吴攻陈城父之战,https://zh.wikipedia.org/wiki/%E5%90%B4%E6%94%BB%E9%99%88%E5%9F%8E%E7%88%B6%E4%B9%8B%E6%88%98,,未分级,前489年－ 吴攻陈城父之战
476,spring_autumn,4,春秋时期（前770年－前476年）,前488年,鲁攻邾之战,https://zh.wikipedia.org/wiki/%E9%B2%81%E6%94%BB%E9%82%BE%E4%B9%8B%E6%88%98,,未分级,前488年－ 鲁攻邾之战
477,spring_autumn,4,春秋时期（前770年－前476年）,前487年,宋灭曹之战,https://zh.wikipedia.org/wiki/%E5%AE%8B%E7%81%AD%E6%9B%B9%E4%B9%8B%E6%88%98,,未分级,前487年－ 宋灭曹之战
478,spring_autumn,4,春秋时期（前770年－前476年）,前487年,吴攻鲁夷之战,https://zh.wikipedia.org/wiki/%E5%A4%B7%E4%B9%8B%E6%88%98,,未分级,前487年－ 吴攻鲁夷之战
479,spring_autumn,4,春秋时期（前770年－前476年）,前487年,齐鲍牧攻鲁之战,https://zh.wikipedia.org/wiki/%E9%BD%90%E9%B2%8D%E7%89%A7%E6%94%BB%E9%B2%81%E4%B9%8B%E6%88%98,,未分级,前487年－ 齐鲍牧攻鲁之战
480,spring_autumn,4,春秋时期（前770年－前476年）,前486年,雍丘之战,https://zh.wikipedia.org/wiki/%E9%9B%8D%E4%B8%98%E4%B9%8B%E6%88%98,,未分级,前486年－ 雍丘之战
481,spring_autumn,4,春秋时期（前770年－前476年）,前486年,楚攻陈之战,https://zh.wikipedia.org/wiki/%E6%A5%9A%E6%94%BB%E9%99%88%E4%B9%8B%E6%88%98,,未分级,前486年－ 楚攻陈之战
482,spring_autumn,4,春秋时期（前770年－前476年）,前485年,吴舟师攻齐之战,https://zh.wikipedia.org/wiki/%E5%90%B4%E8%88%9F%E5%B8%88%E6%94%BB%E9%BD%90%E4%B9%8B%E6%88%98,,未分级,前485年－ 吴舟师攻齐之战
483,spring_autumn,4,春秋时期（前770年－前476年）,前485年,吴、鲁、邾、郯攻齐之战,https://zh.wikipedia.org/wiki/%E5%90%B4%E3%80%81%E9%B2%81%E3%80%81%E9%82%BE%E3%80%81%E9%83%AF%E6%94%BB%E9%BD%90%E4%B9%8B%E6%88%98,,未分级,前485年－ 吴、鲁、邾、郯攻齐之战
484,spring_autumn,4,春秋时期（前770年－前476年）,前485年,晋赵鞅攻齐之战,https://zh.wikipedia.org/wiki/%E6%99%8B%E8%B5%B5%E9%9E%85%E6%94%BB%E9%BD%90%E4%B9%8B%E6%88%98,,未分级,前485年－ 晋赵鞅攻齐之战
485,spring_autumn,4,春秋时期（前770年－前476年）,前484年,稷曲之战,https://zh.wikipedia.org/wiki/%E7%A8%B7%E6%9B%B2%E4%B9%8B%E6%88%98,,未分级,前484年－ 稷曲之战
486,spring_autumn,4,春秋时期（前770年－前476年）,前484年,艾陵之战,https://zh.wikipedia.org/wiki/%E8%89%BE%E9%99%B5%E4%B9%8B%E6%88%98,,未分级,前484年－ 艾陵之战
487,spring_autumn,4,春秋时期（前770年－前476年）,前483年,锡嵓之战,https://zh.wikipedia.org/wiki/%E9%94%A1%E5%B5%93%E4%B9%8B%E6%88%98,,未分级,前483年－ 锡嵓之战
488,spring_autumn,4,春秋时期（前770年－前476年）,前482年,越袭吴都之战,https://zh.wikipedia.org/wiki/%E8%B6%8A%E7%81%AD%E5%90%B4%E4%B9%8B%E6%88%98#%E8%B6%8A%E8%A2%AD%E5%90%B4%E9%83%BD%E4%B9%8B%E6%88%98,,未分级,前482年－ 越袭吴都之战
489,spring_autumn,4,春秋时期（前770年－前476年）,前480年,楚子西攻吴之战,https://zh.wikipedia.org/wiki/%E6%A5%9A%E5%AD%90%E8%A5%BF%E6%94%BB%E5%90%B4%E4%B9%8B%E6%88%98,,未分级,前480年－ 楚子西攻吴之战
490,spring_autumn,4,春秋时期（前770年－前476年）,前479年,白公之乱,https://zh.wikipedia.org/wiki/%E7%99%BD%E5%85%AC%E4%B9%8B%E4%BA%82,,未分级,前479年－ 白公之乱
491,spring_autumn,4,春秋时期（前770年－前476年）,前478年,楚灭陈之战,https://zh.wikipedia.org/wiki/%E6%A5%9A%E7%81%AD%E9%99%88%E4%B9%8B%E6%88%98,,未分级,前478年－ 楚灭陈之战
492,spring_autumn,4,春秋时期（前770年－前476年）,前478年,笠泽之战,https://zh.wikipedia.org/wiki/%E7%AC%A0%E6%B3%BD%E4%B9%8B%E6%88%98,,未分级,前478年－ 笠泽之战
493,spring_autumn,4,春秋时期（前770年－前476年）,前477年,巴攻楚围鄾之战,https://zh.wikipedia.org/wiki/%E5%B7%B4%E6%94%BB%E6%A5%9A%E5%9B%B4%E9%84%BE%E4%B9%8B%E6%88%98,,未分级,前477年－ 巴攻楚围鄾之战
494,spring_autumn,4,春秋时期（前770年－前476年）,前476年,楚率诸侯攻东夷之战,https://zh.wikipedia.org/wiki/%E6%A5%9A%E7%8E%87%E8%AF%B8%E4%BE%AF%E6%94%BB%E4%B8%9C%E5%A4%B7%E4%B9%8B%E6%88%98,,未分级,前476年－ 楚率诸侯攻东夷之战
495,warring_states_qin,5,战国时期（前475年－前221年）－秦朝（前221年－前207年）,前475年,越王勾践灭吴之战,https://zh.wikipedia.org/wiki/%E8%B6%8A%E7%81%AD%E5%90%B4%E4%B9%8B%E6%88%98,前473年,未分级,前475年－前473年－ 越王勾践灭吴之战
496,warring_states_qin,5,战国时期（前475年－前221年）－秦朝（前221年－前207年）,前468年,晋智瑶攻郑之战,https://zh.wikipedia.org/wiki/%E6%99%8B%E6%99%BA%E7%91%B6%E6%94%BB%E9%83%91%E4%B9%8B%E6%88%98,前464年,未分级,前468年－前464年－ 晋智瑶攻郑之战
497,warring_states_qin,5,战国时期（前475年－前221年）－秦朝（前221年－前207年）,前455年,晋阳之战（三家灭智）,https://zh.wikipedia.org/wiki/%E6%99%89%E9%99%BD%E4%B9%8B%E6%88%B0,前453年,未分级,前455年－前453年－ 晋阳之战（三家灭智）
498,warring_states_qin,5,战国时期（前475年－前221年）－秦朝（前221年－前207年）,前447年,楚灭蔡之战,https://zh.wikipedia.org/wiki/%E6%A5%9A%E7%81%AD%E8%94%A1%E4%B9%8B%E6%88%98,,未分级,前447年－ 楚灭蔡之战
499,warring_states_qin,5,战国时期（前475年－前221年）－秦朝（前221年－前207年）,前434年,三家分晋,https://zh.wikipedia.org/wiki/%E4%B8%89%E5%AE%B6%E5%88%86%E6%99%89,前403年,未分级,前434年－前403年－ 三家分晋
500,warring_states_qin,5,战国时期（前475年－前221年）－秦朝（前221年－前207年）,前419年,河西之战（前期）,https://zh.wikipedia.org/wiki/%E6%B2%B3%E8%A5%BF%E4%B9%8B%E6%88%98_(%E6%88%98%E5%9B%BD),前408年－  （ 秦 魏 对峙九十年）,未分级,前419年－前408年－ 河西之战（前期） （ 秦 魏 对峙九十年）
501,warring_states_qin,5,战国时期（前475年－前221年）－秦朝（前221年－前207年）,前408年,魏灭中山之战,https://zh.wikipedia.org/wiki/%E9%AD%8F%E6%BB%85%E4%B8%AD%E5%B1%B1%E4%B9%8B%E6%88%B0,前406年,未分级,前408年－前406年－ 魏灭中山之战
502,warring_states_qin,5,战国时期（前475年－前221年）－秦朝（前221年－前207年）,前405年,三晋伐齐之战,https://zh.wikipedia.org/wiki/%E4%B8%89%E6%99%89%E4%BC%90%E9%BD%8A%E4%B9%8B%E6%88%B0,前404年,未分级,前405年－前404年－ 三晋伐齐之战
503,warring_states_qin,5,战国时期（前475年－前221年）－秦朝（前221年－前207年）,前389年,阴晋之战,https://zh.wikipedia.org/wiki/%E9%99%B0%E6%99%89%E4%B9%8B%E6%88%B0,,未分级,前389年－ 阴晋之战
504,warring_states_qin,5,战国时期（前475年－前221年）－秦朝（前221年－前207年）,前383年,棘蒲之战,https://zh.wikipedia.org/wiki/%E6%A3%98%E8%92%B2%E4%B9%8B%E6%88%B0,前381年,未分级,前383年－前381年－ 棘蒲之战
505,warring_states_qin,5,战国时期（前475年－前221年）－秦朝（前221年－前207年）,前375年,韩灭郑之战,https://zh.wikipedia.org/wiki/%E9%9F%93%E6%BB%85%E9%84%AD%E4%B9%8B%E6%88%B0,,未分级,前375年－ 韩灭郑之战
506,warring_states_qin,5,战国时期（前475年－前221年）－秦朝（前221年－前207年）,前369年,浊泽之战,https://zh.wikipedia.org/wiki/%E6%BF%81%E6%BE%A4%E4%B9%8B%E6%88%B0,,未分级,前369年－ 浊泽之战
507,warring_states_qin,5,战国时期（前475年－前221年）－秦朝（前221年－前207年）,前366年,河西之战（后期）,https://zh.wikipedia.org/wiki/%E6%B2%B3%E8%A5%BF%E4%B9%8B%E6%88%98_(%E6%88%98%E5%9B%BD),前330年－  （ 魏长城 ）,未分级,前366年－前330年－ 河西之战（后期） （ 魏长城 ）
508,warring_states_qin,5,战国时期（前475年－前221年）－秦朝（前221年－前207年）,前362年,浍北之战,https://zh.wikipedia.org/wiki/%E6%B5%8D%E5%8C%97%E4%B9%8B%E6%88%98,,未分级,前362年－ 浍北之战
509,warring_states_qin,5,战国时期（前475年－前221年）－秦朝（前221年－前207年）,前354年,桂陵之战,https://zh.wikipedia.org/wiki/%E6%A1%82%E9%99%B5%E4%B9%8B%E6%88%B0,前353年,未分级,前354年－前353年－ 桂陵之战
510,warring_states_qin,5,战国时期（前475年－前221年）－秦朝（前221年－前207年）,前342年,马陵之战,https://zh.wikipedia.org/wiki/%E9%A6%AC%E9%99%B5%E4%B9%8B%E6%88%B0,,未分级,前342年－ 马陵之战
511,warring_states_qin,5,战国时期（前475年－前221年）－秦朝（前221年－前207年）,前323年,桑丘之战,https://zh.wikipedia.org/wiki/%E6%A1%91%E4%B8%98%E4%B9%8B%E6%88%B0,,未分级,前323年－ 桑丘之战
512,warring_states_qin,5,战国时期（前475年－前221年）－秦朝（前221年－前207年）,前318年,函谷关之战 (前318年),https://zh.wikipedia.org/wiki/%E5%87%BD%E8%B0%B7%E5%85%B3%E4%B9%8B%E6%88%98_(%E5%89%8D318%E5%B9%B4),,未分级,前318年－ 函谷关之战 (前318年)
513,warring_states_qin,5,战国时期（前475年－前221年）－秦朝（前221年－前207年）,年代未详,观泽之战,https://zh.wikipedia.org/wiki/%E8%A7%80%E6%BE%A4%E4%B9%8B%E6%88%B0,前317年一,未分级,前317年一 观泽之战
514,warring_states_qin,5,战国时期（前475年－前221年）－秦朝（前221年－前207年）,前316年,秦灭巴蜀之战,https://zh.wikipedia.org/wiki/%E7%A7%A6%E6%BB%85%E5%B7%B4%E8%9C%80%E4%B9%8B%E6%88%B0,,未分级,前316年－ 秦灭巴蜀之战
515,warring_states_qin,5,战国时期（前475年－前221年）－秦朝（前221年－前207年）,前314年,齐破燕之战,https://zh.wikipedia.org/wiki/%E9%BD%90%E7%A0%B4%E7%87%95%E4%B9%8B%E6%88%98,,未分级,前314年－ 齐破燕之战
516,warring_states_qin,5,战国时期（前475年－前221年）－秦朝（前221年－前207年）,前312年,丹阳、蓝田之战,https://zh.wikipedia.org/wiki/%E4%B8%B9%E9%98%B3%E3%80%81%E8%93%9D%E7%94%B0%E4%B9%8B%E6%88%98,,未分级,前312年－ 丹阳、蓝田之战
517,warring_states_qin,5,战国时期（前475年－前221年）－秦朝（前221年－前207年）,前308年,宜阳之战,https://zh.wikipedia.org/wiki/%E5%AE%9C%E9%99%BD%E4%B9%8B%E6%88%B0,,未分级,前308年－ 宜阳之战
518,warring_states_qin,5,战国时期（前475年－前221年）－秦朝（前221年－前207年）,前307年,赵灭中山之战,https://zh.wikipedia.org/wiki/%E8%B6%99%E6%BB%85%E4%B8%AD%E5%B1%B1%E4%B9%8B%E6%88%B0,前296年,未分级,前307年－前296年－ 赵灭中山之战
519,warring_states_qin,5,战国时期（前475年－前221年）－秦朝（前221年－前207年）,前306年,楚破越之战,https://zh.wikipedia.org/wiki/%E6%A5%9A%E7%A0%B4%E8%B6%8A,,未分级,前306年－ 楚破越之战
520,warring_states_qin,5,战国时期（前475年－前221年）－秦朝（前221年－前207年）,前301年,垂沙之战,https://zh.wikipedia.org/wiki/%E5%9E%82%E6%B2%99%E4%B9%8B%E6%88%B0,,未分级,前301年－ 垂沙之战
521,warring_states_qin,5,战国时期（前475年－前221年）－秦朝（前221年－前207年）,前298年,函谷关之战 (前298年),https://zh.wikipedia.org/wiki/%E5%87%BD%E8%B0%B7%E9%97%9C%E4%B9%8B%E6%88%B0_(%E5%89%8D298%E5%B9%B4),前296年,未分级,前298年－前296年－ 函谷关之战 (前298年)
522,warring_states_qin,5,战国时期（前475年－前221年）－秦朝（前221年－前207年）,前293年,伊阙之战,https://zh.wikipedia.org/wiki/%E4%BC%8A%E9%97%95%E4%B9%8B%E6%88%B0,,未分级,前293年－ 伊阙之战
523,warring_states_qin,5,战国时期（前475年－前221年）－秦朝（前221年－前207年）,前286年,齐灭宋之战,https://zh.wikipedia.org/wiki/%E9%BD%8A%E6%BB%85%E5%AE%8B%E4%B9%8B%E6%88%B0,,未分级,前286年－ 齐灭宋之战
524,warring_states_qin,5,战国时期（前475年－前221年）－秦朝（前221年－前207年）,前284年,济西之战,https://zh.wikipedia.org/wiki/%E6%BF%9F%E8%A5%BF%E4%B9%8B%E6%88%B0,,未分级,前284年－ 济西之战
525,warring_states_qin,5,战国时期（前475年－前221年）－秦朝（前221年－前207年）,前284年,即墨之战,https://zh.wikipedia.org/wiki/%E5%8D%B3%E5%A2%A8%E4%B9%8B%E6%88%B0,前279年,未分级,前284年－前279年－ 即墨之战
526,warring_states_qin,5,战国时期（前475年－前221年）－秦朝（前221年－前207年）,前280年,黔中之战,https://zh.wikipedia.org/wiki/%E9%BB%94%E4%B8%AD%E4%B9%8B%E6%88%B0,,未分级,前280年－ 黔中之战
527,warring_states_qin,5,战国时期（前475年－前221年）－秦朝（前221年－前207年）,前279年,鄢郢之战,https://zh.wikipedia.org/wiki/%E9%84%A2%E9%83%A2%E4%B9%8B%E6%88%B0,前278年,未分级,前279年－前278年－ 鄢郢之战
528,warring_states_qin,5,战国时期（前475年－前221年）－秦朝（前221年－前207年）,前273年,华阳之战,https://zh.wikipedia.org/wiki/%E8%8F%AF%E9%99%BD%E4%B9%8B%E6%88%B0,,未分级,前273年－ 华阳之战
529,warring_states_qin,5,战国时期（前475年－前221年）－秦朝（前221年－前207年）,前269年,阏与之战,https://zh.wikipedia.org/wiki/%E9%96%BC%E8%88%87%E4%B9%8B%E6%88%B0,,未分级,前269年－ 阏与之战
530,warring_states_qin,5,战国时期（前475年－前221年）－秦朝（前221年－前207年）,前265年,赵破匈奴之战,https://zh.wikipedia.org/wiki/%E8%B6%99%E7%A0%B4%E5%8C%88%E5%A5%B4%E4%B9%8B%E6%88%B0,（ 赵长城 ）,未分级,前265年－ 赵破匈奴之战 （ 赵长城 ）
531,warring_states_qin,5,战国时期（前475年－前221年）－秦朝（前221年－前207年）,前264年,陉城之战,https://zh.wikipedia.org/wiki/%E9%99%98%E5%9F%8E%E4%B9%8B%E6%88%B0,,未分级,前264年－ 陉城之战
532,warring_states_qin,5,战国时期（前475年－前221年）－秦朝（前221年－前207年）,前260年,长平之战,https://zh.wikipedia.org/wiki/%E9%95%B7%E5%B9%B3%E4%B9%8B%E6%88%B0,（ 长平之战遗址 ）（可信）,可信,前260年－ 长平之战 （ 长平之战遗址 ）（可信）
533,warring_states_qin,5,战国时期（前475年－前221年）－秦朝（前221年－前207年）,前259年,邯郸之战,https://zh.wikipedia.org/wiki/%E9%82%AF%E9%84%B2%E4%B9%8B%E6%88%B0,前257年－  （ 赵邯郸故城 ）,未分级,前259年－前257年－ 邯郸之战 （ 赵邯郸故城 ）
534,warring_states_qin,5,战国时期（前475年－前221年）－秦朝（前221年－前207年）,前256年,楚灭鲁之战,https://zh.wikipedia.org/wiki/%E6%A5%9A%E6%BB%85%E9%AD%AF%E4%B9%8B%E6%88%B0,,未分级,前256年－ 楚灭鲁之战
535,warring_states_qin,5,战国时期（前475年－前221年）－秦朝（前221年－前207年）,前256年,秦灭西周之战,https://zh.wikipedia.org/wiki/%E7%A7%A6%E7%81%AD%E8%A5%BF%E5%91%A8%E4%B9%8B%E6%88%98,前255年,未分级,前256年－前255年－ 秦灭西周之战
536,warring_states_qin,5,战国时期（前475年－前221年）－秦朝（前221年－前207年）,前251年,鄗代之战,https://zh.wikipedia.org/wiki/%E9%84%97%E4%BB%A3%E4%B9%8B%E6%88%B0,,未分级,前251年－ 鄗代之战
537,warring_states_qin,5,战国时期（前475年－前221年）－秦朝（前221年－前207年）,前249年,秦灭东周之战,https://zh.wikipedia.org/wiki/%E7%A7%A6%E7%81%AD%E4%B8%9C%E5%91%A8%E4%B9%8B%E6%88%98,,未分级,前249年－ 秦灭东周之战
538,warring_states_qin,5,战国时期（前475年－前221年）－秦朝（前221年－前207年）,前247年,河外之战,https://zh.wikipedia.org/wiki/%E6%B2%B3%E5%A4%96%E4%B9%8B%E6%88%B0,,未分级,前247年－ 河外之战
539,warring_states_qin,5,战国时期（前475年－前221年）－秦朝（前221年－前207年）,前241年,函谷关之战 (前241年),https://zh.wikipedia.org/wiki/%E5%87%BD%E8%B0%B7%E9%97%9C%E4%B9%8B%E6%88%B0_(%E5%89%8D241%E5%B9%B4),,未分级,前241年－ 函谷关之战 (前241年)
540,warring_states_qin,5,战国时期（前475年－前221年）－秦朝（前221年－前207年）,前236年,秦统一六国之战,https://zh.wikipedia.org/wiki/%E7%A7%A6%E7%BB%9F%E4%B8%80%E5%85%AD%E5%9B%BD%E4%B9%8B%E6%88%98,前221年－  前236年－ 邺之战 (前236年) 前234年－ 秦赵平阳之战 前233年－ 肥之战 前232年－ 番吾之战 前231年－前230年－ 秦灭韩之战 前229年－前222年－ 秦灭赵之战 前227年－前222年－ 秦灭燕之战 前226年－前223年－ 秦灭楚之战 前225年－ 秦灭魏之战 前221年－ 秦灭齐之战,未分级,前236年－前221年－ 秦统一六国之战 前236年－ 邺之战 (前236年) 前234年－ 秦赵平阳之战 前233年－ 肥之战 前232年－ 番吾之战 前231年－前230年－ 秦灭韩之战 前229年－前222年－ 秦灭赵之战 前227年－前222年－ 秦灭燕之战 前226年－前223年－ 秦灭楚之战 前225年－ 秦灭魏之战 前221年－ 秦灭齐之战
541,warring_states_qin,5,战国时期（前475年－前221年）－秦朝（前221年－前207年）,前236年,邺之战 (前236年),https://zh.wikipedia.org/wiki/%E9%84%B4%E4%B9%8B%E6%88%B0_(%E5%89%8D236%E5%B9%B4),,未分级,前236年－ 邺之战 (前236年)
542,warring_states_qin,5,战国时期（前475年－前221年）－秦朝（前221年－前207年）,前234年,秦赵平阳之战,https://zh.wikipedia.org/wiki/%E7%A7%A6%E8%B5%B5%E5%B9%B3%E9%98%B3%E4%B9%8B%E6%88%98,,未分级,前234年－ 秦赵平阳之战
543,warring_states_qin,5,战国时期（前475年－前221年）－秦朝（前221年－前207年）,前233年,肥之战,https://zh.wikipedia.org/wiki/%E8%82%A5%E4%B9%8B%E6%88%B0,,未分级,前233年－ 肥之战
544,warring_states_qin,5,战国时期（前475年－前221年）－秦朝（前221年－前207年）,前232年,番吾之战,https://zh.wikipedia.org/wiki/%E7%95%AA%E5%90%BE%E4%B9%8B%E6%88%98,,未分级,前232年－ 番吾之战
545,warring_states_qin,5,战国时期（前475年－前221年）－秦朝（前221年－前207年）,前231年,秦灭韩之战,https://zh.wikipedia.org/wiki/%E7%A7%A6%E6%BB%85%E9%9F%93%E4%B9%8B%E6%88%B0,前230年,未分级,前231年－前230年－ 秦灭韩之战
546,warring_states_qin,5,战国时期（前475年－前221年）－秦朝（前221年－前207年）,前229年,秦灭赵之战,https://zh.wikipedia.org/wiki/%E7%A7%A6%E6%BB%85%E8%B6%99%E4%B9%8B%E6%88%B0,前222年,未分级,前229年－前222年－ 秦灭赵之战
547,warring_states_qin,5,战国时期（前475年－前221年）－秦朝（前221年－前207年）,前227年,秦灭燕之战,https://zh.wikipedia.org/wiki/%E7%A7%A6%E6%BB%85%E7%87%95%E4%B9%8B%E6%88%B0,前222年,未分级,前227年－前222年－ 秦灭燕之战
548,warring_states_qin,5,战国时期（前475年－前221年）－秦朝（前221年－前207年）,前226年,秦灭楚之战,https://zh.wikipedia.org/wiki/%E7%A7%A6%E6%BB%85%E6%A5%9A%E4%B9%8B%E6%88%B0,前223年,未分级,前226年－前223年－ 秦灭楚之战
549,warring_states_qin,5,战国时期（前475年－前221年）－秦朝（前221年－前207年）,前225年,秦灭魏之战,https://zh.wikipedia.org/wiki/%E7%A7%A6%E6%BB%85%E9%AD%8F%E4%B9%8B%E6%88%B0,,未分级,前225年－ 秦灭魏之战
550,warring_states_qin,5,战国时期（前475年－前221年）－秦朝（前221年－前207年）,前221年,秦灭齐之战,https://zh.wikipedia.org/wiki/%E7%A7%A6%E6%BB%85%E9%BD%8A%E4%B9%8B%E6%88%B0,,未分级,前221年－ 秦灭齐之战
551,warring_states_qin,5,战国时期（前475年－前221年）－秦朝（前221年－前207年）,前214年,秦蒙恬攻匈奴之战,https://zh.wikipedia.org/wiki/%E7%A7%A6%E8%92%99%E6%81%AC%E6%94%BB%E5%8C%88%E5%A5%B4%E4%B9%8B%E6%88%98,前213年－  （ 秦长城 ）,未分级,前214年－前213年－ 秦蒙恬攻匈奴之战 （ 秦长城 ）
552,qin_han,6,秦汉（前221－220）,前209年,秦末民变,https://zh.wikipedia.org/wiki/%E7%A7%A6%E6%9C%AB%E6%B0%91%E5%8F%98,,未分级,前209年－ 秦末民变
553,qin_han,6,秦汉（前221－220）,前209年,戏之战,https://zh.wikipedia.org/wiki/%E6%88%8F%E4%B9%8B%E6%88%98,,未分级,前209年－ 戏之战
554,qin_han,6,秦汉（前221－220）,前208年,项羽、刘邦灭秦之战,https://zh.wikipedia.org/wiki/%E9%A1%B9%E7%BE%BD%E3%80%81%E5%88%98%E9%82%A6%E7%81%AD%E7%A7%A6%E4%B9%8B%E6%88%98,,未分级,前208年－ 项羽、刘邦灭秦之战
555,qin_han,6,秦汉（前221－220）,前207年,巨鹿之战,https://zh.wikipedia.org/wiki/%E5%B7%A8%E9%B9%BF%E4%B9%8B%E6%88%98,,未分级,前207年－ 巨鹿之战
556,qin_han,6,秦汉（前221－220）,前207年,漳污之战,https://zh.wikipedia.org/wiki/%E6%BC%B3%E6%B1%A1%E4%B9%8B%E6%88%98,,未分级,前207年－ 漳污之战
557,qin_han,6,秦汉（前221－220）,前206年,楚汉战争,https://zh.wikipedia.org/wiki/%E6%A5%9A%E6%B1%89%E6%88%98%E4%BA%89,前202年－  前206年－ 三秦战役 前206年－ 陈仓之战 前205年－ 彭城之战 前205年－ 成皋之战 （ 史记 《 高祖本纪 》、史记《 项羽本纪 》记载矛盾，从 历史地理学 看史记《项羽本纪》可信度高） 前205年－ 刘贾 、 彭越 联军进攻西楚之战（汉第一次与彭越联合） 前205年－ 韩信破代、赵、燕、齐之战 前205年－ 安邑之战 前204年－ 井陉之战 前203年－ 潍水之战 、韩信、彭越联军进攻西楚之战（汉第二次与彭越联合） 前202年－ 垓下之战,可信,前206年－前202年－ 楚汉战争 前206年－ 三秦战役 前206年－ 陈仓之战 前205年－ 彭城之战 前205年－ 成皋之战 （ 史记 《 高祖本纪 》、史记《 项羽本纪 》记载矛盾，从 历史地理学 看史记《项羽本纪》可信度高） 前205年－ 刘贾 、 彭越 联军进攻西楚之战（汉第一次与彭越联合） 前205年－ 韩信破代、赵、燕、齐之战 前205年－ 安邑之战 前204年－ 井陉之战 前203年－ 潍水之战 、韩信、彭越联军进攻西楚之战（汉第二次与彭越联合） 前202年－ 垓下之战
558,qin_han,6,秦汉（前221－220）,前206年,三秦战役,https://zh.wikipedia.org/wiki/%E4%B8%89%E7%A7%A6%E6%88%B0%E5%BD%B9,,未分级,前206年－ 三秦战役
559,qin_han,6,秦汉（前221－220）,前206年,陈仓之战,https://zh.wikipedia.org/wiki/%E9%99%88%E4%BB%93%E4%B9%8B%E6%88%98,,未分级,前206年－ 陈仓之战
560,qin_han,6,秦汉（前221－220）,前205年,彭城之战,https://zh.wikipedia.org/wiki/%E5%BD%AD%E5%9F%8E%E4%B9%8B%E6%88%B0,,未分级,前205年－ 彭城之战
561,qin_han,6,秦汉（前221－220）,前205年,成皋之战,https://zh.wikipedia.org/wiki/%E6%88%90%E7%9A%8B%E4%B9%8B%E6%88%98,（ 史记 《 高祖本纪 》、史记《 项羽本纪 》记载矛盾，从 历史地理学 看史记《项羽本纪》可信度高）,可信,前205年－ 成皋之战 （ 史记 《 高祖本纪 》、史记《 项羽本纪 》记载矛盾，从 历史地理学 看史记《项羽本纪》可信度高）
562,qin_han,6,秦汉（前221－220）,前205年,刘贾,https://zh.wikipedia.org/wiki/%E5%8A%89%E8%B3%88,、 彭越 联军进攻西楚之战（汉第一次与彭越联合）,未分级,前205年－ 刘贾 、 彭越 联军进攻西楚之战（汉第一次与彭越联合）
563,qin_han,6,秦汉（前221－220）,前205年,韩信破代、赵、燕、齐之战,https://zh.wikipedia.org/wiki/%E9%9F%A9%E4%BF%A1%E7%A0%B4%E4%BB%A3%E3%80%81%E8%B5%B5%E3%80%81%E7%87%95%E3%80%81%E9%BD%90%E4%B9%8B%E6%88%98,,未分级,前205年－ 韩信破代、赵、燕、齐之战
564,qin_han,6,秦汉（前221－220）,前205年,安邑之战,https://zh.wikipedia.org/wiki/%E5%AE%89%E9%82%91%E4%B9%8B%E6%88%B0,,未分级,前205年－ 安邑之战
565,qin_han,6,秦汉（前221－220）,前204年,井陉之战,https://zh.wikipedia.org/wiki/%E4%BA%95%E9%99%89%E4%B9%8B%E6%88%98,,未分级,前204年－ 井陉之战
566,qin_han,6,秦汉（前221－220）,前203年,潍水之战,https://zh.wikipedia.org/wiki/%E6%BD%8D%E6%B0%B4%E4%B9%8B%E6%88%98,、韩信、彭越联军进攻西楚之战（汉第二次与彭越联合）,未分级,前203年－ 潍水之战 、韩信、彭越联军进攻西楚之战（汉第二次与彭越联合）
567,qin_han,6,秦汉（前221－220）,前202年,垓下之战,https://zh.wikipedia.org/wiki/%E5%9E%93%E4%B8%8B%E4%B9%8B%E6%88%98,,未分级,前202年－ 垓下之战
568,qin_han,6,秦汉（前221－220）,前201年,汉匈战争,https://zh.wikipedia.org/wiki/%E6%BC%A2%E5%8C%88%E6%88%B0%E7%88%AD,前36年,未分级,前201年－前36年－ 汉匈战争
569,qin_han,6,秦汉（前221－220）,前200年,白登之战,https://zh.wikipedia.org/wiki/%E7%99%BD%E7%99%BB%E4%B9%8B%E6%88%98,,未分级,前200年－ 白登之战
570,qin_han,6,秦汉（前221－220）,前180年,诸吕之乱,https://zh.wikipedia.org/wiki/%E8%AF%B8%E5%90%95%E4%B9%8B%E4%B9%B1,,未分级,前180年－ 诸吕之乱
571,qin_han,6,秦汉（前221－220）,前154年,七国之乱,https://zh.wikipedia.org/wiki/%E4%B8%83%E5%9C%8B%E4%B9%8B%E4%BA%82,,未分级,前154年－ 七国之乱
572,qin_han,6,秦汉（前221－220）,前154年,下邑之战,https://zh.wikipedia.org/wiki/%E4%B8%8B%E9%82%91%E4%B9%8B%E6%88%98,,未分级,前154年－ 下邑之战
573,qin_han,6,秦汉（前221－220）,前144年,上郡之战,https://zh.wikipedia.org/wiki/%E4%B8%8A%E9%83%A1%E4%B9%8B%E6%88%98,,未分级,前144年－ 上郡之战
574,qin_han,6,秦汉（前221－220）,前133年,马邑之战,https://zh.wikipedia.org/wiki/%E9%A9%AC%E9%82%91%E4%B9%8B%E6%88%98,,未分级,前133年－ 马邑之战
575,qin_han,6,秦汉（前221－220）,前127年,河南之战,https://zh.wikipedia.org/wiki/%E6%B2%B3%E5%8D%97%E4%B9%8B%E6%88%98,,未分级,前127年－ 河南之战
576,qin_han,6,秦汉（前221－220）,前124年,漠南之战,https://zh.wikipedia.org/wiki/%E6%BC%A0%E5%8D%97%E4%B9%8B%E6%88%98,,未分级,前124年－ 漠南之战
577,qin_han,6,秦汉（前221－220）,前121年,河西之战,https://zh.wikipedia.org/wiki/%E6%B2%B3%E8%A5%BF%E4%B9%8B%E6%88%B0,,未分级,前121年－ 河西之战
578,qin_han,6,秦汉（前221－220）,前119年,漠北之战,https://zh.wikipedia.org/wiki/%E6%BC%A0%E5%8C%97%E4%B9%8B%E6%88%98,,未分级,前119年－ 漠北之战
579,qin_han,6,秦汉（前221－220）,年代未详,汉朝的向南扩张,https://zh.wikipedia.org/wiki/%E6%B1%89%E6%9C%9D%E7%9A%84%E5%90%91%E5%8D%97%E6%89%A9%E5%BC%A0,,未分级,汉朝的向南扩张
580,qin_han,6,秦汉（前221－220）,前112年冬,汉平南越之战,https://zh.wikipedia.org/wiki/%E6%B1%89%E5%B9%B3%E5%8D%97%E8%B6%8A%E4%B9%8B%E6%88%98,,未分级,前112年冬－ 汉平南越之战
581,qin_han,6,秦汉（前221－220）,前111年冬,汉平东越之战,https://zh.wikipedia.org/wiki/%E6%BC%A2%E5%B9%B3%E6%9D%B1%E8%B6%8A%E4%B9%8B%E6%88%B0,,未分级,前111年冬－ 汉平东越之战
582,qin_han,6,秦汉（前221－220）,前111年,汉平西羌之战,https://zh.wikipedia.org/wiki/%E6%B1%89%E5%B9%B3%E8%A5%BF%E7%BE%8C%E4%B9%8B%E6%88%98,前110年,未分级,前111年－前110年－ 汉平西羌之战
583,qin_han,6,秦汉（前221－220）,前108年,汉灭朝鲜之战,https://zh.wikipedia.org/wiki/%E6%B1%89%E7%81%AD%E6%9C%9D%E9%B2%9C%E4%B9%8B%E6%88%98,,未分级,前108年－ 汉灭朝鲜之战
584,qin_han,6,秦汉（前221－220）,前102年,汉攻大宛之战,https://zh.wikipedia.org/wiki/%E6%B1%89%E6%94%BB%E5%A4%A7%E5%AE%9B%E4%B9%8B%E6%88%98,,未分级,前102年－ 汉攻大宛之战
585,qin_han,6,秦汉（前221－220）,前99年,浚稽山之战,https://zh.wikipedia.org/wiki/%E6%B5%9A%E7%A8%BD%E5%B1%B1%E4%B9%8B%E6%88%98,,未分级,前99年－ 浚稽山之战
586,qin_han,6,秦汉（前221－220）,前90年,燕然山之战,https://zh.wikipedia.org/wiki/%E7%87%95%E7%84%B6%E5%B1%B1%E4%B9%8B%E6%88%98,,未分级,前90年－ 燕然山之战
587,qin_han,6,秦汉（前221－220）,前61年,赵充国平西羌之战,https://zh.wikipedia.org/wiki/%E8%B5%B5%E5%85%85%E5%9B%BD%E5%B9%B3%E8%A5%BF%E7%BE%8C%E4%B9%8B%E6%88%98,,未分级,前61年－ 赵充国平西羌之战
588,qin_han,6,秦汉（前221－220）,前36年,郅支之战,https://zh.wikipedia.org/wiki/%E9%83%85%E6%94%AF%E4%B9%8B%E6%88%98,,未分级,前36年－ 郅支之战
589,qin_han,6,秦汉（前221－220）,17年,绿林起义,https://zh.wikipedia.org/wiki/%E7%BB%BF%E6%9E%97%E8%B5%B7%E4%B9%89,25年,未分级,17年－25年－ 绿林起义
590,qin_han,6,秦汉（前221－220）,18年,赤眉起义,https://zh.wikipedia.org/wiki/%E8%B5%A4%E7%9C%89%E5%86%9B,27年,未分级,18年－27年－ 赤眉起义
591,qin_han,6,秦汉（前221－220）,22年,成昌之战,https://zh.wikipedia.org/wiki/%E6%88%90%E6%98%8C%E4%B9%8B%E6%88%98,,未分级,22年－ 成昌之战
592,qin_han,6,秦汉（前221－220）,23年,昆阳之战,https://zh.wikipedia.org/wiki/%E6%98%86%E9%99%BD%E4%B9%8B%E6%88%B0,,未分级,23年－ 昆阳之战
593,qin_han,6,秦汉（前221－220）,26年,杜陵之战,https://zh.wikipedia.org/wiki/%E6%9D%9C%E9%99%B5%E4%B9%8B%E6%88%98,,未分级,26年－ 杜陵之战
594,qin_han,6,秦汉（前221－220）,27年,湖县之战,https://zh.wikipedia.org/wiki/%E6%B9%96%E5%8E%BF%E4%B9%8B%E6%88%98,,未分级,27年－ 湖县之战
595,qin_han,6,秦汉（前221－220）,27年,崤底之战,https://zh.wikipedia.org/wiki/%E5%B4%A4%E5%BA%95%E4%B9%8B%E6%88%98,,未分级,27年－ 崤底之战
596,qin_han,6,秦汉（前221－220）,27年,宜阳之战,https://zh.wikipedia.org/wiki/%E5%AE%9C%E9%98%B3%E4%B9%8B%E6%88%98,,未分级,27年－ 宜阳之战
597,qin_han,6,秦汉（前221－220）,23年,刘秀统一河北之战,https://zh.wikipedia.org/wiki/%E5%88%98%E7%A7%80%E7%BB%9F%E4%B8%80%E6%B2%B3%E5%8C%97%E4%B9%8B%E6%88%98,26年,未分级,23年－26年－ 刘秀统一河北之战
598,qin_han,6,秦汉（前221－220）,24年,刘秀攻关中、洛阳之战,https://zh.wikipedia.org/wiki/%E5%88%98%E7%A7%80%E6%94%BB%E5%85%B3%E4%B8%AD%E3%80%81%E6%B4%9B%E9%98%B3%E4%B9%8B%E6%88%98,27年,未分级,24年－27年－ 刘秀攻关中、洛阳之战
599,qin_han,6,秦汉（前221－220）,25年,东汉统一战争,https://zh.wikipedia.org/wiki/%E4%B8%9C%E6%B1%89%E7%BB%9F%E4%B8%80%E6%88%98%E4%BA%89,,未分级,25年－ 东汉统一战争
600,qin_han,6,秦汉（前221－220）,26年,东汉统一关东之战,https://zh.wikipedia.org/wiki/%E4%B8%9C%E6%B1%89%E7%BB%9F%E4%B8%80%E5%85%B3%E4%B8%9C%E4%B9%8B%E6%88%98,,未分级,26年－ 东汉统一关东之战
601,qin_han,6,秦汉（前221－220）,26年春,漳水之战,https://zh.wikipedia.org/wiki/%E6%BC%B3%E6%B0%B4%E4%B9%8B%E6%88%98,,未分级,26年春－ 漳水之战
602,qin_han,6,秦汉（前221－220）,26年,睢阳之战,https://zh.wikipedia.org/wiki/%E7%9D%A2%E9%98%B3%E4%B9%8B%E6%88%98_(26%E5%B9%B4),,未分级,26年－ 睢阳之战
603,qin_han,6,秦汉（前221－220）,27年,黎丘之战,https://zh.wikipedia.org/wiki/%E9%BB%8E%E4%B8%98%E4%B9%8B%E6%88%98,,未分级,27年－ 黎丘之战
604,qin_han,6,秦汉（前221－220）,29年,祝阿、临淄之战,https://zh.wikipedia.org/wiki/%E7%A5%9D%E9%98%BF%E3%80%81%E4%B8%B4%E6%B7%84%E4%B9%8B%E6%88%98,,未分级,29年－ 祝阿、临淄之战
605,qin_han,6,秦汉（前221－220）,30年,东汉平陇西之战,https://zh.wikipedia.org/wiki/%E4%B8%9C%E6%B1%89%E5%B9%B3%E9%99%87%E8%A5%BF%E4%B9%8B%E6%88%98,,未分级,30年－ 东汉平陇西之战
606,qin_han,6,秦汉（前221－220）,30年,东汉与羌的战争,https://zh.wikipedia.org/wiki/%E4%B8%9C%E6%B1%89%E4%B8%8E%E7%BE%8C%E7%9A%84%E6%88%98%E4%BA%89,185年－  （羌称帝后规模极大的举国决战）,未分级,30年－185年－ 东汉与羌的战争 （羌称帝后规模极大的举国决战）
607,qin_han,6,秦汉（前221－220）,32年,天水之战,https://zh.wikipedia.org/wiki/%E5%A4%A9%E6%B0%B4%E4%B9%8B%E6%88%B0,,未分级,32年－ 天水之战
608,qin_han,6,秦汉（前221－220）,33年,东汉与匈奴的战争,https://zh.wikipedia.org/wiki/%E4%B8%9C%E6%B1%89%E4%B8%8E%E5%8C%88%E5%A5%B4%E7%9A%84%E6%88%98%E4%BA%89,158年,未分级,33年－158年－ 东汉与匈奴的战争
609,qin_han,6,秦汉（前221－220）,35年,东汉灭蜀之战,https://zh.wikipedia.org/wiki/%E4%B8%9C%E6%B1%89%E7%81%AD%E8%9C%80%E4%B9%8B%E6%88%98,,未分级,35年－ 东汉灭蜀之战
610,qin_han,6,秦汉（前221－220）,35年,东汉攻公孙述之战,https://zh.wikipedia.org/wiki/%E4%B8%9C%E6%B1%89%E6%94%BB%E5%85%AC%E5%AD%99%E8%BF%B0%E4%B9%8B%E6%88%98,,未分级,35年－ 东汉攻公孙述之战
611,qin_han,6,秦汉（前221－220）,35年,广都、成都之战,https://zh.wikipedia.org/wiki/%E5%B9%BF%E9%83%BD%E3%80%81%E6%88%90%E9%83%BD%E4%B9%8B%E6%88%98,,未分级,35年－ 广都、成都之战
612,qin_han,6,秦汉（前221－220）,42年春,马援征岭南之战,https://zh.wikipedia.org/wiki/%E9%A9%AC%E6%8F%B4%E5%BE%81%E5%B2%AD%E5%8D%97%E4%B9%8B%E6%88%98,,未分级,42年春－ 马援征岭南之战
613,qin_han,6,秦汉（前221－220）,45年,东汉与鲜卑的战争,https://zh.wikipedia.org/wiki/%E4%B8%9C%E6%B1%89%E4%B8%8E%E9%B2%9C%E5%8D%91%E7%9A%84%E6%88%98%E4%BA%89,186年,未分级,45年－186年－ 东汉与鲜卑的战争
614,qin_han,6,秦汉（前221－220）,73年,东汉与西域各国的战争,https://zh.wikipedia.org/wiki/%E4%B8%9C%E6%B1%89%E4%B8%8E%E8%A5%BF%E5%9F%9F%E5%90%84%E5%9B%BD%E7%9A%84%E6%88%98%E4%BA%89,175年,未分级,73年－175年－ 东汉与西域各国的战争
615,qin_han,6,秦汉（前221－220）,75年,疏勒城之战,https://zh.wikipedia.org/wiki/%E7%96%8F%E5%8B%92%E5%9F%8E%E4%B9%8B%E6%88%98,76年,未分级,75年－76年－ 疏勒城之战
616,qin_han,6,秦汉（前221－220）,89年,稽落山之战,https://zh.wikipedia.org/wiki/%E7%A8%BD%E8%90%BD%E5%B1%B1%E4%B9%8B%E6%88%98,,未分级,89年－ 稽落山之战
617,qin_han,6,秦汉（前221－220）,115年,赤亭之战,https://zh.wikipedia.org/wiki/%E8%B5%A4%E4%BA%AD%E4%B9%8B%E6%88%98,,未分级,115年－ 赤亭之战
618,qin_han,6,秦汉（前221－220）,172年,坐原战役,https://zh.wikipedia.org/wiki/%E5%9D%90%E5%8E%9F%E6%88%98%E5%BD%B9,,未分级,172年－ 坐原战役
619,qin_han,6,秦汉（前221－220）,184年,黄巾起义,https://zh.wikipedia.org/wiki/%E9%BB%84%E5%B7%BE%E8%B5%B7%E4%B9%89,192年,未分级,184年－192年－ 黄巾起义
620,qin_han,6,秦汉（前221－220）,184年,长社之战,https://zh.wikipedia.org/wiki/%E9%95%BF%E7%A4%BE%E4%B9%8B%E6%88%98,,未分级,184年－ 长社之战
621,qin_han,6,秦汉（前221－220）,184年,广宗之战,https://zh.wikipedia.org/wiki/%E5%B9%BF%E5%AE%97%E4%B9%8B%E6%88%98,,未分级,184年－ 广宗之战
622,qin_han,6,秦汉（前221－220）,184年,下曲阳之战,https://zh.wikipedia.org/wiki/%E4%B8%8B%E6%9B%B2%E9%98%B3%E4%B9%8B%E6%88%98,,未分级,184年－ 下曲阳之战
623,qin_han,6,秦汉（前221－220）,184年,五斗米道,https://zh.wikipedia.org/wiki/%E4%BA%94%E6%96%97%E7%B1%B3%E9%81%93,,未分级,184年－ 五斗米道
624,qin_han,6,秦汉（前221－220）,184年,凉州之乱,https://zh.wikipedia.org/wiki/%E5%87%89%E5%B7%9E%E4%B9%8B%E4%B9%B1,189年,未分级,184年－189年－ 凉州之乱
625,qin_han,6,秦汉（前221－220）,185年,黑山军,https://zh.wikipedia.org/wiki/%E9%BB%91%E5%B1%B1%E8%BB%8D,,未分级,185年－ 黑山军
626,qin_han,6,秦汉（前221－220）,188年,白波,https://zh.wikipedia.org/wiki/%E7%99%BD%E6%B3%A2,,未分级,188年－ 白波
627,three_kingdoms,7,三国（184－280）,190年,董卓讨伐战,https://zh.wikipedia.org/wiki/%E8%91%A3%E5%8D%93%E8%A8%8E%E4%BC%90%E6%88%B0,190年： 鲁阳之战,未分级,190年： 董卓讨伐战 190年： 鲁阳之战
628,three_kingdoms,7,三国（184－280）,190年,鲁阳之战,https://zh.wikipedia.org/wiki/%E9%B2%81%E9%98%B3%E4%B9%8B%E6%88%98,,未分级,190年： 鲁阳之战
629,three_kingdoms,7,三国（184－280）,191年,界桥之战,https://zh.wikipedia.org/wiki/%E7%95%8C%E6%A9%8B%E4%B9%8B%E6%88%B0,,未分级,191年： 界桥之战
630,three_kingdoms,7,三国（184－280）,191年,襄阳之战,https://zh.wikipedia.org/wiki/%E8%A5%84%E9%98%B3%E4%B9%8B%E6%88%98,,未分级,191年： 襄阳之战
631,three_kingdoms,7,三国（184－280）,191年,曹操统一北方的战争,https://zh.wikipedia.org/wiki/%E6%9B%B9%E6%93%8D%E7%BB%9F%E4%B8%80%E5%8C%97%E6%96%B9%E7%9A%84%E6%88%98%E4%BA%89,208年：  192年： 武阳之战 192年： 兖州之战 192年： 龙凑之战 192年： 巨马水之战 195年： 定陶之战 197年－199年 : 曹操讨伐袁术之战 198年： 穰城之战 198年 : 下邳之战 200年： 黄河 渡口 官渡之战 200年： 徐州之战 200年： 白马之战 200年： 延津之战 200年： 乌巢之战 200年： 仓亭之战 205年： 南皮之战 207年： 白狼山之战,未分级,191年－208年： 曹操统一北方的战争 192年： 武阳之战 192年： 兖州之战 192年： 龙凑之战 192年： 巨马水之战 195年： 定陶之战 197年－199年 : 曹操讨伐袁术之战 198年： 穰城之战 198年 : 下邳之战 200年： 黄河 渡口 官渡之战 200年： 徐州之战 200年： 白马之战 200年： 延津之战 200年： 乌巢之战 200年： 仓亭之战 205年： 南皮之战 207年： 白狼山之战
632,three_kingdoms,7,三国（184－280）,192年,武阳之战,https://zh.wikipedia.org/wiki/%E6%AD%A6%E9%98%B3%E4%B9%8B%E6%88%98,,未分级,192年： 武阳之战
633,three_kingdoms,7,三国（184－280）,192年,兖州之战,https://zh.wikipedia.org/wiki/%E5%85%96%E5%B7%9E%E4%B9%8B%E6%88%98,,未分级,192年： 兖州之战
634,three_kingdoms,7,三国（184－280）,192年,龙凑之战,https://zh.wikipedia.org/wiki/%E9%BE%8D%E6%B9%8A%E4%B9%8B%E6%88%B0,,未分级,192年： 龙凑之战
635,three_kingdoms,7,三国（184－280）,192年,巨马水之战,https://zh.wikipedia.org/wiki/%E5%B7%A8%E9%A6%AC%E6%B0%B4%E4%B9%8B%E6%88%B0,,未分级,192年： 巨马水之战
636,three_kingdoms,7,三国（184－280）,195年,定陶之战,https://zh.wikipedia.org/wiki/%E5%AE%9A%E9%99%B6%E4%B9%8B%E6%88%B0_(%E6%9D%B1%E6%BC%A2),,未分级,195年： 定陶之战
637,three_kingdoms,7,三国（184－280）,197年,曹操讨伐袁术之战,https://zh.wikipedia.org/wiki/%E6%9B%B9%E6%93%8D%E8%AE%A8%E4%BC%90%E8%A2%81%E6%9C%AF%E4%B9%8B%E6%88%98,199年,未分级,197年－199年 : 曹操讨伐袁术之战
638,three_kingdoms,7,三国（184－280）,198年,穰城之战,https://zh.wikipedia.org/wiki/%E7%A9%B0%E5%9F%8E%E4%B9%8B%E6%88%B0,,未分级,198年： 穰城之战
639,three_kingdoms,7,三国（184－280）,198年,下邳之战,https://zh.wikipedia.org/wiki/%E4%B8%8B%E9%82%B3%E4%B9%8B%E6%88%B0,,未分级,198年 : 下邳之战
640,three_kingdoms,7,三国（184－280）,200年,黄河,https://zh.wikipedia.org/wiki/%E9%BB%84%E6%B2%B3,渡口 官渡之战 200年： 徐州之战 200年： 白马之战 200年： 延津之战 200年： 乌巢之战 200年： 仓亭之战,未分级,200年： 黄河 渡口 官渡之战 200年： 徐州之战 200年： 白马之战 200年： 延津之战 200年： 乌巢之战 200年： 仓亭之战
641,three_kingdoms,7,三国（184－280）,200年,徐州之战,https://zh.wikipedia.org/wiki/%E5%BE%90%E5%B7%9E%E4%B9%8B%E6%88%98,,未分级,200年： 徐州之战
642,three_kingdoms,7,三国（184－280）,200年,白马之战,https://zh.wikipedia.org/wiki/%E7%99%BD%E9%A9%AC%E4%B9%8B%E6%88%98,,未分级,200年： 白马之战
643,three_kingdoms,7,三国（184－280）,200年,延津之战,https://zh.wikipedia.org/wiki/%E5%BB%B6%E6%B4%A5%E4%B9%8B%E6%88%98,,未分级,200年： 延津之战
644,three_kingdoms,7,三国（184－280）,200年,乌巢之战,https://zh.wikipedia.org/wiki/%E4%B9%8C%E5%B7%A2%E4%B9%8B%E6%88%98,,未分级,200年： 乌巢之战
645,three_kingdoms,7,三国（184－280）,200年,仓亭之战,https://zh.wikipedia.org/wiki/%E5%80%89%E4%BA%AD%E4%B9%8B%E6%88%B0,,未分级,200年： 仓亭之战
646,three_kingdoms,7,三国（184－280）,205年,南皮之战,https://zh.wikipedia.org/wiki/%E5%8D%97%E7%9A%AE%E4%B9%8B%E6%88%98,,未分级,205年： 南皮之战
647,three_kingdoms,7,三国（184－280）,207年,白狼山之战,https://zh.wikipedia.org/wiki/%E7%99%BD%E7%8B%BC%E5%B1%B1%E4%B9%8B%E6%88%98,,未分级,207年： 白狼山之战
648,three_kingdoms,7,三国（184－280）,195年,孙策平江东之战,https://zh.wikipedia.org/wiki/%E5%AD%99%E7%AD%96%E5%B9%B3%E6%B1%9F%E4%B8%9C%E4%B9%8B%E6%88%98,199年：  195年： 曲阿之战,未分级,195年－199年： 孙策平江东之战 195年： 曲阿之战
649,three_kingdoms,7,三国（184－280）,195年,曲阿之战,https://zh.wikipedia.org/wiki/%E6%9B%B2%E9%98%BF%E4%B9%8B%E6%88%B0,,未分级,195年： 曲阿之战
650,three_kingdoms,7,三国（184－280）,198年,易京之战,https://zh.wikipedia.org/wiki/%E6%98%93%E4%BA%AC%E4%B9%8B%E6%88%B0,,未分级,198年： 易京之战
651,three_kingdoms,7,三国（184－280）,203年,夏口之战,https://zh.wikipedia.org/wiki/%E5%A4%8F%E5%8F%A3%E4%B9%8B%E6%88%98,,未分级,203年： 夏口之战
652,three_kingdoms,7,三国（184－280）,208年,博望坡之战,https://zh.wikipedia.org/wiki/%E5%8D%9A%E6%9C%9B%E5%9D%A1%E4%B9%8B%E6%88%B0,,未分级,208年： 博望坡之战
653,three_kingdoms,7,三国（184－280）,208年,长坂坡之战,https://zh.wikipedia.org/wiki/%E9%95%B7%E5%9D%82%E5%9D%A1%E4%B9%8B%E6%88%B0,,未分级,208年 : 长坂坡之战
654,three_kingdoms,7,三国（184－280）,208年,江夏之战,https://zh.wikipedia.org/wiki/%E6%B1%9F%E5%A4%8F%E4%B9%8B%E6%88%98,,未分级,208年： 江夏之战
655,three_kingdoms,7,三国（184－280）,208年,赤壁之战,https://zh.wikipedia.org/wiki/%E8%B5%A4%E5%A3%81%E4%B9%8B%E6%88%98,208年： 夷陵之战 208年： 江陵之战,未分级,208年： 赤壁之战 208年： 夷陵之战 208年： 江陵之战
656,three_kingdoms,7,三国（184－280）,208年,夷陵之战,https://zh.wikipedia.org/wiki/%E5%A4%B7%E9%99%B5%E4%B9%8B%E6%88%98_(208%E5%B9%B4),,未分级,208年： 夷陵之战
657,three_kingdoms,7,三国（184－280）,208年,江陵之战,https://zh.wikipedia.org/wiki/%E6%B1%9F%E9%99%B5%E4%B9%8B%E6%88%98_(208%E5%B9%B4),,未分级,208年： 江陵之战
658,three_kingdoms,7,三国（184－280）,208年,林历山之战,https://zh.wikipedia.org/wiki/%E6%9E%97%E5%8E%86%E5%B1%B1%E4%B9%8B%E6%88%98,,未分级,208年： 林历山之战
659,three_kingdoms,7,三国（184－280）,211年,潼关之战,https://zh.wikipedia.org/wiki/%E6%BD%BC%E9%97%9C%E4%B9%8B%E6%88%B0,,未分级,211年 : 潼关之战
660,three_kingdoms,7,三国（184－280）,212年,益州之战,https://zh.wikipedia.org/wiki/%E7%9B%8A%E5%B7%9E%E4%B9%8B%E6%88%98,214年,未分级,212年－214年： 益州之战
661,three_kingdoms,7,三国（184－280）,214年,皖城之战,https://zh.wikipedia.org/wiki/%E7%9A%96%E5%9F%8E%E4%B9%8B%E6%88%98,,未分级,214年： 皖城之战
662,three_kingdoms,7,三国（184－280）,215年,消遥津之战,https://zh.wikipedia.org/wiki/%E5%90%88%E8%82%A5%E4%B9%8B%E6%88%98,,未分级,215年： 消遥津之战
663,three_kingdoms,7,三国（184－280）,215年,巴西之战,https://zh.wikipedia.org/wiki/%E5%B7%B4%E8%A5%BF%E4%B9%8B%E6%88%98,,未分级,215年： 巴西之战
664,three_kingdoms,7,三国（184－280）,218年,汉中之战,https://zh.wikipedia.org/wiki/%E6%B1%89%E4%B8%AD%E4%B9%8B%E6%88%98,219年,未分级,218年－219年： 汉中之战
665,three_kingdoms,7,三国（184－280）,219年,樊城之战,https://zh.wikipedia.org/wiki/%E6%A8%8A%E5%9F%8E%E4%B9%8B%E6%88%98,219年： 江陵之战,未分级,219年： 樊城之战 219年： 江陵之战
666,three_kingdoms,7,三国（184－280）,219年,江陵之战,https://zh.wikipedia.org/wiki/%E6%B1%9F%E9%99%B5%E4%B9%8B%E6%88%98_(219%E5%B9%B4),,未分级,219年： 江陵之战
667,three_kingdoms,7,三国（184－280）,221年,夷陵之战,https://zh.wikipedia.org/wiki/%E5%A4%B7%E9%99%B5%E4%B9%8B%E6%88%98,222年,未分级,221年－222年： 夷陵之战
668,three_kingdoms,7,三国（184－280）,222年,洞口之战,https://zh.wikipedia.org/wiki/%E6%B4%9E%E5%8F%A3%E4%B9%8B%E6%88%98,,未分级,222年： 洞口之战
669,three_kingdoms,7,三国（184－280）,223年,濡须口之战,https://zh.wikipedia.org/wiki/%E6%BF%A1%E9%A1%BB%E5%8F%A3%E4%B9%8B%E6%88%98,,未分级,223年： 濡须口之战
670,three_kingdoms,7,三国（184－280）,224年,广陵之战,https://zh.wikipedia.org/wiki/%E5%B9%BF%E9%99%B5%E4%B9%8B%E6%88%98,,未分级,224年： 广陵之战
671,three_kingdoms,7,三国（184－280）,225年,诸葛亮南征,https://zh.wikipedia.org/wiki/%E8%AF%B8%E8%91%9B%E4%BA%AE%E5%8D%97%E5%BE%81,,未分级,225年： 诸葛亮南征
672,three_kingdoms,7,三国（184－280）,228年,诸葛亮北伐,https://zh.wikipedia.org/wiki/%E8%AF%B8%E8%91%9B%E4%BA%AE%E5%8C%97%E4%BC%90,234年：  228年： 街亭之战,未分级,228年－234年： 诸葛亮北伐 228年： 街亭之战
673,three_kingdoms,7,三国（184－280）,228年,街亭之战,https://zh.wikipedia.org/wiki/%E8%A1%97%E4%BA%AD%E4%B9%8B%E6%88%B0,,未分级,228年： 街亭之战
674,three_kingdoms,7,三国（184－280）,234年,吴平山越之战,https://zh.wikipedia.org/wiki/%E5%90%B4%E5%B9%B3%E5%B1%B1%E8%B6%8A%E4%B9%8B%E6%88%98,237年,未分级,234年－237年： 吴平山越之战
675,three_kingdoms,7,三国（184－280）,238年,魏灭公孙渊辽东之战,https://zh.wikipedia.org/wiki/%E9%AD%8F%E7%81%AD%E5%85%AC%E5%AD%99%E6%B8%8A%E8%BE%BD%E4%B8%9C%E4%B9%8B%E6%88%98,,未分级,238年： 魏灭公孙渊辽东之战
676,three_kingdoms,7,三国（184－280）,244年,兴势之战,https://zh.wikipedia.org/wiki/%E5%85%B4%E5%8A%BF%E4%B9%8B%E6%88%98,,未分级,244年： 兴势之战
677,three_kingdoms,7,三国（184－280）,244年,曹魏与高句丽的战争,https://zh.wikipedia.org/wiki/%E6%9B%B9%E9%AD%8F%E4%B8%8E%E9%AB%98%E5%8F%A5%E4%B8%BD%E7%9A%84%E6%88%98%E4%BA%89,245年,未分级,244年－245年： 曹魏与高句丽的战争
678,three_kingdoms,7,三国（184－280）,249年,曲城之战,https://zh.wikipedia.org/wiki/%E6%9B%B2%E5%9F%8E%E4%B9%8B%E6%88%B0,,未分级,249年： 曲城之战
679,three_kingdoms,7,三国（184－280）,251年,王凌之乱,https://zh.wikipedia.org/wiki/%E7%8E%8B%E5%87%8C%E4%B9%8B%E4%B9%B1,,未分级,251年： 王凌之乱
680,three_kingdoms,7,三国（184－280）,252年,东兴之战,https://zh.wikipedia.org/wiki/%E6%9D%B1%E8%88%88%E4%B9%8B%E6%88%B0,,未分级,252年： 东兴之战
681,three_kingdoms,7,三国（184－280）,253年,姜维北伐,https://zh.wikipedia.org/wiki/%E5%A7%9C%E7%B6%AD%E5%8C%97%E4%BC%90,262年,未分级,253年－262年： 姜维北伐
682,three_kingdoms,7,三国（184－280）,253年,南安、合肥之战,https://zh.wikipedia.org/wiki/%E5%90%88%E8%82%A5%E4%B9%8B%E6%88%B0,,未分级,253年： 南安、合肥之战
683,three_kingdoms,7,三国（184－280）,255年,毌丘俭文钦之乱,https://zh.wikipedia.org/wiki/%E6%AF%8C%E4%B8%98%E4%BF%AD%E6%96%87%E9%92%A6%E4%B9%8B%E4%B9%B1,,未分级,255年： 毌丘俭文钦之乱
684,three_kingdoms,7,三国（184－280）,257年,寿春之战,https://zh.wikipedia.org/wiki/%E5%A3%BD%E6%98%A5%E4%B9%8B%E6%88%B0,258年,未分级,257年－258年： 寿春之战
685,three_kingdoms,7,三国（184－280）,263年,魏灭蜀之战,https://zh.wikipedia.org/wiki/%E9%AD%8F%E7%81%AD%E8%9C%80%E4%B9%8B%E6%88%98,,未分级,263年： 魏灭蜀之战
686,three_kingdoms,7,三国（184－280）,264年,钟会谋反,https://zh.wikipedia.org/wiki/%E9%92%9F%E4%BC%9A%E8%B0%8B%E5%8F%8D,,未分级,264年： 钟会谋反
687,three_kingdoms,7,三国（184－280）,264年,永安之战,https://zh.wikipedia.org/wiki/%E6%B0%B8%E5%AE%89%E4%B9%8B%E6%88%98,,未分级,264年： 永安之战
688,three_kingdoms,7,三国（184－280）,272年,西陵之战,https://zh.wikipedia.org/wiki/%E8%A5%BF%E9%99%B5%E4%B9%8B%E6%88%B0,,未分级,272年： 西陵之战
689,jin_sixteen_kingdoms,8,晋朝（265－420）与五胡十六国（304－439）,279年,凉州之战,https://zh.wikipedia.org/wiki/%E5%87%89%E5%B7%9E%E4%B9%8B%E6%88%98,,未分级,279年： 凉州之战
690,jin_sixteen_kingdoms,8,晋朝（265－420）与五胡十六国（304－439）,279年,晋灭吴之战,https://zh.wikipedia.org/wiki/%E6%99%8B%E7%81%AD%E5%90%B4%E4%B9%8B%E6%88%98,,未分级,279年： 晋灭吴之战
691,jin_sixteen_kingdoms,8,晋朝（265－420）与五胡十六国（304－439）,291年,八王之乱,https://zh.wikipedia.org/wiki/%E5%85%AB%E7%8E%8B%E4%B9%8B%E4%B9%B1,306年,未分级,291年－306年： 八王之乱
692,jin_sixteen_kingdoms,8,晋朝（265－420）与五胡十六国（304－439）,296年,西晋末年流民起义,https://zh.wikipedia.org/wiki/%E8%A5%BF%E6%99%8B%E6%9C%AB%E5%B9%B4%E6%B5%81%E6%B0%91%E8%B5%B7%E4%B9%89,315年,未分级,296年－315年： 西晋末年流民起义
693,jin_sixteen_kingdoms,8,晋朝（265－420）与五胡十六国（304－439）,305年,陈敏反晋之战,https://zh.wikipedia.org/wiki/%E9%99%88%E6%95%8F%E5%8F%8D%E6%99%8B%E4%B9%8B%E6%88%98,307年,未分级,305年－307年： 陈敏反晋之战
694,jin_sixteen_kingdoms,8,晋朝（265－420）与五胡十六国（304－439）,311年,永嘉之乱,https://zh.wikipedia.org/wiki/%E6%B0%B8%E5%98%89%E4%B9%8B%E4%B9%B1,,未分级,311年： 永嘉之乱
695,jin_sixteen_kingdoms,8,晋朝（265－420）与五胡十六国（304－439）,311年,宁平城之战,https://zh.wikipedia.org/wiki/%E5%AE%81%E5%B9%B3%E5%9F%8E%E4%B9%8B%E6%88%98,,未分级,311年： 宁平城之战
696,jin_sixteen_kingdoms,8,晋朝（265－420）与五胡十六国（304－439）,311年,杜弢起义,https://zh.wikipedia.org/wiki/%E6%9D%9C%E5%BC%A2%E8%B5%B7%E4%B9%89,315年,未分级,311年－315年： 杜弢起义
697,jin_sixteen_kingdoms,8,晋朝（265－420）与五胡十六国（304－439）,312年,石勒守护襄国之战,https://zh.wikipedia.org/wiki/%E7%9F%B3%E5%8B%92%E5%AE%88%E8%AD%B7%E8%A5%84%E5%9C%8B%E4%B9%8B%E6%88%B0,,未分级,312年： 石勒守护襄国之战
698,jin_sixteen_kingdoms,8,晋朝（265－420）与五胡十六国（304－439）,314年,幽州之战,https://zh.wikipedia.org/wiki/%E5%B9%BD%E5%B7%9E%E4%B9%8B%E6%88%98_(314%E5%B9%B4),,未分级,314年： 幽州之战
699,jin_sixteen_kingdoms,8,晋朝（265－420）与五胡十六国（304－439）,316年,长安之战,https://zh.wikipedia.org/wiki/%E9%95%BF%E5%AE%89%E4%B9%8B%E6%88%98_(316%E5%B9%B4),,未分级,316年： 长安之战
700,jin_sixteen_kingdoms,8,晋朝（265－420）与五胡十六国（304－439）,317年,荥阳之战,https://zh.wikipedia.org/wiki/%E8%8D%A5%E9%98%B3%E4%B9%8B%E6%88%98_(317%E5%B9%B4),,未分级,317年： 荥阳之战
701,jin_sixteen_kingdoms,8,晋朝（265－420）与五胡十六国（304－439）,319年,浚仪之战,https://zh.wikipedia.org/wiki/%E6%B5%9A%E4%BB%AA%E4%B9%8B%E6%88%98,,未分级,319年： 浚仪之战
702,jin_sixteen_kingdoms,8,晋朝（265－420）与五胡十六国（304－439）,319年,棘城之战,https://zh.wikipedia.org/wiki/%E6%A3%98%E5%9F%8E%E4%B9%8B%E6%88%98,,未分级,319年： 棘城之战
703,jin_sixteen_kingdoms,8,晋朝（265－420）与五胡十六国（304－439）,320年,赵平大秦之战,https://zh.wikipedia.org/wiki/%E8%B5%B5%E5%B9%B3%E5%A4%A7%E7%A7%A6%E4%B9%8B%E6%88%98,,未分级,320年： 赵平大秦之战
704,jin_sixteen_kingdoms,8,晋朝（265－420）与五胡十六国（304－439）,327年,晋平苏峻之战,https://zh.wikipedia.org/wiki/%E6%99%8B%E5%B9%B3%E8%8B%8F%E5%B3%BB%E4%B9%8B%E6%88%98,,未分级,327年： 晋平苏峻之战
705,jin_sixteen_kingdoms,8,晋朝（265－420）与五胡十六国（304－439）,328年,洛阳之战,https://zh.wikipedia.org/wiki/%E5%90%8E%E8%B5%B5%E7%81%AD%E5%89%8D%E8%B5%B5%E4%B9%8B%E6%88%98,,未分级,328年： 洛阳之战
706,jin_sixteen_kingdoms,8,晋朝（265－420）与五胡十六国（304－439）,346年,晋平成汉之战,https://zh.wikipedia.org/wiki/%E6%99%8B%E5%B9%B3%E6%88%90%E6%B1%89%E4%B9%8B%E6%88%98,,未分级,346年： 晋平成汉之战
707,jin_sixteen_kingdoms,8,晋朝（265－420）与五胡十六国（304－439）,350年,襄国之战,https://zh.wikipedia.org/wiki/%E8%A5%84%E5%9C%8B%E4%B9%8B%E6%88%B0,352年,未分级,350年－352年： 襄国之战
708,jin_sixteen_kingdoms,8,晋朝（265－420）与五胡十六国（304－439）,351年,前燕灭冉魏之战,https://zh.wikipedia.org/wiki/%E5%89%8D%E7%87%95%E7%81%AD%E5%86%89%E9%AD%8F%E4%B9%8B%E6%88%98,,未分级,351年： 前燕灭冉魏之战
709,jin_sixteen_kingdoms,8,晋朝（265－420）与五胡十六国（304－439）,354年,晋攻前秦之战,https://zh.wikipedia.org/wiki/%E6%99%8B%E6%94%BB%E5%89%8D%E7%A7%A6%E4%B9%8B%E6%88%98,,未分级,354年： 晋攻前秦之战
710,jin_sixteen_kingdoms,8,晋朝（265－420）与五胡十六国（304－439）,354年,鲁口之战,https://zh.wikipedia.org/wiki/%E9%B2%81%E5%8F%A3%E4%B9%8B%E6%88%98,,未分级,354年： 鲁口之战
711,jin_sixteen_kingdoms,8,晋朝（265－420）与五胡十六国（304－439）,355年,广固之战,https://zh.wikipedia.org/wiki/%E5%B9%BF%E5%9B%BA%E4%B9%8B%E6%88%98,,未分级,355年： 广固之战
712,jin_sixteen_kingdoms,8,晋朝（265－420）与五胡十六国（304－439）,361年,野王之战,https://zh.wikipedia.org/wiki/%E9%87%8E%E7%8E%8B%E4%B9%8B%E6%88%98,,未分级,361年： 野王之战
713,jin_sixteen_kingdoms,8,晋朝（265－420）与五胡十六国（304－439）,369年,晋攻前燕之战,https://zh.wikipedia.org/wiki/%E6%99%8B%E6%94%BB%E5%89%8D%E7%87%95%E4%B9%8B%E6%88%98,,未分级,369年： 晋攻前燕之战
714,jin_sixteen_kingdoms,8,晋朝（265－420）与五胡十六国（304－439）,369年,前秦灭前燕之战,https://zh.wikipedia.org/wiki/%E5%89%8D%E7%A7%A6%E6%BB%85%E5%89%8D%E7%87%95%E4%B9%8B%E6%88%B0,,未分级,369年： 前秦灭前燕之战
715,jin_sixteen_kingdoms,8,晋朝（265－420）与五胡十六国（304－439）,376年,前秦灭代国之战,https://zh.wikipedia.org/wiki/%E5%89%8D%E7%A7%A6%E6%BB%85%E4%BB%A3%E5%9C%8B%E4%B9%8B%E6%88%B0,,未分级,376年： 前秦灭代国之战
716,jin_sixteen_kingdoms,8,晋朝（265－420）与五胡十六国（304－439）,383年,吕光攻龟兹之战,https://zh.wikipedia.org/wiki/%E5%90%95%E5%85%89%E6%94%BB%E9%BE%9F%E5%85%B9%E4%B9%8B%E6%88%98,,未分级,383年： 吕光攻龟兹之战
717,jin_sixteen_kingdoms,8,晋朝（265－420）与五胡十六国（304－439）,383年,淝水之战,https://zh.wikipedia.org/wiki/%E6%B7%9D%E6%B0%B4%E4%B9%8B%E6%88%98,,未分级,383年： 淝水之战
718,jin_sixteen_kingdoms,8,晋朝（265－420）与五胡十六国（304－439）,386年,北魏统一北方的战争,https://zh.wikipedia.org/wiki/%E5%8C%97%E9%AD%8F%E7%BB%9F%E4%B8%80%E5%8C%97%E6%96%B9%E7%9A%84%E6%88%98%E4%BA%89,439年,未分级,386年－439年： 北魏统一北方的战争
719,jin_sixteen_kingdoms,8,晋朝（265－420）与五胡十六国（304－439）,387年,凉州之战,https://zh.wikipedia.org/wiki/%E5%87%89%E5%B7%9E%E4%B9%8B%E6%88%98,,未分级,387年： 凉州之战
720,jin_sixteen_kingdoms,8,晋朝（265－420）与五胡十六国（304－439）,389年,大界之战,https://zh.wikipedia.org/wiki/%E5%A4%A7%E7%95%8C%E4%B9%8B%E6%88%98,,未分级,389年： 大界之战
721,jin_sixteen_kingdoms,8,晋朝（265－420）与五胡十六国（304－439）,390年,杏城镇之战,https://zh.wikipedia.org/wiki/%E6%9D%8F%E5%9F%8E%E9%95%87%E4%B9%8B%E6%88%98,,未分级,390年： 杏城镇之战
722,jin_sixteen_kingdoms,8,晋朝（265－420）与五胡十六国（304－439）,390年,北魏灭刘卫辰之战,https://zh.wikipedia.org/wiki/%E5%8C%97%E9%AD%8F%E7%81%AD%E5%88%98%E5%8D%AB%E8%BE%B0%E4%B9%8B%E6%88%98,,未分级,390年： 北魏灭刘卫辰之战
723,jin_sixteen_kingdoms,8,晋朝（265－420）与五胡十六国（304－439）,392年,吕光攻西秦之战,https://zh.wikipedia.org/wiki/%E5%90%95%E5%85%89%E6%94%BB%E8%A5%BF%E7%A7%A6%E4%B9%8B%E6%88%98,,未分级,392年： 吕光攻西秦之战
724,jin_sixteen_kingdoms,8,晋朝（265－420）与五胡十六国（304－439）,393年,后燕灭西燕之战,https://zh.wikipedia.org/wiki/%E5%90%8E%E7%87%95%E7%81%AD%E8%A5%BF%E7%87%95%E4%B9%8B%E6%88%98,,未分级,393年： 后燕灭西燕之战
725,jin_sixteen_kingdoms,8,晋朝（265－420）与五胡十六国（304－439）,395年,参合陂之战,https://zh.wikipedia.org/wiki/%E5%8F%83%E5%90%88%E9%99%82%E4%B9%8B%E6%88%B0,,未分级,395年： 参合陂之战
726,jin_sixteen_kingdoms,8,晋朝（265－420）与五胡十六国（304－439）,396年,北魏攻后燕之战,https://zh.wikipedia.org/wiki/%E5%8C%97%E9%AD%8F%E6%94%BB%E5%90%8E%E7%87%95%E4%B9%8B%E6%88%98,,未分级,396年： 北魏攻后燕之战
727,jin_sixteen_kingdoms,8,晋朝（265－420）与五胡十六国（304－439）,399年,孙恩起义,https://zh.wikipedia.org/wiki/%E5%AD%99%E6%81%A9%E8%B5%B7%E4%B9%89,402年,未分级,399年－402年： 孙恩起义
728,jin_sixteen_kingdoms,8,晋朝（265－420）与五胡十六国（304－439）,402年,卢循起义,https://zh.wikipedia.org/wiki/%E5%8D%A2%E5%BE%AA%E8%B5%B7%E4%B9%89,411年,未分级,402年－411年： 卢循起义
729,jin_sixteen_kingdoms,8,晋朝（265－420）与五胡十六国（304－439）,404年,覆舟山之战,https://zh.wikipedia.org/wiki/%E8%A6%86%E8%88%9F%E5%B1%B1%E4%B9%8B%E6%88%98,,未分级,404年： 覆舟山之战
730,jin_sixteen_kingdoms,8,晋朝（265－420）与五胡十六国（304－439）,404年,刘裕击桓玄之战,https://zh.wikipedia.org/wiki/%E5%88%98%E8%A3%95%E5%87%BB%E6%A1%93%E7%8E%84%E4%B9%8B%E6%88%98,,未分级,404年： 刘裕击桓玄之战
731,jin_sixteen_kingdoms,8,晋朝（265－420）与五胡十六国（304－439）,409年,刘裕灭南燕之战,https://zh.wikipedia.org/wiki/%E5%88%98%E8%A3%95%E7%81%AD%E5%8D%97%E7%87%95%E4%B9%8B%E6%88%98,,未分级,409年： 刘裕灭南燕之战
732,jin_sixteen_kingdoms,8,晋朝（265－420）与五胡十六国（304－439）,416年,刘裕灭后秦之战,https://zh.wikipedia.org/wiki/%E5%88%98%E8%A3%95%E7%81%AD%E5%90%8E%E7%A7%A6%E4%B9%8B%E6%88%98,,未分级,416年： 刘裕灭后秦之战
733,northern_southern,9,南北朝时期（420－589）,422年,魏宋河南之战,https://zh.wikipedia.org/wiki/%E9%AD%8F%E5%AE%8B%E6%B2%B3%E5%8D%97%E4%B9%8B%E6%88%98,,未分级,魏宋河南之战 422年
734,northern_southern,9,南北朝时期（420－589）,426年,宋攻谢晦之战,https://zh.wikipedia.org/wiki/%E8%B0%A2%E6%99%A6,,未分级,宋攻谢晦之战 426年
735,northern_southern,9,南北朝时期（420－589）,426年,西秦攻北凉之战,https://zh.wikipedia.org/wiki/%E8%A5%BF%E7%A7%A6%E6%94%BB%E5%8C%97%E5%87%89%E4%B9%8B%E6%88%98,,未分级,西秦攻北凉之战 426年
736,northern_southern,9,南北朝时期（420－589）,426年－427年,魏攻统万之战,https://zh.wikipedia.org/wiki/%E9%AD%8F%E6%94%BB%E7%BB%9F%E4%B8%87%E4%B9%8B%E6%88%98,,未分级,魏攻统万之战 426年－427年
737,northern_southern,9,南北朝时期（420－589）,429年,魏攻柔然之战,https://zh.wikipedia.org/wiki/%E9%AD%8F%E6%94%BB%E6%9F%94%E7%84%B6%E4%B9%8B%E6%88%98,,未分级,魏攻柔然之战 429年
738,northern_southern,9,南北朝时期（420－589）,430年,宋魏河南之战,https://zh.wikipedia.org/wiki/%E5%AE%8B%E9%AD%8F%E6%B2%B3%E5%8D%97%E4%B9%8B%E6%88%98,,未分级,宋魏河南之战 430年
739,northern_southern,9,南北朝时期（420－589）,430年,平凉之战,https://zh.wikipedia.org/wiki/%E5%B9%B3%E5%87%89%E4%B9%8B%E6%88%98,,未分级,平凉之战 430年
740,northern_southern,9,南北朝时期（420－589）,432年,魏燕之战,https://zh.wikipedia.org/wiki/%E9%AD%8F%E7%87%95%E4%B9%8B%E6%88%98,,未分级,魏燕之战 432年
741,northern_southern,9,南北朝时期（420－589）,433年,汉中之战,https://zh.wikipedia.org/wiki/%E6%B1%89%E4%B8%AD%E4%B9%8B%E6%88%98_(433%E5%B9%B4),,未分级,汉中之战 433年
742,northern_southern,9,南北朝时期（420－589）,439年,魏灭北凉之战,https://zh.wikipedia.org/wiki/%E9%AD%8F%E7%81%AD%E5%8C%97%E5%87%89%E4%B9%8B%E6%88%98,,未分级,魏灭北凉之战 439年
743,northern_southern,9,南北朝时期（420－589）,449年,雍州之战,https://zh.wikipedia.org/wiki/%E9%9B%8D%E5%B7%9E%E4%B9%8B%E6%88%98,,未分级,雍州之战 449年
744,northern_southern,9,南北朝时期（420－589）,450年,陕城之战,https://zh.wikipedia.org/wiki/%E9%99%95%E5%9F%8E%E4%B9%8B%E6%88%98,,未分级,陕城之战 450年
745,northern_southern,9,南北朝时期（420－589）,452年,宋文帝攻魏河南之战,https://zh.wikipedia.org/wiki/%E5%AE%8B%E6%96%87%E5%B8%9D%E6%94%BB%E9%AD%8F%E6%B2%B3%E5%8D%97%E4%B9%8B%E6%88%98,,未分级,宋文帝攻魏河南之战 452年
746,northern_southern,9,南北朝时期（420－589）,454年,宋平刘义宣之战,https://zh.wikipedia.org/wiki/%E5%88%98%E4%B9%89%E5%AE%A3,,未分级,宋平刘义宣之战 454年
747,northern_southern,9,南北朝时期（420－589）,459年,广陵之战,https://zh.wikipedia.org/wiki/%E5%B9%BF%E9%99%B5%E4%B9%8B%E6%88%98_(459%E5%B9%B4),,未分级,广陵之战 459年
748,northern_southern,9,南北朝时期（420－589）,466年,宋平刘子勋之战,https://zh.wikipedia.org/wiki/%E5%88%98%E5%AD%90%E5%8B%8B,,未分级,宋平刘子勋之战 466年
749,northern_southern,9,南北朝时期（420－589）,466年,彭城之战,https://zh.wikipedia.org/wiki/%E5%BD%AD%E5%9F%8E%E4%B9%8B%E6%88%98_(466%E5%B9%B4),,未分级,彭城之战 466年
750,northern_southern,9,南北朝时期（420－589）,467年－469年,青州之战,https://zh.wikipedia.org/wiki/%E9%9D%92%E5%B7%9E%E4%B9%8B%E6%88%98,,未分级,青州之战 467年－469年
751,northern_southern,9,南北朝时期（420－589）,474年,建康之战,https://zh.wikipedia.org/wiki/%E5%BB%BA%E5%BA%B7%E4%B9%8B%E6%88%98,,未分级,建康之战 474年
752,northern_southern,9,南北朝时期（420－589）,479年－500年,齐魏战争,https://zh.wikipedia.org/wiki/%E9%BD%90%E9%AD%8F%E6%88%98%E4%BA%89,,未分级,齐魏战争 479年－500年
753,northern_southern,9,南北朝时期（420－589）,479年,寿阳之战,https://zh.wikipedia.org/wiki/%E5%AF%BF%E9%98%B3%E4%B9%8B%E6%88%98,,未分级,寿阳之战 479年
754,northern_southern,9,南北朝时期（420－589）,488年,魏伐百济,https://zh.wikipedia.org/wiki/%E9%AD%8F%E4%BC%90%E7%99%BE%E6%B5%8E,,未分级,魏伐百济 488年
755,northern_southern,9,南北朝时期（420－589）,494年,淮汉之战,https://zh.wikipedia.org/wiki/%E6%B7%AE%E6%B1%89%E4%B9%8B%E6%88%98,,未分级,淮汉之战 494年
756,northern_southern,9,南北朝时期（420－589）,495年,汉中之战,https://zh.wikipedia.org/wiki/%E6%B1%89%E4%B8%AD%E4%B9%8B%E6%88%98_(495%E5%B9%B4),,未分级,汉中之战 495年
757,northern_southern,9,南北朝时期（420－589）,497年,南阳之战,https://zh.wikipedia.org/wiki/%E5%8D%97%E9%98%B3%E4%B9%8B%E6%88%98_(497%E5%B9%B4),,未分级,南阳之战 497年
758,northern_southern,9,南北朝时期（420－589）,503年－527年,梁与北魏的战争,https://zh.wikipedia.org/wiki/%E6%A2%81%E4%B8%8E%E5%8C%97%E9%AD%8F%E7%9A%84%E6%88%98%E4%BA%89,,未分级,梁与北魏的战争 503年－527年
759,northern_southern,9,南北朝时期（420－589）,503年,钟离、义阳之战,https://zh.wikipedia.org/wiki/%E9%92%9F%E7%A6%BB%E3%80%81%E4%B9%89%E9%98%B3%E4%B9%8B%E6%88%98,,未分级,钟离、义阳之战 503年
760,northern_southern,9,南北朝时期（420－589）,505年,梁州之战,https://zh.wikipedia.org/wiki/%E6%A2%81%E5%B7%9E%E4%B9%8B%E6%88%98,,未分级,梁州之战 505年
761,northern_southern,9,南北朝时期（420－589）,506年,合肥之战,https://zh.wikipedia.org/wiki/%E5%90%88%E8%82%A5%E4%B9%8B%E6%88%98_(506%E5%B9%B4),,未分级,合肥之战 506年
762,northern_southern,9,南北朝时期（420－589）,507年,钟离之战,https://zh.wikipedia.org/wiki/%E9%8D%BE%E9%9B%A2%E4%B9%8B%E6%88%B0,,未分级,钟离之战 507年
763,northern_southern,9,南北朝时期（420－589）,515年,硖石之战,https://zh.wikipedia.org/wiki/%E7%A1%96%E7%9F%B3%E4%B9%8B%E6%88%98,,未分级,硖石之战 515年
764,northern_southern,9,南北朝时期（420－589）,529年,陈庆之攻北魏之战,https://zh.wikipedia.org/wiki/%E9%99%88%E5%BA%86%E4%B9%8B%E6%94%BB%E5%8C%97%E9%AD%8F%E4%B9%8B%E6%88%98,,未分级,陈庆之攻北魏之战 529年
765,northern_southern,9,南北朝时期（420－589）,531年,高欢攻尔朱氏之战,https://zh.wikipedia.org/wiki/%E9%AB%98%E6%AC%A2%E6%94%BB%E5%B0%94%E6%9C%B1%E6%B0%8F%E4%B9%8B%E6%88%98,,未分级,高欢攻尔朱氏之战 531年
766,northern_southern,9,南北朝时期（420－589）,534年－535年,北魏分裂,https://zh.wikipedia.org/wiki/%E5%8C%97%E9%AD%8F%E5%88%86%E8%A3%82,,未分级,北魏分裂 534年－535年
767,northern_southern,9,南北朝时期（420－589）,537年,潼关之战,https://zh.wikipedia.org/wiki/%E5%B0%8F%E9%97%9C%E4%B9%8B%E6%88%B0,,未分级,潼关之战 537年
768,northern_southern,9,南北朝时期（420－589）,537年,沙苑之战,https://zh.wikipedia.org/wiki/%E6%B2%99%E8%8B%91%E4%B9%8B%E6%88%98,,未分级,沙苑之战 537年
769,northern_southern,9,南北朝时期（420－589）,543年,邙山之战,https://zh.wikipedia.org/wiki/%E9%82%99%E5%B1%B1%E4%B9%8B%E6%88%B0_(543%E5%B9%B4),,未分级,邙山之战 543年
770,northern_southern,9,南北朝时期（420－589）,546年,玉壁之战,https://zh.wikipedia.org/wiki/%E7%8E%89%E5%A3%81%E4%B9%8B%E6%88%B0,,未分级,玉壁之战 546年
771,northern_southern,9,南北朝时期（420－589）,547年－552年,侯景之乱,https://zh.wikipedia.org/wiki/%E4%BE%AF%E6%99%AF%E4%B9%8B%E4%B9%B1,,未分级,侯景之乱 547年－552年
772,northern_southern,9,南北朝时期（420－589）,547年－548年,侯景叛东魏之战,https://zh.wikipedia.org/wiki/%E4%BE%AF%E6%99%AF%E5%8F%9B%E4%B8%9C%E9%AD%8F%E4%B9%8B%E6%88%98,,未分级,侯景叛东魏之战 547年－548年
773,northern_southern,9,南北朝时期（420－589）,548年－549年,侯景叛梁魏之战,https://zh.wikipedia.org/wiki/%E4%BE%AF%E6%99%AF%E5%8F%9B%E6%A2%81%E9%AD%8F%E4%B9%8B%E6%88%98,,未分级,侯景叛梁魏之战 548年－549年
774,northern_southern,9,南北朝时期（420－589）,549年,侯景攻三吴之战,https://zh.wikipedia.org/wiki/%E4%BE%AF%E6%99%AF%E6%94%BB%E4%B8%89%E5%90%B4%E4%B9%8B%E6%88%98,,未分级,侯景攻三吴之战 549年
775,northern_southern,9,南北朝时期（420－589）,550年－552年,萧绎讨平侯景之乱,https://zh.wikipedia.org/wiki/%E8%90%A7%E7%BB%8E%E8%AE%A8%E5%B9%B3%E4%BE%AF%E6%99%AF%E4%B9%8B%E4%B9%B1,,未分级,萧绎讨平侯景之乱 550年－552年
776,northern_southern,9,南北朝时期（420－589）,554年－555年,江陵之战,https://zh.wikipedia.org/wiki/%E6%B1%9F%E9%99%B5%E4%B9%8B%E6%88%B0,,未分级,江陵之战 554年－555年
777,northern_southern,9,南北朝时期（420－589）,556年,北齐攻梁之战,https://zh.wikipedia.org/wiki/%E5%8C%97%E9%BD%90%E6%94%BB%E6%A2%81%E4%B9%8B%E6%88%98,,未分级,北齐攻梁之战 556年
778,northern_southern,9,南北朝时期（420－589）,564年,洛阳之战,https://zh.wikipedia.org/wiki/%E9%82%99%E5%B1%B1%E4%B9%8B%E6%88%98_(564%E5%B9%B4),,未分级,洛阳之战 564年
779,northern_southern,9,南北朝时期（420－589）,567年,沌口之战,https://zh.wikipedia.org/wiki/%E6%B2%8C%E5%8F%A3%E4%B9%8B%E6%88%98,,未分级,沌口之战 567年
780,northern_southern,9,南北朝时期（420－589）,569年,宜阳、汾北之战,https://zh.wikipedia.org/wiki/%E5%AE%9C%E9%98%B3%E3%80%81%E6%B1%BE%E5%8C%97%E4%B9%8B%E6%88%98,,未分级,宜阳、汾北之战 569年
781,northern_southern,9,南北朝时期（420－589）,572年－577年,北周统一北方,https://zh.wikipedia.org/wiki/%E5%8C%97%E5%91%A8%E7%B5%B1%E4%B8%80%E5%8C%97%E6%96%B9,,未分级,北周统一北方 572年－577年
782,northern_southern,9,南北朝时期（420－589）,575年－577年,北周灭北齐之战,https://zh.wikipedia.org/wiki/%E5%8C%97%E5%91%A8%E7%81%AD%E5%8C%97%E9%BD%90%E4%B9%8B%E6%88%98,,未分级,北周灭北齐之战 575年－577年
783,northern_southern,9,南北朝时期（420－589）,575年,河阴之战,https://zh.wikipedia.org/wiki/%E6%B2%B3%E9%98%B4%E4%B9%8B%E6%88%98,,未分级,河阴之战 575年
784,northern_southern,9,南北朝时期（420－589）,576年,平阳之战,https://zh.wikipedia.org/wiki/%E5%B9%B3%E9%99%BD%E4%B9%8B%E6%88%B0,,未分级,平阳之战 576年
785,northern_southern,9,南北朝时期（420－589）,580年,杨坚平尉迟迥之战,https://zh.wikipedia.org/wiki/%E5%B0%89%E9%81%B2%E8%BF%A5%E4%B9%8B%E4%BA%82,,未分级,杨坚平尉迟迥之战 580年
786,northern_southern,9,南北朝时期（420－589）,580年,杨坚平王谦之战,https://zh.wikipedia.org/wiki/%E7%8E%8B%E8%AC%99_(%E5%8C%97%E6%9C%9D),,未分级,杨坚平王谦之战 580年
787,northern_southern,9,南北朝时期（420－589）,580年,东郡之战,https://zh.wikipedia.org/wiki/%E4%B8%9C%E9%83%A1%E4%B9%8B%E6%88%98,,未分级,东郡之战 580年
788,northern_southern,9,南北朝时期（420－589）,580年,武陟之战,https://zh.wikipedia.org/wiki/%E6%AD%A6%E9%99%9F%E4%B9%8B%E6%88%98,,未分级,武陟之战 580年
789,northern_southern,9,南北朝时期（420－589）,580年,邺城之战,https://zh.wikipedia.org/wiki/%E9%82%BA%E5%9F%8E%E4%B9%8B%E6%88%98_(580%E5%B9%B4),,未分级,邺城之战 580年
790,northern_southern,9,南北朝时期（420－589）,580年,梁郡之战,https://zh.wikipedia.org/wiki/%E6%A2%81%E9%83%A1%E4%B9%8B%E6%88%98,,未分级,梁郡之战 580年
791,northern_southern,9,南北朝时期（420－589）,580年,金乡之战,https://zh.wikipedia.org/wiki/%E9%87%91%E4%B9%A1%E4%B9%8B%E6%88%98,,未分级,金乡之战 580年
792,northern_southern,9,南北朝时期（420－589）,580年,利州之战,https://zh.wikipedia.org/wiki/%E5%88%A9%E5%B7%9E%E4%B9%8B%E6%88%98,,未分级,利州之战 580年
793,northern_southern,9,南北朝时期（420－589）,580年,始州之战,https://zh.wikipedia.org/wiki/%E5%A7%8B%E5%B7%9E%E4%B9%8B%E6%88%98,,未分级,始州之战 580年
794,sui,10,隋朝（589－618）,581年－589年,隋统一战争,https://zh.wikipedia.org/wiki/%E9%9A%8B%E7%81%AD%E9%99%88%E4%B9%8B%E6%88%98,,未分级,隋统一战争 581年－589年
795,sui,10,隋朝（589－618）,581年,丰利山之战,https://zh.wikipedia.org/wiki/%E4%B8%B0%E5%88%A9%E5%B1%B1%E4%B9%8B%E6%88%98,,未分级,丰利山之战 581年
796,sui,10,隋朝（589－618）,581年,高颎攻陈之战,https://zh.wikipedia.org/wiki/%E9%AB%98%E9%A2%8E%E6%94%BB%E9%99%88%E4%B9%8B%E6%88%98,,未分级,高颎攻陈之战 581年
797,sui,10,隋朝（589－618）,581年,突厥攻隋之战,https://zh.wikipedia.org/wiki/%E9%9A%8B%E8%88%87%E7%AA%81%E5%8E%A5%E4%B9%8B%E6%88%B0,,未分级,突厥攻隋之战 581年
798,sui,10,隋朝（589－618）,582年,陈平始兴王陈叔陵叛乱,https://zh.wikipedia.org/wiki/%E9%99%88%E5%8F%94%E9%99%B5,,未分级,陈平始兴王陈叔陵叛乱 582年
799,sui,10,隋朝（589－618）,582年,甑山、涢口之战,https://zh.wikipedia.org/wiki/%E7%94%91%E5%B1%B1%E3%80%81%E6%B6%A2%E5%8F%A3%E4%B9%8B%E6%88%98,,未分级,甑山、涢口之战 582年
800,sui,10,隋朝（589－618）,582年,可洛峐山之战,https://zh.wikipedia.org/wiki/%E5%8F%AF%E6%B4%9B%E5%B3%90%E5%B1%B1%E4%B9%8B%E6%88%98,,未分级,可洛峐山之战 582年
801,sui,10,隋朝（589－618）,582年,周槃之战,https://zh.wikipedia.org/wiki/%E5%91%A8%E6%A7%83%E4%B9%8B%E6%88%98,,未分级,周槃之战 582年
802,sui,10,隋朝（589－618）,583年,隋反击突厥之战,https://zh.wikipedia.org/wiki/%E9%9A%8B%E8%88%87%E7%AA%81%E5%8E%A5%E4%B9%8B%E6%88%B0,,未分级,隋反击突厥之战 583年
803,sui,10,隋朝（589－618）,583年,白道之战,https://zh.wikipedia.org/wiki/%E7%99%BD%E9%81%93%E4%B9%8B%E6%88%98,,未分级,白道之战 583年
804,sui,10,隋朝（589－618）,583年,隋灭高宝宁之战,https://zh.wikipedia.org/wiki/%E9%9A%8B%E7%81%AD%E9%AB%98%E5%AE%9D%E5%AE%81%E4%B9%8B%E6%88%98,,未分级,隋灭高宝宁之战 583年
805,sui,10,隋朝（589－618）,583年,高越原之战,https://zh.wikipedia.org/wiki/%E9%AB%98%E8%B6%8A%E5%8E%9F%E4%B9%8B%E6%88%98,,未分级,高越原之战 583年
806,sui,10,隋朝（589－618）,583年,沙钵略与阿波之战,https://zh.wikipedia.org/wiki/%E6%B2%99%E9%92%B5%E7%95%A5%E4%B8%8E%E9%98%BF%E6%B3%A2%E4%B9%8B%E6%88%98,,未分级,沙钵略与阿波之战 583年
807,sui,10,隋朝（589－618）,583年,砂城之战,https://zh.wikipedia.org/wiki/%E7%A0%82%E5%9F%8E%E4%B9%8B%E6%88%98,,未分级,砂城之战 583年
808,sui,10,隋朝（589－618）,583年,隋梁远击吐谷浑之战,https://zh.wikipedia.org/wiki/%E9%9A%8B%E6%A2%81%E8%BF%9C%E5%87%BB%E5%90%90%E8%B0%B7%E6%B5%91%E4%B9%8B%E6%88%98,,未分级,隋梁远击吐谷浑之战 583年
809,sui,10,隋朝（589－618）,584年,隋贺娄子干击吐谷浑之战,https://zh.wikipedia.org/wiki/%E9%9A%8B%E8%B4%BA%E5%A8%84%E5%AD%90%E5%B9%B2%E5%87%BB%E5%90%90%E8%B0%B7%E6%B5%91%E4%B9%8B%E6%88%98,,未分级,隋贺娄子干击吐谷浑之战 584年
810,sui,10,隋朝（589－618）,585年,陈平章大宝叛乱,https://zh.wikipedia.org/wiki/%E7%AB%A0%E5%A4%A7%E5%AE%9D,,未分级,陈平章大宝叛乱 585年
811,sui,10,隋朝（589－618）,585年,梁戚昕袭陈公安之战,https://zh.wikipedia.org/wiki/%E6%A2%81%E6%88%9A%E6%98%95%E8%A2%AD%E9%99%88%E5%85%AC%E5%AE%89%E4%B9%8B%E6%88%98,,未分级,梁戚昕袭陈公安之战 585年
812,sui,10,隋朝（589－618）,585年,隋助沙钵略可汗击阿波可汗之战,https://zh.wikipedia.org/wiki/%E9%9A%8B%E5%8A%A9%E6%B2%99%E9%92%B5%E7%95%A5%E5%8F%AF%E6%B1%97%E5%87%BB%E9%98%BF%E6%B3%A2%E5%8F%AF%E6%B1%97%E4%B9%8B%E6%88%98,,未分级,隋助沙钵略可汗击阿波可汗之战 585年
813,sui,10,隋朝（589－618）,587年,莫何可汗击阿波可汗之战,https://zh.wikipedia.org/wiki/%E8%8E%AB%E4%BD%95%E5%8F%AF%E6%B1%97%E5%87%BB%E9%98%BF%E6%B3%A2%E5%8F%AF%E6%B1%97%E4%B9%8B%E6%88%98,,未分级,莫何可汗击阿波可汗之战 587年
814,sui,10,隋朝（589－618）,588年－589年,隋灭陈之战,https://zh.wikipedia.org/wiki/%E9%9A%8B%E7%81%AD%E9%99%88%E4%B9%8B%E6%88%98,,未分级,隋灭陈之战 588年－589年
815,sui,10,隋朝（589－618）,588年,狼尾滩之战,https://zh.wikipedia.org/wiki/%E7%8B%BC%E5%B0%BE%E6%BB%A9%E4%B9%8B%E6%88%98,,未分级,狼尾滩之战 588年
816,sui,10,隋朝（589－618）,589年,歧亭、延州之战,https://zh.wikipedia.org/wiki/%E6%AD%A7%E4%BA%AD%E3%80%81%E5%BB%B6%E5%B7%9E%E4%B9%8B%E6%88%98,,未分级,歧亭、延州之战 589年
817,sui,10,隋朝（589－618）,589年,白土岗之战,https://zh.wikipedia.org/wiki/%E7%99%BD%E5%9C%9F%E5%B2%97%E4%B9%8B%E6%88%98,,未分级,白土岗之战 589年
818,sui,10,隋朝（589－618）,589年,湘州之战,https://zh.wikipedia.org/wiki/%E6%B9%98%E5%B7%9E%E4%B9%8B%E6%88%98,,未分级,湘州之战 589年
819,sui,10,隋朝（589－618）,589年,南康之战,https://zh.wikipedia.org/wiki/%E5%8D%97%E5%BA%B7%E4%B9%8B%E6%88%98,,未分级,南康之战 589年
820,sui,10,隋朝（589－618）,589年,隋定三吴之战,https://zh.wikipedia.org/wiki/%E9%9A%8B%E5%AE%9A%E4%B8%89%E5%90%B4%E4%B9%8B%E6%88%98,,未分级,隋定三吴之战 589年
821,sui,10,隋朝（589－618）,589年,南定州之战,https://zh.wikipedia.org/wiki/%E5%8D%97%E5%AE%9A%E5%B7%9E%E4%B9%8B%E6%88%98,,未分级,南定州之战 589年
822,sui,10,隋朝（589－618）,590年春,隋平江南之战,https://zh.wikipedia.org/wiki/%E9%9A%8B%E5%B9%B3%E6%B1%9F%E5%8D%97%E4%B9%8B%E6%88%98,,未分级,隋平江南之战 590年春
823,sui,10,隋朝（589－618）,595年－596年,隋击降党项之战,https://zh.wikipedia.org/wiki/%E9%9A%8B%E5%87%BB%E9%99%8D%E5%85%9A%E9%A1%B9%E4%B9%8B%E6%88%98,,未分级,隋击降党项之战 595年－596年
824,sui,10,隋朝（589－618）,597年,隋平定爨翫昆州之战,https://zh.wikipedia.org/wiki/%E7%88%A8%E7%BF%AB,,未分级,隋平定爨翫昆州之战 597年
825,sui,10,隋朝（589－618）,597年,隋平李光仕叛乱,https://zh.wikipedia.org/wiki/%E6%9D%8E%E5%85%89%E4%BB%95,,未分级,隋平李光仕叛乱 597年
826,sui,10,隋朝（589－618）,597年,隋平李世贤叛乱,https://zh.wikipedia.org/wiki/%E6%9D%8E%E4%B8%96%E8%B4%A4,,未分级,隋平李世贤叛乱 597年
827,sui,10,隋朝（589－618）,598年,隋文帝攻高句丽之战,https://zh.wikipedia.org/wiki/%E9%9A%8B%E4%B8%8E%E9%AB%98%E5%8F%A5%E4%B8%BD%E7%9A%84%E6%88%98%E4%BA%89,,未分级,隋文帝攻高句丽之战 598年
828,sui,10,隋朝（589－618）,599年,隋击突厥之战,https://zh.wikipedia.org/wiki/%E9%9A%8B%E8%88%87%E7%AA%81%E5%8E%A5%E4%B9%8B%E6%88%B0,,未分级,隋击突厥之战 599年
829,sui,10,隋朝（589－618）,599年,隋与突厥达头可汗之战,https://zh.wikipedia.org/wiki/%E9%9A%8B%E8%88%87%E7%AA%81%E5%8E%A5%E4%B9%8B%E6%88%B0,,未分级,隋与突厥达头可汗之战 599年
830,sui,10,隋朝（589－618）,600年,隋击达头可汗之战,https://zh.wikipedia.org/wiki/%E9%9A%8B%E8%88%87%E7%AA%81%E5%8E%A5%E4%B9%8B%E6%88%B0,,未分级,隋击达头可汗之战 600年
831,sui,10,隋朝（589－618）,600年,隋平李英林叛乱,https://zh.wikipedia.org/wiki/%E6%9D%8E%E8%8B%B1%E6%9E%97,,未分级,隋平李英林叛乱 600年
832,sui,10,隋朝（589－618）,601年,隋卫文升平僚人叛乱,https://zh.wikipedia.org/wiki/%E9%9A%8B%E5%8D%AB%E6%96%87%E5%8D%87%E5%B9%B3%E5%83%9A%E4%BA%BA%E5%8F%9B%E4%B9%B1,,未分级,隋卫文升平僚人叛乱 601年
833,sui,10,隋朝（589－618）,601年,隋冯盎平僚人叛乱,https://zh.wikipedia.org/wiki/%E9%9A%8B%E5%86%AF%E7%9B%8E%E5%B9%B3%E5%83%9A%E4%BA%BA%E5%8F%9B%E4%B9%B1,,未分级,隋冯盎平僚人叛乱 601年
834,sui,10,隋朝（589－618）,602年,杨素击突厥之战,https://zh.wikipedia.org/wiki/%E9%9A%8B%E8%88%87%E7%AA%81%E5%8E%A5%E4%B9%8B%E6%88%B0,,未分级,杨素击突厥之战 602年
835,sui,10,隋朝（589－618）,602年,隋平李佛子之战,https://zh.wikipedia.org/wiki/%E6%9D%8E%E4%BD%9B%E5%AD%90,,未分级,隋平李佛子之战 602年
836,sui,10,隋朝（589－618）,604年,隋平杨谅之战,https://zh.wikipedia.org/wiki/%E6%A5%8A%E8%AB%92,,未分级,隋平杨谅之战 604年
837,sui,10,隋朝（589－618）,605年,隋攻林邑之战,https://zh.wikipedia.org/wiki/%E9%9A%8B%E6%94%BB%E6%9E%97%E9%82%91%E4%B9%8B%E6%88%98,,未分级,隋攻林邑之战 605年
838,sui,10,隋朝（589－618）,605年,隋击契丹之战,https://zh.wikipedia.org/wiki/%E9%9A%8B%E5%87%BB%E5%A5%91%E4%B8%B9%E4%B9%8B%E6%88%98,,未分级,隋击契丹之战 605年
839,sui,10,隋朝（589－618）,607年,隋击铁勒之战,https://zh.wikipedia.org/wiki/%E9%9A%8B%E5%87%BB%E9%93%81%E5%8B%92%E4%B9%8B%E6%88%98,,未分级,隋击铁勒之战 607年
840,sui,10,隋朝（589－618）,608年,隋灭伊吾之战,https://zh.wikipedia.org/wiki/%E9%9A%8B%E7%81%AD%E4%BC%8A%E5%90%BE%E4%B9%8B%E6%88%98,,未分级,隋灭伊吾之战 608年
841,sui,10,隋朝（589－618）,608年－609年,隋击吐谷浑之战,https://zh.wikipedia.org/wiki/%E9%9A%8B%E5%87%BB%E5%90%90%E8%B0%B7%E6%B5%91%E4%B9%8B%E6%88%98,,未分级,隋击吐谷浑之战 608年－609年
842,sui,10,隋朝（589－618）,610年,隋平建国门事变,https://zh.wikipedia.org/wiki/%E9%9A%8B%E5%B9%B3%E5%BB%BA%E5%9B%BD%E9%97%A8%E4%BA%8B%E5%8F%98,,未分级,隋平建国门事变 610年
843,sui,10,隋朝（589－618）,610年,隋击流求之战,https://zh.wikipedia.org/wiki/%E9%9A%8B%E5%87%BB%E6%B5%81%E6%B1%82%E4%B9%8B%E6%88%98,,未分级,隋击流求之战 610年
844,sui,10,隋朝（589－618）,610年,西突厥射匮击处罗可汗之战,https://zh.wikipedia.org/wiki/%E8%A5%BF%E7%AA%81%E5%8E%A5%E5%B0%84%E5%8C%AE%E5%87%BB%E5%A4%84%E7%BD%97%E5%8F%AF%E6%B1%97%E4%B9%8B%E6%88%98,,未分级,西突厥射匮击处罗可汗之战 610年
845,sui,10,隋朝（589－618）,610年－618年,隋末农民战争,https://zh.wikipedia.org/wiki/%E9%9A%8B%E6%9C%AB%E5%86%9C%E6%B0%91%E6%88%98%E4%BA%89,,未分级,隋末农民战争 610年－618年
846,sui,10,隋朝（589－618）,610年,尉文通起义,https://zh.wikipedia.org/wiki/%E5%B0%89%E6%96%87%E9%80%9A,,未分级,尉文通起义 610年
847,sui,10,隋朝（589－618）,610年,王万昌起义,https://zh.wikipedia.org/wiki/%E7%8E%8B%E4%B8%87%E6%98%8C,,未分级,王万昌起义 610年
848,sui,10,隋朝（589－618）,610年－617年,翟让起义,https://zh.wikipedia.org/wiki/%E7%BF%9F%E8%AE%A9,,未分级,翟让起义 610年－617年
849,sui,10,隋朝（589－618）,611年,王薄起义,https://zh.wikipedia.org/wiki/%E7%8E%8B%E8%96%84,,未分级,王薄起义 611年
850,sui,10,隋朝（589－618）,611年,刘霸道起义,https://zh.wikipedia.org/wiki/%E5%8A%89%E9%9C%B8%E9%81%93,,未分级,刘霸道起义 611年
851,sui,10,隋朝（589－618）,611年,孙安祖起义,https://zh.wikipedia.org/wiki/%E5%AD%AB%E5%AE%89%E7%A5%96,,未分级,孙安祖起义 611年
852,sui,10,隋朝（589－618）,611年,高士达起义,https://zh.wikipedia.org/wiki/%E9%AB%98%E5%A3%AB%E8%BE%BE,,未分级,高士达起义 611年
853,sui,10,隋朝（589－618）,611年－621年,窦建德起义,https://zh.wikipedia.org/wiki/%E7%AA%A6%E5%BB%BA%E5%BE%B7,,未分级,窦建德起义 611年－621年
854,sui,10,隋朝（589－618）,611年－615年,张金称起义,https://zh.wikipedia.org/wiki/%E5%BC%A0%E9%87%91%E7%A7%B0,,未分级,张金称起义 611年－615年
855,sui,10,隋朝（589－618）,612年,隋炀帝第一次攻高丽之战,https://zh.wikipedia.org/wiki/%E9%9A%8B%E7%82%80%E5%B8%9D%E7%AC%AC%E4%B8%80%E6%AC%A1%E6%94%BB%E9%AB%98%E4%B8%BD%E4%B9%8B%E6%88%98,,未分级,隋炀帝第一次攻高丽之战 612年
856,sui,10,隋朝（589－618）,613年,刘元进起义,https://zh.wikipedia.org/wiki/%E5%8A%89%E5%85%83%E9%80%B2,,未分级,刘元进起义 613年
857,sui,10,隋朝（589－618）,613年－625年,杜伏威起义,https://zh.wikipedia.org/wiki/%E6%9D%9C%E4%BC%8F%E5%A8%81,,未分级,杜伏威起义 613年－625年
858,sui,10,隋朝（589－618）,613年,孟海公起义,https://zh.wikipedia.org/wiki/%E5%AD%9F%E6%B5%B7%E5%85%AC,,未分级,孟海公起义 613年
859,sui,10,隋朝（589－618）,613年,韩相国起义,https://zh.wikipedia.org/wiki/%E9%9F%A9%E7%9B%B8%E5%9B%BD,,未分级,韩相国起义 613年
860,sui,10,隋朝（589－618）,613年,彭孝才起义,https://zh.wikipedia.org/wiki/%E5%BD%AD%E5%AD%9D%E6%89%8D,,未分级,彭孝才起义 613年
861,sui,10,隋朝（589－618）,613年,宋子贤起义,https://zh.wikipedia.org/wiki/%E5%AE%8B%E5%AD%90%E8%B4%A4,,未分级,宋子贤起义 613年
862,sui,10,隋朝（589－618）,613年,杜彦冰起义,https://zh.wikipedia.org/wiki/%E6%9D%9C%E5%BD%A6%E5%86%B0,,未分级,杜彦冰起义 613年
863,sui,10,隋朝（589－618）,613年,李德逸起义,https://zh.wikipedia.org/wiki/%E6%9D%8E%E5%BE%B7%E9%80%B8,,未分级,李德逸起义 613年
864,sui,10,隋朝（589－618）,613年,韩进洛 、 甄宝车起义,https://zh.wikipedia.org/wiki/%E9%9F%A9%E8%BF%9B%E6%B4%9B,,未分级,韩进洛 、 甄宝车起义 613年
865,sui,10,隋朝（589－618）,613年,白瑜娑起义,https://zh.wikipedia.org/wiki/%E7%99%BD%E7%91%9C%E5%A8%91,,未分级,白瑜娑起义 613年
866,sui,10,隋朝（589－618）,613年,郭方预起义,https://zh.wikipedia.org/wiki/%E9%83%AD%E6%96%B9%E9%A2%84,,未分级,郭方预起义 613年
867,sui,10,隋朝（589－618）,613年,孟让起义,https://zh.wikipedia.org/wiki/%E5%AD%9F%E8%AE%93,,未分级,孟让起义 613年
868,sui,10,隋朝（589－618）,613年,郝孝德起义,https://zh.wikipedia.org/wiki/%E9%83%9D%E5%AD%9D%E5%BE%B7,,未分级,郝孝德起义 613年
869,sui,10,隋朝（589－618）,613年,格谦起义,https://zh.wikipedia.org/wiki/%E6%A0%BC%E8%AC%99,,未分级,格谦起义 613年
870,sui,10,隋朝（589－618）,613年,隋炀帝第二次攻高丽之战,https://zh.wikipedia.org/wiki/%E9%9A%8B%E7%82%80%E5%B8%9D%E7%AC%AC%E4%BA%8C%E6%AC%A1%E6%94%BB%E9%AB%98%E4%B8%BD%E4%B9%8B%E6%88%98,,未分级,隋炀帝第二次攻高丽之战 613年
871,sui,10,隋朝（589－618）,613年,隋平杨玄感之战,https://zh.wikipedia.org/wiki/%E6%9D%A8%E7%8E%84%E6%84%9F,,未分级,隋平杨玄感之战 613年
872,sui,10,隋朝（589－618）,613年,陈瑱 、 梁慧尚 、 李三儿起义,https://zh.wikipedia.org/wiki/%E9%99%88%E7%91%B1,,未分级,陈瑱 、 梁慧尚 、 李三儿起义 613年
873,sui,10,隋朝（589－618）,613年,朱燮起义,https://zh.wikipedia.org/wiki/%E6%9C%B1%E7%87%AE,,未分级,朱燮起义 613年
874,sui,10,隋朝（589－618）,613年,管崇起义,https://zh.wikipedia.org/wiki/%E7%AE%A1%E5%B4%87,,未分级,管崇起义 613年
875,sui,10,隋朝（589－618）,613年,吕明星起义,https://zh.wikipedia.org/wiki/%E5%90%95%E6%98%8E%E6%98%9F,,未分级,吕明星起义 613年
876,sui,10,隋朝（589－618）,613年,向海明起义,https://zh.wikipedia.org/wiki/%E5%90%91%E6%B5%B7%E6%98%8E,,未分级,向海明起义 613年
877,sui,10,隋朝（589－618）,613年,杜伏威灭宋颢之战,https://zh.wikipedia.org/wiki/%E6%9D%9C%E4%BC%8F%E5%A8%81%E7%81%AD%E5%AE%8B%E9%A2%A2%E4%B9%8B%E6%88%98,,未分级,杜伏威灭宋颢之战 613年
878,sui,10,隋朝（589－618）,614年,唐弼起义,https://zh.wikipedia.org/wiki/%E5%94%90%E5%BC%BC,,未分级,唐弼起义 614年
879,sui,10,隋朝（589－618）,614年,张大彪 、 宗世模起义,https://zh.wikipedia.org/wiki/%E5%BC%A0%E5%A4%A7%E5%BD%AA,,未分级,张大彪 、 宗世模起义 614年
880,sui,10,隋朝（589－618）,614年,刘迦论起义,https://zh.wikipedia.org/wiki/%E5%8A%89%E8%BF%A6%E8%AB%96,,未分级,刘迦论起义 614年
881,sui,10,隋朝（589－618）,614年,郑文雅 、 林宝护起义,https://zh.wikipedia.org/wiki/%E9%83%91%E6%96%87%E9%9B%85,,未分级,郑文雅 、 林宝护起义 614年
882,sui,10,隋朝（589－618）,614年,隋炀帝第三次攻高丽之战,https://zh.wikipedia.org/wiki/%E9%9A%8B%E7%82%80%E5%B8%9D%E7%AC%AC%E4%B8%89%E6%AC%A1%E6%94%BB%E9%AB%98%E4%B8%BD%E4%B9%8B%E6%88%98,,未分级,隋炀帝第三次攻高丽之战 614年
883,sui,10,隋朝（589－618）,614年,杨公卿起义,https://zh.wikipedia.org/wiki/%E6%9D%A8%E5%85%AC%E5%8D%BF,,未分级,杨公卿起义 614年
884,sui,10,隋朝（589－618）,614年,司马长安起义,https://zh.wikipedia.org/wiki/%E5%8F%B8%E9%A9%AC%E9%95%BF%E5%AE%89,,未分级,司马长安起义 614年
885,sui,10,隋朝（589－618）,614年,刘苗王起义,https://zh.wikipedia.org/wiki/%E5%8A%89%E8%8B%97%E7%8E%8B,,未分级,刘苗王起义 614年
886,sui,10,隋朝（589－618）,614年,王德仁起义,https://zh.wikipedia.org/wiki/%E7%8E%8B%E5%BE%B7%E4%BB%81,,未分级,王德仁起义 614年
887,sui,10,隋朝（589－618）,614年,左孝友起义,https://zh.wikipedia.org/wiki/%E5%B7%A6%E5%AD%9D%E5%8F%8B,,未分级,左孝友起义 614年
888,sui,10,隋朝（589－618）,614年,卢明月起义,https://zh.wikipedia.org/wiki/%E7%9B%A7%E6%98%8E%E6%9C%88,,未分级,卢明月起义 614年
889,sui,10,隋朝（589－618）,615年,颜宣政起义,https://zh.wikipedia.org/wiki/%E9%A2%9C%E5%AE%A3%E6%94%BF,,未分级,颜宣政起义 615年
890,sui,10,隋朝（589－618）,615年,王须拔 、 魏刀儿起义,https://zh.wikipedia.org/wiki/%E7%8E%8B%E9%A0%88%E6%8B%94,,未分级,王须拔 、 魏刀儿起义 615年
891,sui,10,隋朝（589－618）,615年,杨仲绪起义,https://zh.wikipedia.org/wiki/%E6%9D%A8%E4%BB%B2%E7%BB%AA,,未分级,杨仲绪起义 615年
892,sui,10,隋朝（589－618）,615年,龙门之战,https://zh.wikipedia.org/wiki/%E9%BE%99%E9%97%A8%E4%B9%8B%E6%88%98,,未分级,龙门之战 615年
893,sui,10,隋朝（589－618）,615年,张起绪起义,https://zh.wikipedia.org/wiki/%E5%BC%A0%E8%B5%B7%E7%BB%AA,,未分级,张起绪起义 615年
894,sui,10,隋朝（589－618）,615年,雁门之围,https://zh.wikipedia.org/wiki/%E9%9B%81%E9%97%A8%E4%B9%8B%E5%9B%B4,,未分级,雁门之围 615年
895,sui,10,隋朝（589－618）,615年,李子通起义,https://zh.wikipedia.org/wiki/%E6%9D%8E%E5%AD%90%E9%80%9A,,未分级,李子通起义 615年
896,sui,10,隋朝（589－618）,615年,魏骐????起义,https://zh.wikipedia.org/wiki/%E9%AD%8F%E9%A8%8F%E9%A9%8E,,未分级,魏骐????起义 615年
897,sui,10,隋朝（589－618）,615年,敬盘陀 、 柴保昌起义,https://zh.wikipedia.org/wiki/%E6%95%AC%E7%9B%A4%E9%99%80,,未分级,敬盘陀 、 柴保昌起义 615年
898,sui,10,隋朝（589－618）,615年,李渊剿抚汾晋起义军,https://zh.wikipedia.org/wiki/%E6%9D%8E%E6%B8%8A%E5%89%BF%E6%8A%9A%E6%B1%BE%E6%99%8B%E8%B5%B7%E4%B9%89%E5%86%9B,,未分级,李渊剿抚汾晋起义军 615年
899,sui,10,隋朝（589－618）,615年－617年,朱粲起义,https://zh.wikipedia.org/wiki/%E6%9C%B1%E7%B2%B2,,未分级,朱粲起义 615年－617年
900,sui,10,隋朝（589－618）,616年,翟松柏起义,https://zh.wikipedia.org/wiki/%E7%BF%9F%E6%9D%BE%E6%9F%8F,,未分级,翟松柏起义 616年
901,sui,10,隋朝（589－618）,616年,卢公暹起义,https://zh.wikipedia.org/wiki/%E5%8D%A2%E5%85%AC%E6%9A%B9,,未分级,卢公暹起义 616年
902,sui,10,隋朝（589－618）,616年,甄翟儿攻太原之战,https://zh.wikipedia.org/wiki/%E7%94%84%E7%BF%9F%E5%85%92,,未分级,甄翟儿攻太原之战 616年
903,sui,10,隋朝（589－618）,616年,孙华起义,https://zh.wikipedia.org/wiki/%E5%AD%AB%E8%8F%AF,,未分级,孙华起义 616年
904,sui,10,隋朝（589－618）,616年,赵万海起义,https://zh.wikipedia.org/wiki/%E8%B5%B5%E4%B8%87%E6%B5%B7,,未分级,赵万海起义 616年
905,sui,10,隋朝（589－618）,616年,操师乞 、 林士弘起义,https://zh.wikipedia.org/wiki/%E6%93%8D%E5%B8%88%E4%B9%9E,,未分级,操师乞 、 林士弘起义 616年
906,sui,10,隋朝（589－618）,616年,荔非世雄起义,https://zh.wikipedia.org/wiki/%E8%8D%94%E9%9D%9E%E4%B8%96%E9%9B%84,,未分级,荔非世雄起义 616年
907,sui,10,隋朝（589－618）,616年,杜扬州 、 沈觅敌起义,https://zh.wikipedia.org/wiki/%E6%9D%9C%E6%89%AC%E5%B7%9E,,未分级,杜扬州 、 沈觅敌起义 616年
908,sui,10,隋朝（589－618）,616年,大海寺之战,https://zh.wikipedia.org/wiki/%E5%A4%A7%E6%B5%B7%E5%AF%BA%E4%B9%8B%E6%88%98,,未分级,大海寺之战 616年
909,sui,10,隋朝（589－618）,616年,雀鼠谷之战,https://zh.wikipedia.org/wiki/%E9%9B%80%E9%BC%A0%E8%B0%B7%E4%B9%8B%E6%88%98,,未分级,雀鼠谷之战 616年
910,sui,10,隋朝（589－618）,616年,李渊击突厥之战,https://zh.wikipedia.org/wiki/%E6%9D%8E%E6%B8%8A%E5%87%BB%E7%AA%81%E5%8E%A5%E4%B9%8B%E6%88%98,,未分级,李渊击突厥之战 616年
911,sui,10,隋朝（589－618）,616年,隋王仁恭击突厥之战,https://zh.wikipedia.org/wiki/%E9%9A%8B%E7%8E%8B%E4%BB%81%E6%81%AD%E5%87%BB%E7%AA%81%E5%8E%A5%E4%B9%8B%E6%88%98,,未分级,隋王仁恭击突厥之战 616年
912,sui,10,隋朝（589－618）,616年,罗艺起事,https://zh.wikipedia.org/wiki/%E7%BD%97%E8%89%BA,,未分级,罗艺起事 616年
913,sui,10,隋朝（589－618）,617年,杜伏威击陈棱之战,https://zh.wikipedia.org/wiki/%E6%9D%9C%E4%BC%8F%E5%A8%81%E5%87%BB%E9%99%88%E7%A8%9C%E4%B9%8B%E6%88%98,,未分级,杜伏威击陈棱之战 617年
914,sui,10,隋朝（589－618）,617年,徐圆朗起义,https://zh.wikipedia.org/wiki/%E5%BE%90%E5%9C%93%E6%9C%97,,未分级,徐圆朗起义 617年
915,sui,10,隋朝（589－618）,617年,洛口仓之战,https://zh.wikipedia.org/wiki/%E6%B4%9B%E5%8F%A3%E4%BB%93%E4%B9%8B%E6%88%98,,未分级,洛口仓之战 617年
916,sui,10,隋朝（589－618）,617年,石子河之战,https://zh.wikipedia.org/wiki/%E7%9F%B3%E5%AD%90%E6%B2%B3%E4%B9%8B%E6%88%98,,未分级,石子河之战 617年
917,sui,10,隋朝（589－618）,617年,王子英起义,https://zh.wikipedia.org/wiki/%E7%8E%8B%E5%AD%90%E8%8B%B1%E8%B5%B7%E4%B9%89,,未分级,王子英起义 617年
918,sui,10,隋朝（589－618）,617年,梁师都起事,https://zh.wikipedia.org/wiki/%E6%A2%81%E5%B8%AB%E9%83%BD,,未分级,梁师都起事 617年
919,sui,10,隋朝（589－618）,617年,刘武周起事,https://zh.wikipedia.org/wiki/%E5%88%98%E6%AD%A6%E5%91%A8,,未分级,刘武周起事 617年
920,sui,10,隋朝（589－618）,617年,张子路起义,https://zh.wikipedia.org/wiki/%E5%BC%A0%E5%AD%90%E8%B7%AF,,未分级,张子路起义 617年
921,sui,10,隋朝（589－618）,617年,李通德起义,https://zh.wikipedia.org/wiki/%E6%9D%8E%E9%80%9A%E5%BE%B7,,未分级,李通德起义 617年
922,sui,10,隋朝（589－618）,617年,郭子和起义,https://zh.wikipedia.org/wiki/%E9%83%AD%E5%AD%90%E5%92%8C,,未分级,郭子和起义 617年
923,sui,10,隋朝（589－618）,617年,薛举起事,https://zh.wikipedia.org/wiki/%E8%96%9B%E4%B8%BE,,未分级,薛举起事 617年
924,sui,10,隋朝（589－618）,617年,突厥攻扰晋阳之战,https://zh.wikipedia.org/wiki/%E7%AA%81%E5%8E%A5%E6%94%BB%E6%89%B0%E6%99%8B%E9%98%B3%E4%B9%8B%E6%88%98,,未分级,突厥攻扰晋阳之战 617年
925,sui,10,隋朝（589－618）,617年,河间之战,https://zh.wikipedia.org/wiki/%E6%B2%B3%E9%97%B4%E4%B9%8B%E6%88%98,,未分级,河间之战 617年
926,sui,10,隋朝（589－618）,617年,杨世洛起义,https://zh.wikipedia.org/wiki/%E6%9D%A8%E4%B8%96%E6%B4%9B,,未分级,杨世洛起义 617年
927,sui,10,隋朝（589－618）,617年,黑石之战,https://zh.wikipedia.org/wiki/%E9%BB%91%E7%9F%B3%E4%B9%8B%E6%88%98,,未分级,黑石之战 617年
928,sui,10,隋朝（589－618）,617年,萧铣起事,https://zh.wikipedia.org/wiki/%E8%90%A7%E9%93%A3,,未分级,萧铣起事 617年
929,sui,10,隋朝（589－618）,617年,窦建德兼并魏刀儿之战,https://zh.wikipedia.org/wiki/%E7%AA%A6%E5%BB%BA%E5%BE%B7%E5%85%BC%E5%B9%B6%E9%AD%8F%E5%88%80%E5%84%BF%E4%B9%8B%E6%88%98,,未分级,窦建德兼并魏刀儿之战 617年
930,sui,10,隋朝（589－618）,617年,綦公顺起义,https://zh.wikipedia.org/wiki/%E7%B6%A6%E5%85%AC%E9%A1%BA,,未分级,綦公顺起义 617年
931,sui,10,隋朝（589－618）,617年,张善安起义,https://zh.wikipedia.org/wiki/%E5%BC%B5%E5%96%84%E5%AE%89,,未分级,张善安起义 617年
932,sui,10,隋朝（589－618）,617年,李轨起事,https://zh.wikipedia.org/wiki/%E6%9D%8E%E8%BD%A8,,未分级,李轨起事 617年
933,sui,10,隋朝（589－618）,618年,洛南之战,https://zh.wikipedia.org/wiki/%E6%B4%9B%E5%8D%97%E4%B9%8B%E6%88%98,,未分级,洛南之战 618年
934,sui,10,隋朝（589－618）,618年,宇文化及江都之乱,https://zh.wikipedia.org/wiki/%E6%B1%9F%E9%83%BD%E5%85%B5%E5%8F%98,,未分级,宇文化及江都之乱 618年
935,sui,10,隋朝（589－618）,618年,显福宫之战,https://zh.wikipedia.org/wiki/%E6%98%BE%E7%A6%8F%E5%AE%AB%E4%B9%8B%E6%88%98,,未分级,显福宫之战 618年
936,sui,10,隋朝（589－618）,618年,沈法兴起事,https://zh.wikipedia.org/wiki/%E6%B2%88%E6%B3%95%E5%85%B4,,未分级,沈法兴起事 618年
937,sui,10,隋朝（589－618）,618年,徐世????讨王德仁之战,https://zh.wikipedia.org/wiki/%E5%BE%90%E4%B8%96%E5%8B%A3%E8%A8%8E%E7%8E%8B%E5%BE%B7%E4%BB%81%E4%B9%8B%E6%88%B0,,未分级,徐世????讨王德仁之战 618年
938,sui,10,隋朝（589－618）,618年,黎阳之战,https://zh.wikipedia.org/wiki/%E9%BB%8E%E9%98%B3%E4%B9%8B%E6%88%98,,未分级,黎阳之战 618年
939,sui,10,隋朝（589－618）,618年,邙山之战,https://zh.wikipedia.org/wiki/%E9%82%99%E5%B1%B1%E4%B9%8B%E6%88%B0_(618%E5%B9%B4),,未分级,邙山之战 618年
940,sui,10,隋朝（589－618）,618年,窦建德攻占冀州之战,https://zh.wikipedia.org/wiki/%E7%AA%A6%E5%BB%BA%E5%BE%B7%E6%94%BB%E5%8D%A0%E5%86%80%E5%B7%9E%E4%B9%8B%E6%88%98,,未分级,窦建德攻占冀州之战 618年
941,sui,10,隋朝（589－618）,618年,窦建德攻幽州之战,https://zh.wikipedia.org/wiki/%E7%AA%A6%E5%BB%BA%E5%BE%B7%E6%94%BB%E5%B9%BD%E5%B7%9E%E4%B9%8B%E6%88%98,,未分级,窦建德攻幽州之战 618年
942,tang,11,唐朝（618－907，含武周时期）,617年,霍邑之战,https://zh.wikipedia.org/wiki/%E9%9C%8D%E9%82%91%E4%B9%8B%E6%88%98,,未分级,霍邑之战 617年
943,tang,11,唐朝（618－907，含武周时期）,618年－624年,唐朝统一战争,https://zh.wikipedia.org/wiki/%E5%94%90%E6%9C%9D%E7%BB%9F%E4%B8%80%E6%88%98%E4%BA%89,,未分级,唐朝统一战争 618年－624年
944,tang,11,唐朝（618－907，含武周时期）,618年,浅水原之战,https://zh.wikipedia.org/wiki/%E6%B7%BA%E6%B0%B4%E5%8E%9F%E4%B9%8B%E6%88%B0,,未分级,浅水原之战 618年
945,tang,11,唐朝（618－907，含武周时期）,619年,柏壁之战,https://zh.wikipedia.org/wiki/%E6%9F%8F%E5%A3%81%E4%B9%8B%E6%88%B0,,未分级,柏壁之战 619年
946,tang,11,唐朝（618－907，含武周时期）,620年－657年,唐与突厥战争,https://zh.wikipedia.org/wiki/%E5%94%90%E4%B8%8E%E7%AA%81%E5%8E%A5%E6%88%98%E4%BA%89,,未分级,唐与突厥战争 620年－657年
947,tang,11,唐朝（618－907，含武周时期）,620年,洛阳、虎牢之战,https://zh.wikipedia.org/wiki/%E6%B4%9B%E9%98%B3%E3%80%81%E8%99%8E%E7%89%A2%E4%B9%8B%E6%88%98,,未分级,洛阳、虎牢之战 620年
948,tang,11,唐朝（618－907，含武周时期）,621年,虎牢之战,https://zh.wikipedia.org/wiki/%E8%99%8E%E7%89%A2%E4%B9%8B%E6%88%98,,未分级,虎牢之战 621年
949,tang,11,唐朝（618－907，含武周时期）,621年,唐平萧铣之战,https://zh.wikipedia.org/wiki/%E5%94%90%E5%B9%B3%E8%95%AD%E9%8A%91%E4%B9%8B%E6%88%B0,,未分级,唐平萧铣之战 621年
950,tang,11,唐朝（618－907，含武周时期）,622年,洺水之战,https://zh.wikipedia.org/wiki/%E6%B4%BA%E6%B0%B4%E4%B9%8B%E6%88%98,,未分级,洺水之战 622年
951,tang,11,唐朝（618－907，含武周时期）,622年,灵州之战,https://zh.wikipedia.org/wiki/%E7%81%B5%E5%B7%9E%E4%B9%8B%E6%88%98,,未分级,灵州之战 622年
952,tang,11,唐朝（618－907，含武周时期）,622年,下博之战,https://zh.wikipedia.org/wiki/%E4%B8%8B%E5%8D%9A%E4%B9%8B%E6%88%98,,未分级,下博之战 622年
953,tang,11,唐朝（618－907，含武周时期）,622年,唐灭刘黑闼之战,https://zh.wikipedia.org/wiki/%E5%94%90%E7%81%AD%E5%88%98%E9%BB%91%E9%97%BC%E4%B9%8B%E6%88%98,,未分级,唐灭刘黑闼之战 622年
954,tang,11,唐朝（618－907，含武周时期）,623年－907年至唐亡,唐与吐蕃战争,https://zh.wikipedia.org/wiki/%E5%94%90%E4%B8%8E%E5%90%90%E8%95%83%E6%88%98%E4%BA%89,,未分级,唐与吐蕃战争 623年－907年至唐亡
955,tang,11,唐朝（618－907，含武周时期）,623年,岷州之战,https://zh.wikipedia.org/wiki/%E5%B2%B7%E5%B7%9E%E4%B9%8B%E6%88%98,,未分级,岷州之战 623年
956,tang,11,唐朝（618－907，含武周时期）,623年,唐灭辅公祏之战,https://zh.wikipedia.org/wiki/%E5%94%90%E7%81%AD%E8%BE%85%E5%85%AC%E7%A5%8F%E4%B9%8B%E6%88%98,,未分级,唐灭辅公祏之战 623年
957,tang,11,唐朝（618－907，含武周时期）,624年,五陇坂之战,https://zh.wikipedia.org/wiki/%E4%BA%94%E9%99%87%E5%9D%82%E4%B9%8B%E6%88%98,,未分级,五陇坂之战 624年
958,tang,11,唐朝（618－907，含武周时期）,626年,玄武门事变,https://zh.wikipedia.org/wiki/%E7%8E%84%E6%AD%A6%E9%97%A8%E4%BA%8B%E5%8F%98,,未分级,玄武门事变 626年
959,tang,11,唐朝（618－907，含武周时期）,626年,泾阳之战,https://zh.wikipedia.org/wiki/%E6%B3%BE%E9%98%B3%E4%B9%8B%E6%88%98,,未分级,泾阳之战 626年
960,tang,11,唐朝（618－907，含武周时期）,629年,唐灭东突厥之战,https://zh.wikipedia.org/wiki/%E9%98%B4%E5%B1%B1%E4%B9%8B%E6%88%98,,未分级,唐灭东突厥之战 629年
961,tang,11,唐朝（618－907，含武周时期）,635年,唐击吐谷浑之战,https://zh.wikipedia.org/wiki/%E5%94%90%E5%87%BB%E5%90%90%E8%B0%B7%E6%B5%91%E4%B9%8B%E6%88%98,,未分级,唐击吐谷浑之战 635年
962,tang,11,唐朝（618－907，含武周时期）,638年,松州之战,https://zh.wikipedia.org/wiki/%E6%9D%BE%E5%B7%9E%E4%B9%8B%E6%88%98,,未分级,松州之战 638年
963,tang,11,唐朝（618－907，含武周时期）,640年,唐灭高昌之战,https://zh.wikipedia.org/wiki/%E5%94%90%E7%81%AD%E9%AB%98%E6%98%8C%E4%B9%8B%E6%88%98,,未分级,唐灭高昌之战 640年
964,tang,11,唐朝（618－907，含武周时期）,641年,唐击薛延陀之战,https://zh.wikipedia.org/wiki/%E5%94%90%E5%87%BB%E8%96%9B%E5%BB%B6%E9%99%80%E4%B9%8B%E6%88%98,,未分级,唐击薛延陀之战 641年
965,tang,11,唐朝（618－907，含武周时期）,644年,唐击焉耆之战,https://zh.wikipedia.org/wiki/%E5%94%90%E5%87%BB%E7%84%89%E8%80%86%E4%B9%8B%E6%88%98,,未分级,唐击焉耆之战 644年
966,tang,11,唐朝（618－907，含武周时期）,645年－668年,唐与高句丽战争,https://zh.wikipedia.org/wiki/%E5%94%90%E4%B8%8E%E9%AB%98%E5%8F%A5%E4%B8%BD%E7%9A%84%E6%88%98%E4%BA%89,,未分级,唐与高句丽战争 645年－668年
967,tang,11,唐朝（618－907，含武周时期）,645年,安市城之战,https://zh.wikipedia.org/wiki/%E5%94%90%E5%A4%AA%E5%AE%97%E5%BE%81%E8%AE%A8%E9%AB%98%E5%8F%A5%E4%B8%BD,,未分级,安市城之战 645年
968,tang,11,唐朝（618－907，含武周时期）,646年,唐灭薛延陀之战,https://zh.wikipedia.org/wiki/%E5%94%90%E7%81%AD%E8%96%9B%E5%BB%B6%E9%99%80%E4%B9%8B%E6%88%98,,未分级,唐灭薛延陀之战 646年
969,tang,11,唐朝（618－907，含武周时期）,648年,唐攻龟兹之战,https://zh.wikipedia.org/wiki/%E5%94%90%E6%94%BB%E9%BE%9F%E5%85%B9%E4%B9%8B%E6%88%98,,未分级,唐攻龟兹之战 648年
970,tang,11,唐朝（618－907，含武周时期）,657年,唐灭西突厥之战,https://zh.wikipedia.org/wiki/%E5%94%90%E6%9C%9D%E4%B8%8E%E8%A5%BF%E7%AA%81%E5%8E%A5%E7%AC%AC%E4%BA%8C%E6%AC%A1%E6%88%98%E5%BD%B9,,未分级,唐灭西突厥之战 657年
971,tang,11,唐朝（618－907，含武周时期）,660年,唐灭百济之战,https://zh.wikipedia.org/wiki/%E5%94%90%E7%81%AD%E7%99%BE%E6%B5%8E%E4%B9%8B%E6%88%98,,未分级,唐灭百济之战 660年
972,tang,11,唐朝（618－907，含武周时期）,660年－887年,唐与契丹、奚等之战,https://zh.wikipedia.org/wiki/%E5%94%90%E4%B8%8E%E5%A5%91%E4%B8%B9%E3%80%81%E5%A5%9A%E7%AD%89%E4%B9%8B%E6%88%98,,未分级,唐与契丹、奚等之战 660年－887年
973,tang,11,唐朝（618－907，含武周时期）,661年,平壤之战,https://zh.wikipedia.org/wiki/%E8%9B%87%E6%B0%B4%E4%B9%8B%E6%88%98,,未分级,平壤之战 661年
974,tang,11,唐朝（618－907，含武周时期）,662年,天山之战,https://zh.wikipedia.org/wiki/%E5%A4%A9%E5%B1%B1%E4%B9%8B%E6%88%98,,未分级,天山之战 662年
975,tang,11,唐朝（618－907，含武周时期）,663年,白江口之战,https://zh.wikipedia.org/wiki/%E7%99%BD%E6%B1%9F%E5%8F%A3%E4%B9%8B%E6%88%98,,未分级,白江口之战 663年
976,tang,11,唐朝（618－907，含武周时期）,666年－668年,唐灭高句丽之战,https://zh.wikipedia.org/wiki/%E5%94%90%E4%B8%8E%E9%AB%98%E5%8F%A5%E4%B8%BD%E7%9A%84%E6%88%98%E4%BA%89#%E7%AC%AC%E4%B8%89%E6%AC%A1%E6%88%98%E4%BA%89%EF%BC%88666%E5%B9%B4%EF%BC%8D668%E5%B9%B4%EF%BC%89,,未分级,唐灭高句丽之战 666年－668年
977,tang,11,唐朝（618－907，含武周时期）,670年,大非川之战,https://zh.wikipedia.org/wiki/%E5%A4%A7%E9%9D%9E%E5%B7%9D%E4%B9%8B%E6%88%98,,未分级,大非川之战 670年
978,tang,11,唐朝（618－907，含武周时期）,670年－676年,罗唐战争,https://zh.wikipedia.org/wiki/%E7%BD%97%E5%94%90%E6%88%98%E4%BA%89,,未分级,罗唐战争 670年－676年
979,tang,11,唐朝（618－907，含武周时期）,678年,青海之战,https://zh.wikipedia.org/wiki/%E9%9D%92%E6%B5%B7%E4%B9%8B%E6%88%98,,未分级,青海之战 678年
980,tang,11,唐朝（618－907，含武周时期）,679年,裴行俭破西突厥之战,https://zh.wikipedia.org/wiki/%E8%A3%B4%E8%A1%8C%E4%BF%AD%E7%A0%B4%E8%A5%BF%E7%AA%81%E5%8E%A5%E4%B9%8B%E6%88%98,,未分级,裴行俭破西突厥之战 679年
981,tang,11,唐朝（618－907，含武周时期）,679年,朔州、黑山之战,https://zh.wikipedia.org/wiki/%E6%9C%94%E5%B7%9E%E3%80%81%E9%BB%91%E5%B1%B1%E4%B9%8B%E6%88%98,,未分级,朔州、黑山之战 679年
982,tang,11,唐朝（618－907，含武周时期）,681年,裴行俭攻伏念之战,https://zh.wikipedia.org/wiki/%E8%A3%B4%E8%A1%8C%E4%BF%AD%E6%94%BB%E4%BC%8F%E5%BF%B5%E4%B9%8B%E6%88%98,,未分级,裴行俭攻伏念之战 681年
983,tang,11,唐朝（618－907，含武周时期）,682年,云州之战,https://zh.wikipedia.org/wiki/%E4%BA%91%E5%B7%9E%E4%B9%8B%E6%88%98,,未分级,云州之战 682年
984,tang,11,唐朝（618－907，含武周时期）,682年－689年,骨笃禄攻唐之战,https://zh.wikipedia.org/wiki/%E9%AA%A8%E7%AC%83%E7%A6%84%E6%94%BB%E5%94%90%E4%B9%8B%E6%88%98,,未分级,骨笃禄攻唐之战 682年－689年
985,tang,11,唐朝（618－907，含武周时期）,684年,武则天平李敬业之战,https://zh.wikipedia.org/wiki/%E6%AD%A6%E5%88%99%E5%A4%A9%E5%B9%B3%E6%9D%8E%E6%95%AC%E4%B8%9A%E4%B9%8B%E6%88%98,,未分级,武则天平李敬业之战 684年
986,tang,11,唐朝（618－907，含武周时期）,686年,两井之战,https://zh.wikipedia.org/wiki/%E4%B8%A4%E4%BA%95%E4%B9%8B%E6%88%98,,未分级,两井之战 686年
987,tang,11,唐朝（618－907，含武周时期）,688年,唐诸王反武后之战,https://zh.wikipedia.org/wiki/%E5%94%90%E8%AF%B8%E7%8E%8B%E5%8F%8D%E6%AD%A6%E5%90%8E%E4%B9%8B%E6%88%98,,未分级,唐诸王反武后之战 688年
988,tang,11,唐朝（618－907，含武周时期）,692年,安西之战,https://zh.wikipedia.org/wiki/%E5%AE%89%E8%A5%BF%E4%B9%8B%E6%88%98,,未分级,安西之战 692年
989,tang,11,唐朝（618－907，含武周时期）,696年,素罗汗山之战,https://zh.wikipedia.org/wiki/%E7%B4%A0%E7%BD%97%E6%B1%97%E5%B1%B1%E4%B9%8B%E6%88%98,,未分级,素罗汗山之战 696年
990,tang,11,唐朝（618－907，含武周时期）,696年,黄麞谷之战,https://zh.wikipedia.org/wiki/%E9%BB%84%E9%BA%9E%E8%B0%B7%E4%B9%8B%E6%88%98,,未分级,黄麞谷之战 696年
991,tang,11,唐朝（618－907，含武周时期）,697年,东硖石谷之战,https://zh.wikipedia.org/wiki/%E4%B8%9C%E7%A1%96%E7%9F%B3%E8%B0%B7%E4%B9%8B%E6%88%98,,未分级,东硖石谷之战 697年
992,tang,11,唐朝（618－907，含武周时期）,698年,天门岭之战,https://zh.wikipedia.org/wiki/%E5%A4%A9%E9%97%A8%E5%B2%AD%E4%B9%8B%E6%88%98,,未分级,天门岭之战 698年
993,tang,11,唐朝（618－907，含武周时期）,705年,神龙政变,https://zh.wikipedia.org/wiki/%E7%A5%9E%E9%BE%8D%E6%94%BF%E8%AE%8A,,未分级,神龙政变 705年
994,tang,11,唐朝（618－907，含武周时期）,712年,冷陉之战,https://zh.wikipedia.org/wiki/%E5%86%B7%E9%99%89%E4%B9%8B%E6%88%98,,未分级,冷陉之战 712年
995,tang,11,唐朝（618－907，含武周时期）,714年,滦水谷之战,https://zh.wikipedia.org/wiki/%E6%BB%A6%E6%B0%B4%E8%B0%B7%E4%B9%8B%E6%88%98,,未分级,滦水谷之战 714年
996,tang,11,唐朝（618－907，含武周时期）,714年,武街之战,https://zh.wikipedia.org/wiki/%E6%AD%A6%E8%A1%97%E4%B9%8B%E6%88%98,,未分级,武街之战 714年
997,tang,11,唐朝（618－907，含武周时期）,717年,拨换城之战,https://zh.wikipedia.org/wiki/%E6%8B%A8%E6%8D%A2%E5%9F%8E%E4%B9%8B%E6%88%98,,未分级,拨换城之战 717年
998,tang,11,唐朝（618－907，含武周时期）,727年,青海之战,https://zh.wikipedia.org/wiki/%E9%9D%92%E6%B5%B7%E4%B9%8B%E6%88%98,,未分级,青海之战 727年
999,tang,11,唐朝（618－907，含武周时期）,727年,瓜州之战,https://zh.wikipedia.org/wiki/%E7%93%9C%E5%B7%9E%E4%B9%8B%E6%88%98,,未分级,瓜州之战 727年
1000,tang,11,唐朝（618－907，含武周时期）,729年,石堡城之战,https://zh.wikipedia.org/wiki/%E7%9F%B3%E5%A0%A1%E5%9F%8E%E4%B9%8B%E6%88%98,,未分级,石堡城之战 729年
1001,tang,11,唐朝（618－907，含武周时期）,730年,唐攻契丹之战,https://zh.wikipedia.org/wiki/%E5%94%90%E6%94%BB%E5%A5%91%E4%B8%B9%E4%B9%8B%E6%88%98,,未分级,唐攻契丹之战 730年
1002,tang,11,唐朝（618－907，含武周时期）,747年,积石军之战,https://zh.wikipedia.org/wiki/%E7%A7%AF%E7%9F%B3%E5%86%9B%E4%B9%8B%E6%88%98,,未分级,积石军之战 747年
1003,tang,11,唐朝（618－907，含武周时期）,747年,唐击小勃律之战,https://zh.wikipedia.org/wiki/%E5%94%90%E5%87%BB%E5%B0%8F%E5%8B%83%E5%BE%8B%E4%B9%8B%E6%88%98,,未分级,唐击小勃律之战 747年
1004,tang,11,唐朝（618－907，含武周时期）,748年,青海之战,https://zh.wikipedia.org/wiki/%E9%9D%92%E6%B5%B7%E4%B9%8B%E6%88%98,,未分级,青海之战 748年
1005,tang,11,唐朝（618－907，含武周时期）,749年,石堡城之战,https://zh.wikipedia.org/wiki/%E7%9F%B3%E5%A0%A1%E5%9F%8E%E4%B9%8B%E6%88%98,,未分级,石堡城之战 749年
1006,tang,11,唐朝（618－907，含武周时期）,751年,怛罗斯战役,https://zh.wikipedia.org/wiki/%E6%80%9B%E7%BD%97%E6%96%AF%E6%88%98%E5%BD%B9,,未分级,怛罗斯战役 751年
1007,tang,11,唐朝（618－907，含武周时期）,750年－875年,唐与南诏战争,https://zh.wikipedia.org/wiki/%E5%94%90%E4%B8%8E%E5%8D%97%E8%AF%8F%E6%88%98%E4%BA%89,,未分级,唐与南诏战争 750年－875年
1008,tang,11,唐朝（618－907，含武周时期）,755年－763年,唐平安史之乱,https://zh.wikipedia.org/wiki/%E5%AE%89%E5%8F%B2%E4%B9%8B%E4%B9%B1,,未分级,唐平安史之乱 755年－763年
1009,tang,11,唐朝（618－907，含武周时期）,755年,范阳起兵,https://zh.wikipedia.org/wiki/%E8%8C%83%E9%98%B3%E8%B5%B7%E5%85%B5,,未分级,范阳起兵 755年
1010,tang,11,唐朝（618－907，含武周时期）,755年,荥阳之战,https://zh.wikipedia.org/wiki/%E8%8D%A5%E9%98%B3%E4%B9%8B%E6%88%98_(755%E5%B9%B4),,未分级,荥阳之战 755年
1011,tang,11,唐朝（618－907，含武周时期）,755年,安军攻占东都之战,https://zh.wikipedia.org/wiki/%E5%AE%89%E5%86%9B%E6%94%BB%E5%8D%A0%E4%B8%9C%E9%83%BD%E4%B9%8B%E6%88%98,,未分级,安军攻占东都之战 755年
1012,tang,11,唐朝（618－907，含武周时期）,755年,郭子仪击叛军之战,https://zh.wikipedia.org/wiki/%E9%83%AD%E5%AD%90%E4%BB%AA%E5%87%BB%E5%8F%9B%E5%86%9B%E4%B9%8B%E6%88%98,,未分级,郭子仪击叛军之战 755年
1013,tang,11,唐朝（618－907，含武周时期）,756年春,常山之战,https://zh.wikipedia.org/wiki/%E5%B8%B8%E5%B1%B1%E4%B9%8B%E6%88%98,,未分级,常山之战 756年春
1014,tang,11,唐朝（618－907，含武周时期）,756年,雍丘之战,https://zh.wikipedia.org/wiki/%E9%9B%8D%E4%B8%98%E4%B9%8B%E6%88%98,,未分级,雍丘之战 756年
1015,tang,11,唐朝（618－907，含武周时期）,756年,九门之战,https://zh.wikipedia.org/wiki/%E4%B9%9D%E9%97%A8%E4%B9%8B%E6%88%98,,未分级,九门之战 756年
1016,tang,11,唐朝（618－907，含武周时期）,756年,嘉山之战,https://zh.wikipedia.org/wiki/%E5%98%89%E5%B1%B1%E4%B9%8B%E6%88%98,,未分级,嘉山之战 756年
1017,tang,11,唐朝（618－907，含武周时期）,756年,南阳之战,https://zh.wikipedia.org/wiki/%E5%8D%97%E9%99%BD%E4%B9%8B%E6%88%B0_(%E5%94%90%E6%9C%9D),,未分级,南阳之战 756年
1018,tang,11,唐朝（618－907，含武周时期）,756年,灵宝之战,https://zh.wikipedia.org/wiki/%E7%81%B5%E5%AE%9D%E4%B9%8B%E6%88%98,,未分级,灵宝之战 756年
1019,tang,11,唐朝（618－907，含武周时期）,756年,陈涛斜之战,https://zh.wikipedia.org/wiki/%E9%99%B3%E6%BF%A4%E6%96%9C%E4%B9%8B%E6%88%B0,,未分级,陈涛斜之战 756年
1020,tang,11,唐朝（618－907，含武周时期）,756年,宁陵之战,https://zh.wikipedia.org/wiki/%E5%AE%81%E9%99%B5%E4%B9%8B%E6%88%98,,未分级,宁陵之战 756年
1021,tang,11,唐朝（618－907，含武周时期）,757年春,太原之战,https://zh.wikipedia.org/wiki/%E5%A4%AA%E5%8E%9F%E4%B9%8B%E6%88%B0,,未分级,太原之战 757年春
1022,tang,11,唐朝（618－907，含武周时期）,757年,睢阳之战,https://zh.wikipedia.org/wiki/%E7%9D%A2%E9%98%B3%E4%B9%8B%E6%88%98,,未分级,睢阳之战 757年
1023,tang,11,唐朝（618－907，含武周时期）,757年,唐收复两京之战,https://zh.wikipedia.org/wiki/%E5%94%90%E6%94%B6%E5%A4%8D%E4%B8%A4%E4%BA%AC%E4%B9%8B%E6%88%98,,未分级,唐收复两京之战 757年
1024,tang,11,唐朝（618－907，含武周时期）,757年,河东之战,https://zh.wikipedia.org/wiki/%E6%B2%B3%E4%B8%9C%E4%B9%8B%E6%88%98,,未分级,河东之战 757年
1025,tang,11,唐朝（618－907，含武周时期）,757年,唐收复长安之战,https://zh.wikipedia.org/wiki/%E5%94%90%E6%94%B6%E5%A4%8D%E9%95%BF%E5%AE%89%E4%B9%8B%E6%88%98,,未分级,唐收复长安之战 757年
1026,tang,11,唐朝（618－907，含武周时期）,757年,唐收复洛阳之战,https://zh.wikipedia.org/wiki/%E5%94%90%E6%94%B6%E5%A4%8D%E6%B4%9B%E9%98%B3%E4%B9%8B%E6%88%98,,未分级,唐收复洛阳之战 757年
1027,tang,11,唐朝（618－907，含武周时期）,758年,邺城之战,https://zh.wikipedia.org/wiki/%E9%82%BA%E5%9F%8E%E4%B9%8B%E6%88%98,,未分级,邺城之战 758年
1028,tang,11,唐朝（618－907，含武周时期）,759年,河阳之战,https://zh.wikipedia.org/wiki/%E6%B2%B3%E9%98%B3%E4%B9%8B%E6%88%98,,未分级,河阳之战 759年
1029,tang,11,唐朝（618－907，含武周时期）,761年,邙山之战,https://zh.wikipedia.org/wiki/%E9%82%99%E5%B1%B1%E4%B9%8B%E6%88%98_(761%E5%B9%B4),,未分级,邙山之战 761年
1030,tang,11,唐朝（618－907，含武周时期）,762年,唐再夺东京之战,https://zh.wikipedia.org/wiki/%E5%94%90%E5%86%8D%E5%A4%BA%E4%B8%9C%E4%BA%AC%E4%B9%8B%E6%88%98,,未分级,唐再夺东京之战 762年
1031,tang,11,唐朝（618－907，含武周时期）,762年,唐灭史朝义之战,https://zh.wikipedia.org/wiki/%E5%94%90%E7%81%AD%E5%8F%B2%E6%9C%9D%E4%B9%89%E4%B9%8B%E6%88%98,,未分级,唐灭史朝义之战 762年
1032,tang,11,唐朝（618－907，含武周时期）,764年,邠州之战,https://zh.wikipedia.org/wiki/%E9%82%A0%E5%B7%9E%E4%B9%8B%E6%88%98,,未分级,邠州之战 764年
1033,tang,11,唐朝（618－907，含武周时期）,765年,奉天、灵台之战,https://zh.wikipedia.org/wiki/%E5%A5%89%E5%A4%A9%E3%80%81%E7%81%B5%E5%8F%B0%E4%B9%8B%E6%88%98,,未分级,奉天、灵台之战 765年
1034,tang,11,唐朝（618－907，含武周时期）,773年,灵、宜、盐、百之战,https://zh.wikipedia.org/wiki/%E7%81%B5%E3%80%81%E5%AE%9C%E3%80%81%E7%9B%90%E3%80%81%E7%99%BE%E4%B9%8B%E6%88%98,,未分级,灵、宜、盐、百之战 773年
1035,tang,11,唐朝（618－907，含武周时期）,779年,剑南、西川之战,https://zh.wikipedia.org/wiki/%E5%89%91%E5%8D%97%E3%80%81%E8%A5%BF%E5%B7%9D%E4%B9%8B%E6%88%98,,未分级,剑南、西川之战 779年
1036,tang,11,唐朝（618－907，含武周时期）,781年,临洺之战,https://zh.wikipedia.org/wiki/%E4%B8%B4%E6%B4%BA%E4%B9%8B%E6%88%98,,未分级,临洺之战 781年
1037,tang,11,唐朝（618－907，含武周时期）,782年,洹水之战,https://zh.wikipedia.org/wiki/%E6%B4%B9%E6%B0%B4%E4%B9%8B%E6%88%98,,未分级,洹水之战 782年
1038,tang,11,唐朝（618－907，含武周时期）,782年,魏州之战,https://zh.wikipedia.org/wiki/%E9%AD%8F%E5%B7%9E%E4%B9%8B%E6%88%98,,未分级,魏州之战 782年
1039,tang,11,唐朝（618－907，含武周时期）,783年－784年,泾原兵变,https://zh.wikipedia.org/wiki/%E6%B3%BE%E5%8E%9F%E5%85%B5%E5%8F%98,,未分级,泾原兵变 783年－784年
1040,tang,11,唐朝（618－907，含武周时期）,783年,奉天之战,https://zh.wikipedia.org/wiki/%E5%A5%89%E5%A4%A9%E4%B9%8B%E6%88%98,,未分级,奉天之战 783年
1041,tang,11,唐朝（618－907，含武周时期）,784年,贝州之战,https://zh.wikipedia.org/wiki/%E8%B4%9D%E5%B7%9E%E4%B9%8B%E6%88%98,,未分级,贝州之战 784年
1042,tang,11,唐朝（618－907，含武周时期）,784年,李晟收复长安之战,https://zh.wikipedia.org/wiki/%E6%9D%8E%E6%99%9F%E6%94%B6%E5%A4%8D%E9%95%BF%E5%AE%89%E4%B9%8B%E6%88%98,,未分级,李晟收复长安之战 784年
1043,tang,11,唐朝（618－907，含武周时期）,784年－785年,河中之战,https://zh.wikipedia.org/wiki/%E6%B2%B3%E4%B8%AD%E4%B9%8B%E6%88%98,,未分级,河中之战 784年－785年
1044,tang,11,唐朝（618－907，含武周时期）,786年,汧城之战,https://zh.wikipedia.org/wiki/%E6%B1%A7%E5%9F%8E%E4%B9%8B%E6%88%98,,未分级,汧城之战 786年
1045,tang,11,唐朝（618－907，含武周时期）,794年,神川之战,https://zh.wikipedia.org/wiki/%E7%A5%9E%E5%B7%9D%E4%B9%8B%E6%88%98,,未分级,神川之战 794年
1046,tang,11,唐朝（618－907，含武周时期）,801年,维州之战,https://zh.wikipedia.org/wiki/%E7%BB%B4%E5%B7%9E%E4%B9%8B%E6%88%98,,未分级,维州之战 801年
1047,tang,11,唐朝（618－907，含武周时期）,802年,唐破吐蕃维州之战,https://zh.wikipedia.org/wiki/%E5%94%90%E7%A0%B4%E5%90%90%E8%95%83%E7%BB%B4%E5%B7%9E%E4%B9%8B%E6%88%98,,未分级,唐破吐蕃维州之战 802年
1048,tang,11,唐朝（618－907，含武周时期）,817年,蔡州之战,https://zh.wikipedia.org/wiki/%E8%94%A1%E5%B7%9E%E4%B9%8B%E6%88%98,,未分级,蔡州之战 817年
1049,tang,11,唐朝（618－907，含武周时期）,843年－844年,唐平刘稹泽潞之战,https://zh.wikipedia.org/wiki/%E5%94%90%E5%B9%B3%E5%8A%89%E7%A8%B9%E4%B9%8B%E6%88%B0,,未分级,唐平刘稹泽潞之战 843年－844年
1050,tang,11,唐朝（618－907，含武周时期）,859年－866年,交趾之战,https://zh.wikipedia.org/wiki/%E4%BA%A4%E8%B6%BE%E4%B9%8B%E6%88%98,,未分级,交趾之战 859年－866年
1051,tang,11,唐朝（618－907，含武周时期）,868年,庞勋起义,https://zh.wikipedia.org/wiki/%E5%BA%9E%E5%8B%8B%E8%B5%B7%E4%B9%89,,未分级,庞勋起义 868年
1052,tang,11,唐朝（618－907，含武周时期）,869年－870年,成都之战,https://zh.wikipedia.org/wiki/%E6%88%90%E9%83%BD%E4%B9%8B%E6%88%98_(869%E5%B9%B4),,未分级,成都之战 869年－870年
1053,tang,11,唐朝（618－907，含武周时期）,875年,王仙芝起义,https://zh.wikipedia.org/wiki/%E7%8E%8B%E4%BB%99%E8%8A%9D%E8%B5%B7%E4%B9%89,,未分级,王仙芝起义 875年
1054,tang,11,唐朝（618－907，含武周时期）,875年－884年,唐末农民战争,https://zh.wikipedia.org/wiki/%E5%94%90%E6%9C%AB%E5%86%9C%E6%B0%91%E6%88%98%E4%BA%89,,未分级,唐末农民战争 875年－884年
1055,tang,11,唐朝（618－907，含武周时期）,877年－878年,黄巢转战中原之战,https://zh.wikipedia.org/wiki/%E9%BB%84%E5%B7%A2%E8%BD%AC%E6%88%98%E4%B8%AD%E5%8E%9F%E4%B9%8B%E6%88%98,,未分级,黄巢转战中原之战 877年－878年
1056,tang,11,唐朝（618－907，含武周时期）,878年,黄巢南下福州之战,https://zh.wikipedia.org/wiki/%E9%BB%84%E5%B7%A2%E5%8D%97%E4%B8%8B%E7%A6%8F%E5%B7%9E%E4%B9%8B%E6%88%98,,未分级,黄巢南下福州之战 878年
1057,tang,11,唐朝（618－907，含武周时期）,880年,信州之战,https://zh.wikipedia.org/wiki/%E4%BF%A1%E5%B7%9E%E4%B9%8B%E6%88%98,,未分级,信州之战 880年
1058,tang,11,唐朝（618－907，含武周时期）,880年,黄巢攻东都之战,https://zh.wikipedia.org/wiki/%E9%BB%84%E5%B7%A2%E6%94%BB%E4%B8%9C%E9%83%BD%E4%B9%8B%E6%88%98,,未分级,黄巢攻东都之战 880年
1059,tang,11,唐朝（618－907，含武周时期）,880年,潼关之战,https://zh.wikipedia.org/wiki/%E6%BD%BC%E5%85%B3%E4%B9%8B%E6%88%98_(880%E5%B9%B4),,未分级,潼关之战 880年
1060,tang,11,唐朝（618－907，含武周时期）,880年,长安之战,https://zh.wikipedia.org/wiki/%E9%95%BF%E5%AE%89%E4%B9%8B%E6%88%98,,未分级,长安之战 880年
1061,tang,11,唐朝（618－907，含武周时期）,881年,黄巢攻长安之战,https://zh.wikipedia.org/wiki/%E9%BB%84%E5%B7%A2%E6%94%BB%E9%95%BF%E5%AE%89%E4%B9%8B%E6%88%98,,未分级,黄巢攻长安之战 881年
1062,tang,11,唐朝（618－907，含武周时期）,883年,唐夺长安之战,https://zh.wikipedia.org/wiki/%E5%94%90%E5%A4%BA%E9%95%BF%E5%AE%89%E4%B9%8B%E6%88%98,,未分级,唐夺长安之战 883年
1063,tang,11,唐朝（618－907，含武周时期）,884年,唐灭大齐之战,https://zh.wikipedia.org/wiki/%E5%94%90%E7%81%AD%E5%A4%A7%E9%BD%90%E4%B9%8B%E6%88%98,,未分级,唐灭大齐之战 884年
1064,tang,11,唐朝（618－907，含武周时期）,902年,河东之战,https://zh.wikipedia.org/wiki/%E6%B2%B3%E4%B8%9C%E4%B9%8B%E6%88%98,,未分级,河东之战 902年
1065,five_dynasties,12,五代时期（907－979）,907年,潞州之战,https://zh.wikipedia.org/wiki/%E6%BD%9E%E5%B7%9E%E4%B9%8B%E6%88%98,,未分级,潞州之战 907年
1066,five_dynasties,12,五代时期（907－979）,909年,象牙潭之战,https://zh.wikipedia.org/wiki/%E8%B1%A1%E7%89%99%E6%BD%AD%E4%B9%8B%E6%88%98,,未分级,象牙潭之战 909年
1067,five_dynasties,12,五代时期（907－979）,910年,柏乡之战,https://zh.wikipedia.org/wiki/%E6%9F%8F%E9%84%89%E4%B9%8B%E6%88%B0,,未分级,柏乡之战 910年
1068,five_dynasties,12,五代时期（907－979）,915年,魏州之战,https://zh.wikipedia.org/wiki/%E9%AD%8F%E5%B7%9E%E4%B9%8B%E6%88%98,,未分级,魏州之战 915年
1069,five_dynasties,12,五代时期（907－979）,917年,幽州之战,https://zh.wikipedia.org/wiki/%E5%B9%BD%E5%B7%9E%E4%B9%8B%E6%88%98,,未分级,幽州之战 917年
1070,five_dynasties,12,五代时期（907－979）,918年,胡柳陂之战,https://zh.wikipedia.org/wiki/%E8%83%A1%E6%9F%B3%E9%99%82%E4%B9%8B%E6%88%98,,未分级,胡柳陂之战 918年
1071,five_dynasties,12,五代时期（907－979）,923年,后唐灭后梁之战,https://zh.wikipedia.org/wiki/%E6%A2%81%E6%99%8B%E4%BA%89%E9%9C%B8,,未分级,后唐灭后梁之战 923年
1072,five_dynasties,12,五代时期（907－979）,923年,杨刘之战,https://zh.wikipedia.org/wiki/%E6%9D%A8%E5%88%98%E4%B9%8B%E6%88%98,,未分级,杨刘之战 923年
1073,five_dynasties,12,五代时期（907－979）,925年,后唐灭前蜀之战,https://zh.wikipedia.org/wiki/%E5%90%8E%E5%94%90%E7%81%AD%E5%89%8D%E8%9C%80%E4%B9%8B%E6%88%98,,未分级,后唐灭前蜀之战 925年
1074,five_dynasties,12,五代时期（907－979）,926年,契丹灭渤海国之战,https://zh.wikipedia.org/wiki/%E8%BE%BD%E5%9B%BD%E4%B8%8E%E6%B8%A4%E6%B5%B7%E5%9B%BD%E7%9A%84%E6%88%98%E4%BA%89,,未分级,契丹灭渤海国之战 926年
1075,five_dynasties,12,五代时期（907－979）,928年,定州之战,https://zh.wikipedia.org/wiki/%E5%AE%9A%E5%B7%9E%E4%B9%8B%E6%88%98,,未分级,定州之战 928年
1076,five_dynasties,12,五代时期（907－979）,936年,后晋灭后唐之战,https://zh.wikipedia.org/wiki/%E5%90%8E%E6%99%8B%E7%81%AD%E5%90%8E%E5%94%90%E4%B9%8B%E6%88%98,,未分级,后晋灭后唐之战 936年
1077,five_dynasties,12,五代时期（907－979）,938年,白藤江之战,https://zh.wikipedia.org/wiki/%E7%99%BD%E8%97%A4%E6%B1%9F%E4%B9%8B%E6%88%98_(938%E5%B9%B4),,未分级,白藤江之战 938年
1078,five_dynasties,12,五代时期（907－979）,943年－946年,契丹灭后晋之战,https://zh.wikipedia.org/wiki/%E5%A5%91%E4%B8%B9%E6%BB%85%E5%BE%8C%E6%99%89%E4%B9%8B%E6%88%B0,,未分级,契丹灭后晋之战 943年－946年
1079,five_dynasties,12,五代时期（907－979）,945年,阳城、滹沱之战,https://zh.wikipedia.org/wiki/%E9%98%B3%E5%9F%8E%E3%80%81%E6%BB%B9%E6%B2%B1%E4%B9%8B%E6%88%98,,未分级,阳城、滹沱之战 945年
1080,five_dynasties,12,五代时期（907－979）,948年－949年,河中之战,https://zh.wikipedia.org/wiki/%E6%B2%B3%E4%B8%AD%E4%B9%8B%E6%88%98,,未分级,河中之战 948年－949年
1081,five_dynasties,12,五代时期（907－979）,950年,郭威灭后汉之战,https://zh.wikipedia.org/wiki/%E9%83%AD%E5%A8%81%E7%81%AD%E5%90%8E%E6%B1%89%E4%B9%8B%E6%88%98,,未分级,郭威灭后汉之战 950年
1082,five_dynasties,12,五代时期（907－979）,954年,高平之战,https://zh.wikipedia.org/wiki/%E9%AB%98%E5%B9%B3%E4%B9%8B%E6%88%98,,未分级,高平之战 954年
1083,five_dynasties,12,五代时期（907－979）,955年,秦凤之战,https://zh.wikipedia.org/wiki/%E7%A7%A6%E5%87%A4%E4%B9%8B%E6%88%98,,未分级,秦凤之战 955年
1084,five_dynasties,12,五代时期（907－979）,955年,寿州之战,https://zh.wikipedia.org/wiki/%E5%AF%BF%E5%B7%9E%E4%B9%8B%E6%88%98,,未分级,寿州之战 955年
1085,five_dynasties,12,五代时期（907－979）,956年,紫金山之战,https://zh.wikipedia.org/wiki/%E7%B4%AB%E9%87%91%E5%B1%B1%E4%B9%8B%E6%88%98,,未分级,紫金山之战 956年
1086,five_dynasties,12,五代时期（907－979）,958年－959年,河北之战,https://zh.wikipedia.org/wiki/%E6%B2%B3%E5%8C%97%E4%B9%8B%E6%88%98,,未分级,河北之战 958年－959年
1087,five_dynasties,12,五代时期（907－979）,955年－958年,后周攻南唐之战,https://zh.wikipedia.org/wiki/%E5%90%8E%E5%91%A8%E6%94%BB%E5%8D%97%E5%94%90%E4%B9%8B%E6%88%98,,未分级,后周攻南唐之战 955年－958年
1088,five_dynasties,12,五代时期（907－979）,956年,六合之战,https://zh.wikipedia.org/wiki/%E5%85%AD%E5%90%88%E4%B9%8B%E6%88%98,,未分级,六合之战 956年
1089,five_dynasties,12,五代时期（907－979）,957年,淮南之战,https://zh.wikipedia.org/wiki/%E6%B7%AE%E5%8D%97%E4%B9%8B%E6%88%98,,未分级,淮南之战 957年
1090,five_dynasties,12,五代时期（907－979）,960年,陈桥兵变,https://zh.wikipedia.org/wiki/%E9%99%88%E6%A1%A5%E5%85%B5%E5%8F%98,,未分级,陈桥兵变 960年
1091,northern_song,13,北宋（960－1127）,962年－979年,北宋统一战争,https://zh.wikipedia.org/wiki/%E5%8C%97%E5%AE%8B%E7%BB%9F%E4%B8%80%E6%88%98%E4%BA%89,,未分级,北宋统一战争 962年－979年
1092,northern_song,13,北宋（960－1127）,963年,荆湖之战,https://zh.wikipedia.org/wiki/%E8%8D%86%E6%B9%96%E4%B9%8B%E6%88%98,,未分级,荆湖之战 963年
1093,northern_song,13,北宋（960－1127）,964年,宋灭后蜀之战,https://zh.wikipedia.org/wiki/%E5%AE%8B%E7%81%AD%E5%90%8E%E8%9C%80%E4%B9%8B%E6%88%98,,未分级,宋灭后蜀之战 964年
1094,northern_song,13,北宋（960－1127）,964年,剑门之战,https://zh.wikipedia.org/wiki/%E5%89%91%E9%97%A8%E4%B9%8B%E6%88%98,,未分级,剑门之战 964年
1095,northern_song,13,北宋（960－1127）,964年,夔州之战,https://zh.wikipedia.org/wiki/%E5%A4%94%E5%B7%9E%E4%B9%8B%E6%88%98,,未分级,夔州之战 964年
1096,northern_song,13,北宋（960－1127）,970年,宋灭南汉之战,https://zh.wikipedia.org/wiki/%E5%AE%8B%E7%81%AD%E5%8D%97%E6%B1%89%E4%B9%8B%E6%88%98,,未分级,宋灭南汉之战 970年
1097,northern_song,13,北宋（960－1127）,970年,韶州之战,https://zh.wikipedia.org/wiki/%E9%9F%B6%E5%B7%9E%E4%B9%8B%E6%88%98,,未分级,韶州之战 970年
1098,northern_song,13,北宋（960－1127）,974年—975年,宋灭南唐之战,https://zh.wikipedia.org/wiki/%E5%AE%8B%E7%81%AD%E5%8D%97%E5%94%90%E4%B9%8B%E6%88%98,,未分级,宋灭南唐之战 974年—975年
1099,northern_song,13,北宋（960－1127）,974年,采石之战,https://zh.wikipedia.org/wiki/%E9%87%87%E7%9F%B3%E4%B9%8B%E6%88%98_(974%E5%B9%B4),,未分级,采石之战 974年
1100,northern_song,13,北宋（960－1127）,975年,秦淮河之战,https://zh.wikipedia.org/wiki/%E7%A7%A6%E6%B7%AE%E6%B2%B3%E4%B9%8B%E6%88%98,,未分级,秦淮河之战 975年
1101,northern_song,13,北宋（960－1127）,975年,皖口之战,https://zh.wikipedia.org/wiki/%E7%9A%96%E5%8F%A3%E4%B9%8B%E6%88%98,,未分级,皖口之战 975年
1102,northern_song,13,北宋（960－1127）,979年,宋灭北汉之战,https://zh.wikipedia.org/wiki/%E5%AE%8B%E7%81%AD%E5%8C%97%E6%B1%89%E4%B9%8B%E6%88%98,,未分级,宋灭北汉之战 979年
1103,northern_song,13,北宋（960－1127）,979年－1004年,宋辽战争 （ 边关地道遗址 ）,https://zh.wikipedia.org/wiki/%E5%AE%8B%E8%BE%BD%E6%88%98%E4%BA%89,,未分级,宋辽战争 （ 边关地道遗址 ） 979年－1004年
1104,northern_song,13,北宋（960－1127）,979年,高梁河之战,https://zh.wikipedia.org/wiki/%E9%AB%98%E6%A2%81%E6%B2%B3%E4%B9%8B%E6%88%98,,未分级,高梁河之战 979年
1105,northern_song,13,北宋（960－1127）,979年,满城之战,https://zh.wikipedia.org/wiki/%E6%BB%A1%E5%9F%8E%E4%B9%8B%E6%88%98,,未分级,满城之战 979年
1106,northern_song,13,北宋（960－1127）,980年,雁门之战,https://zh.wikipedia.org/wiki/%E9%9B%81%E9%97%A8%E4%B9%8B%E6%88%98,,未分级,雁门之战 980年
1107,northern_song,13,北宋（960－1127）,980年,瓦桥关之战,https://zh.wikipedia.org/wiki/%E7%93%A6%E6%A1%A5%E5%85%B3%E4%B9%8B%E6%88%98,,未分级,瓦桥关之战 980年
1108,northern_song,13,北宋（960－1127）,981年,白藤江之战 (981年),https://zh.wikipedia.org/wiki/%E7%99%BD%E8%97%A4%E6%B1%9F%E4%B9%8B%E6%88%98_(981%E5%B9%B4),,未分级,白藤江之战 (981年) 981年
1109,northern_song,13,北宋（960－1127）,982年－1127年,宋夏战争,https://zh.wikipedia.org/wiki/%E5%AE%8B%E5%A4%8F%E6%88%98%E4%BA%89,,未分级,宋夏战争 982年－1127年
1110,northern_song,13,北宋（960－1127）,986年,岐沟关之战,https://zh.wikipedia.org/wiki/%E5%B2%90%E6%B2%9F%E5%85%B3%E4%B9%8B%E6%88%98,,未分级,岐沟关之战 986年
1111,northern_song,13,北宋（960－1127）,986年冬,君子馆之战,https://zh.wikipedia.org/wiki/%E5%90%9B%E5%AD%90%E9%A6%86%E4%B9%8B%E6%88%98,,未分级,君子馆之战 986年冬
1112,northern_song,13,北宋（960－1127）,986年,代州之战,https://zh.wikipedia.org/wiki/%E4%BB%A3%E5%B7%9E%E4%B9%8B%E6%88%98,,未分级,代州之战 986年
1113,northern_song,13,北宋（960－1127）,989年,徐河之战,https://zh.wikipedia.org/wiki/%E5%BE%90%E6%B2%B3%E4%B9%8B%E6%88%98,,未分级,徐河之战 989年
1114,northern_song,13,北宋（960－1127）,993年－996年,王小波、李顺起义,https://zh.wikipedia.org/wiki/%E7%8E%8B%E5%B0%8F%E6%B3%A2%E3%80%81%E6%9D%8E%E9%A1%BA%E8%B5%B7%E4%B9%89,,未分级,王小波、李顺起义 993年－996年
1115,northern_song,13,北宋（960－1127）,999年－1000年,河北之战,https://zh.wikipedia.org/wiki/%E6%B2%B3%E5%8C%97%E4%B9%8B%E6%88%98,,未分级,河北之战 999年－1000年
1116,northern_song,13,北宋（960－1127）,1004年,澶州之战,https://zh.wikipedia.org/wiki/%E6%BE%B6%E5%B7%9E%E4%B9%8B%E6%88%98,,未分级,澶州之战 1004年
1117,northern_song,13,北宋（960－1127）,993年－1019年,高丽契丹战争 ( 1 、 2 、 3 ),https://zh.wikipedia.org/wiki/%E9%AB%98%E4%B8%BD%E5%A5%91%E4%B8%B9%E6%88%98%E4%BA%89,,未分级,高丽契丹战争 ( 1 、 2 、 3 ) 993年－1019年
1118,northern_song,13,北宋（960－1127）,1019年,龟州大捷,https://zh.wikipedia.org/wiki/%E9%BE%9C%E5%B7%9E%E5%A4%A7%E6%8D%B7,,未分级,龟州大捷 1019年
1119,northern_song,13,北宋（960－1127）,1035年,鄯州之战,https://zh.wikipedia.org/wiki/%E9%84%AF%E5%B7%9E%E4%B9%8B%E6%88%98,,未分级,鄯州之战 1035年
1120,northern_song,13,北宋（960－1127）,1038年,宋夏战争,https://zh.wikipedia.org/wiki/%E5%AE%8B%E5%A4%8F%E6%88%98%E4%BA%89,,未分级,宋夏战争 1038年
1121,northern_song,13,北宋（960－1127）,1040年,延州之战,https://zh.wikipedia.org/wiki/%E4%B8%89%E5%B7%9D%E5%8F%A3%E4%B9%8B%E6%88%B0,,未分级,延州之战 1040年
1122,northern_song,13,北宋（960－1127）,1041年,好水川之战,https://zh.wikipedia.org/wiki/%E5%A5%BD%E6%B0%B4%E5%B7%9D%E4%B9%8B%E6%88%B0,,未分级,好水川之战 1041年
1123,northern_song,13,北宋（960－1127）,1042年,定川寨之战,https://zh.wikipedia.org/wiki/%E5%AE%9A%E5%B7%9D%E5%AF%A8%E4%B9%8B%E6%88%B0,,未分级,定川寨之战 1042年
1124,northern_song,13,北宋（960－1127）,1049年,河南、凉州之战,https://zh.wikipedia.org/wiki/%E6%B2%B3%E5%8D%97%E3%80%81%E5%87%89%E5%B7%9E%E4%B9%8B%E6%88%98,,未分级,河南、凉州之战 1049年
1125,northern_song,13,北宋（960－1127）,1053年,昆仑关之战,https://zh.wikipedia.org/wiki/%E6%98%86%E4%BB%91%E5%85%B3%E4%B9%8B%E6%88%98,,未分级,昆仑关之战 1053年
1126,northern_song,13,北宋（960－1127）,1057年,断坞道之战,https://zh.wikipedia.org/wiki/%E6%96%AD%E5%9D%9E%E9%81%93%E4%B9%8B%E6%88%98,,未分级,断坞道之战 1057年
1127,northern_song,13,北宋（960－1127）,1073年,宋收复河、岷等州之战,https://zh.wikipedia.org/wiki/%E5%AE%8B%E6%94%B6%E5%A4%8D%E6%B2%B3%E3%80%81%E5%B2%B7%E7%AD%89%E5%B7%9E%E4%B9%8B%E6%88%98,,未分级,宋收复河、岷等州之战 1073年
1128,northern_song,13,北宋（960－1127）,1074年,定羌城之战,https://zh.wikipedia.org/wiki/%E5%AE%9A%E7%BE%8C%E5%9F%8E%E4%B9%8B%E6%88%98,,未分级,定羌城之战 1074年
1129,northern_song,13,北宋（960－1127）,1075年－1076年,宋越熙宁战争,https://zh.wikipedia.org/wiki/%E5%AE%8B%E8%B6%8A%E7%86%99%E5%AE%81%E6%88%98%E4%BA%89,,未分级,宋越熙宁战争 1075年－1076年
1130,northern_song,13,北宋（960－1127）,1081年,灵州之战,https://zh.wikipedia.org/wiki/%E7%81%B5%E5%B7%9E%E4%B9%8B%E6%88%98,,未分级,灵州之战 1081年
1131,northern_song,13,北宋（960－1127）,1082年,永乐城之战,https://zh.wikipedia.org/wiki/%E6%B0%B8%E4%B9%90%E5%9F%8E%E4%B9%8B%E6%88%98,,未分级,永乐城之战 1082年
1132,northern_song,13,北宋（960－1127）,1087年,西夏、吐蕃攻宋之战,https://zh.wikipedia.org/wiki/%E8%A5%BF%E5%A4%8F%E3%80%81%E5%90%90%E8%95%83%E6%94%BB%E5%AE%8B%E4%B9%8B%E6%88%98,,未分级,西夏、吐蕃攻宋之战 1087年
1133,northern_song,13,北宋（960－1127）,1114年－1125年,金与辽的战争,https://zh.wikipedia.org/wiki/%E9%87%91%E4%B8%8E%E8%BE%BD%E7%9A%84%E6%88%98%E4%BA%89,,未分级,金与辽的战争 1114年－1125年
1134,northern_song,13,北宋（960－1127）,1114年,宁江州之战,https://zh.wikipedia.org/wiki/%E5%AE%81%E6%B1%9F%E5%B7%9E%E4%B9%8B%E6%88%98,,未分级,宁江州之战 1114年
1135,northern_song,13,北宋（960－1127）,1114年,出河店之战,https://zh.wikipedia.org/wiki/%E5%87%BA%E6%B2%B3%E5%BA%97%E4%B9%8B%E6%88%98,,未分级,出河店之战 1114年
1136,northern_song,13,北宋（960－1127）,1115年,达鲁古城之战,https://zh.wikipedia.org/wiki/%E8%BE%BE%E9%B2%81%E5%8F%A4%E5%9F%8E%E4%B9%8B%E6%88%98,,未分级,达鲁古城之战 1115年
1137,northern_song,13,北宋（960－1127）,1115年,护步达冈之战,https://zh.wikipedia.org/wiki/%E6%8A%A4%E6%AD%A5%E8%BE%BE%E5%86%88%E4%B9%8B%E6%88%98,,未分级,护步达冈之战 1115年
1138,northern_song,13,北宋（960－1127）,1115年,晏州之战,https://zh.wikipedia.org/wiki/%E6%99%8F%E5%B7%9E%E4%B9%8B%E6%88%98,,未分级,晏州之战 1115年
1139,northern_song,13,北宋（960－1127）,1119年,宋江起义,https://zh.wikipedia.org/wiki/%E5%AE%8B%E6%B1%9F%E8%B5%B7%E4%B9%89,,未分级,宋江起义 1119年
1140,northern_song,13,北宋（960－1127）,1120年,方腊起义,https://zh.wikipedia.org/wiki/%E6%96%B9%E8%85%8A%E8%B5%B7%E4%B9%89,,未分级,方腊起义 1120年
1141,northern_song,13,北宋（960－1127）,1120年－1125年,宋金灭辽,https://zh.wikipedia.org/wiki/%E5%AE%8B%E9%87%91%E7%81%AD%E8%BE%BD,,未分级,宋金灭辽 1120年－1125年
1142,northern_song,13,北宋（960－1127）,1121年,帮源洞之战,https://zh.wikipedia.org/wiki/%E5%B8%AE%E6%BA%90%E6%B4%9E%E4%B9%8B%E6%88%98,,未分级,帮源洞之战 1121年
1143,northern_song,13,北宋（960－1127）,1127年,宋平丁进之战,https://zh.wikipedia.org/wiki/%E5%AE%8B%E5%B9%B3%E4%B8%81%E8%BF%9B%E4%B9%8B%E6%88%98,,未分级,宋平丁进之战 1127年
1144,northern_song,13,北宋（960－1127）,1129年,苗刘兵变,https://zh.wikipedia.org/wiki/%E8%8B%97%E5%88%98%E5%85%B5%E5%8F%98,,未分级,苗刘兵变 1129年
1145,northern_song,13,北宋（960－1127）,1129年－1131年,宋攻李成之战,https://zh.wikipedia.org/wiki/%E5%AE%8B%E6%94%BB%E6%9D%8E%E6%88%90%E4%B9%8B%E6%88%98,,未分级,宋攻李成之战 1129年－1131年
1146,northern_song,13,北宋（960－1127）,1130年－1135年,钟相 、 杨幺起义,https://zh.wikipedia.org/wiki/%E9%92%9F%E7%9B%B8,,未分级,钟相 、 杨幺起义 1130年－1135年
1147,northern_song,13,北宋（960－1127）,1130年－1131年,下沚江之战,https://zh.wikipedia.org/wiki/%E4%B8%8B%E6%B2%9A%E6%B1%9F%E4%B9%8B%E6%88%98,,未分级,下沚江之战 1130年－1131年
1148,northern_song,13,北宋（960－1127）,1130年－1132年,建州之战,https://zh.wikipedia.org/wiki/%E5%BB%BA%E5%B7%9E%E4%B9%8B%E6%88%98,,未分级,建州之战 1130年－1132年
1149,northern_song,13,北宋（960－1127）,1132年,德安之战,https://zh.wikipedia.org/wiki/%E5%BE%B7%E5%AE%89%E4%B9%8B%E6%88%98,,未分级,德安之战 1132年
1150,northern_song,13,北宋（960－1127）,1133年,固石洞之战,https://zh.wikipedia.org/wiki/%E5%9B%BA%E7%9F%B3%E6%B4%9E%E4%B9%8B%E6%88%98,,未分级,固石洞之战 1133年
1151,northern_song,13,北宋（960－1127）,1133年,阳武口之战,https://zh.wikipedia.org/wiki/%E9%98%B3%E6%AD%A6%E5%8F%A3%E4%B9%8B%E6%88%98,,未分级,阳武口之战 1133年
1152,northern_song,13,北宋（960－1127）,1134年,社木寨之战,https://zh.wikipedia.org/wiki/%E7%A4%BE%E6%9C%A8%E5%AF%A8%E4%B9%8B%E6%88%98,,未分级,社木寨之战 1134年
1153,northern_song,13,北宋（960－1127）,1135年,洞庭湖之战,https://zh.wikipedia.org/wiki/%E6%B4%9E%E5%BA%AD%E6%B9%96%E4%B9%8B%E6%88%98,,未分级,洞庭湖之战 1135年
1154,song_jin,14,宋金战争（1125－1234）,1125年－1127年,靖康之变,https://zh.wikipedia.org/wiki/%E9%9D%96%E5%BA%B7%E4%B9%8B%E5%8F%98,,未分级,靖康之变 1125年－1127年
1155,song_jin,14,宋金战争（1125－1234）,1125年－1126年,太原之战,https://zh.wikipedia.org/wiki/%E5%A4%AA%E5%8E%9F%E4%BF%9D%E5%8D%AB%E6%88%98_(%E5%AE%8B%E6%9C%9D),,未分级,太原之战 1125年－1126年
1156,song_jin,14,宋金战争（1125－1234）,1127年－1128年,邵兴抗金起义,https://zh.wikipedia.org/wiki/%E9%82%B5%E5%85%B4%E6%8A%97%E9%87%91%E8%B5%B7%E4%B9%89,,未分级,邵兴抗金起义 1127年－1128年
1157,song_jin,14,宋金战争（1125－1234）,1127年－1133年,八字军,https://zh.wikipedia.org/wiki/%E5%85%AB%E5%AD%97%E5%86%9B,,未分级,八字军 1127年－1133年
1158,song_jin,14,宋金战争（1125－1234）,1127年,红巾军抗金起义,https://zh.wikipedia.org/wiki/%E7%BA%A2%E5%B7%BE%E5%86%9B%E6%8A%97%E9%87%91%E8%B5%B7%E4%B9%89,,未分级,红巾军抗金起义 1127年
1159,song_jin,14,宋金战争（1125－1234）,1127年－1134年,宋金川陕争夺战,https://zh.wikipedia.org/wiki/%E5%AE%8B%E9%87%91%E5%B7%9D%E9%99%95%E4%BA%89%E5%A4%BA%E6%88%98,,未分级,宋金川陕争夺战 1127年－1134年
1160,song_jin,14,宋金战争（1125－1234）,1130年,黄天荡之战,https://zh.wikipedia.org/wiki/%E9%BB%84%E5%A4%A9%E8%8D%A1%E4%B9%8B%E6%88%98,,未分级,黄天荡之战 1130年
1161,song_jin,14,宋金战争（1125－1234）,1130年,富平之战,https://zh.wikipedia.org/wiki/%E5%AF%8C%E5%B9%B3%E4%B9%8B%E6%88%98,,未分级,富平之战 1130年
1162,song_jin,14,宋金战争（1125－1234）,1131年,缩头湖之战,https://zh.wikipedia.org/wiki/%E7%BC%A9%E5%A4%B4%E6%B9%96%E4%B9%8B%E6%88%98,,未分级,缩头湖之战 1131年
1163,song_jin,14,宋金战争（1125－1234）,1131年,和尚原之战,https://zh.wikipedia.org/wiki/%E5%92%8C%E5%B0%9A%E5%8E%9F%E4%B9%8B%E6%88%B0,,未分级,和尚原之战 1131年
1164,song_jin,14,宋金战争（1125－1234）,1133年,饶凤关之战,https://zh.wikipedia.org/wiki/%E9%A5%B6%E5%87%A4%E5%85%B3%E4%B9%8B%E6%88%98,,未分级,饶凤关之战 1133年
1165,song_jin,14,宋金战争（1125－1234）,1134年,仙人关之战,https://zh.wikipedia.org/wiki/%E4%BB%99%E4%BA%BA%E5%85%B3%E4%B9%8B%E6%88%98,,未分级,仙人关之战 1134年
1166,song_jin,14,宋金战争（1125－1234）,1134年,岳飞收复襄阳六郡之战,https://zh.wikipedia.org/wiki/%E5%B2%B3%E9%A3%9E%E6%94%B6%E5%A4%8D%E8%A5%84%E9%98%B3%E5%85%AD%E9%83%A1%E4%B9%8B%E6%88%98,,未分级,岳飞收复襄阳六郡之战 1134年
1167,song_jin,14,宋金战争（1125－1234）,1134年,大仪之战,https://zh.wikipedia.org/wiki/%E5%A4%A7%E4%BB%AA%E4%B9%8B%E6%88%98,,未分级,大仪之战 1134年
1168,song_jin,14,宋金战争（1125－1234）,1140年,顺昌之战,https://zh.wikipedia.org/wiki/%E9%A1%BA%E6%98%8C%E4%B9%8B%E6%88%98,,未分级,顺昌之战 1140年
1169,song_jin,14,宋金战争（1125－1234）,1140年,郾城之战,https://zh.wikipedia.org/wiki/%E9%83%BE%E5%9F%8E%E4%B9%8B%E6%88%B0,,未分级,郾城之战 1140年
1170,song_jin,14,宋金战争（1125－1234）,1141年,柘皋之战,https://zh.wikipedia.org/wiki/%E6%9F%98%E7%9A%8B%E4%B9%8B%E6%88%98,,未分级,柘皋之战 1141年
1171,song_jin,14,宋金战争（1125－1234）,1141年,剡家湾之战,https://zh.wikipedia.org/wiki/%E5%89%A1%E5%AE%B6%E6%B9%BE%E4%B9%8B%E6%88%98,,未分级,剡家湾之战 1141年
1172,song_jin,14,宋金战争（1125－1234）,1161年－1164年,魏胜抗金起义,https://zh.wikipedia.org/wiki/%E9%AD%8F%E8%83%9C%E6%8A%97%E9%87%91%E8%B5%B7%E4%B9%89,,未分级,魏胜抗金起义 1161年－1164年
1173,song_jin,14,宋金战争（1125－1234）,1161年,皂角林之战,https://zh.wikipedia.org/wiki/%E7%9A%82%E8%A7%92%E6%9E%97%E4%B9%8B%E6%88%98,,未分级,皂角林之战 1161年
1174,song_jin,14,宋金战争（1125－1234）,1161年－1163年,德顺军之战,https://zh.wikipedia.org/wiki/%E5%BE%B7%E9%A1%BA%E5%86%9B%E4%B9%8B%E6%88%98,,未分级,德顺军之战 1161年－1163年
1175,song_jin,14,宋金战争（1125－1234）,1161年,陈家岛海战,https://zh.wikipedia.org/wiki/%E9%99%88%E5%AE%B6%E5%B2%9B%E6%B5%B7%E6%88%98,,未分级,陈家岛海战 1161年
1176,song_jin,14,宋金战争（1125－1234）,1161年,采石之战,https://zh.wikipedia.org/wiki/%E9%87%87%E7%9F%B3%E4%B9%8B%E6%88%B0_(1161%E5%B9%B4),,未分级,采石之战 1161年
1177,song_jin,14,宋金战争（1125－1234）,1162年,海州之战,https://zh.wikipedia.org/wiki/%E6%B5%B7%E5%B7%9E%E4%B9%8B%E6%88%98,,未分级,海州之战 1162年
1178,song_jin,14,宋金战争（1125－1234）,1163年,符离之战,https://zh.wikipedia.org/wiki/%E7%AC%A6%E7%A6%BB%E4%B9%8B%E6%88%98,,未分级,符离之战 1163年
1179,song_jin,14,宋金战争（1125－1234）,1206年,韩侂胄攻金之战,https://zh.wikipedia.org/wiki/%E9%9F%A9%E4%BE%82%E8%83%84%E6%94%BB%E9%87%91%E4%B9%8B%E6%88%98,,未分级,韩侂胄攻金之战 1206年
1180,song_jin,14,宋金战争（1125－1234）,1206年,仆散揆攻宋之战,https://zh.wikipedia.org/wiki/%E4%BB%86%E6%95%A3%E6%8F%86%E6%94%BB%E5%AE%8B%E4%B9%8B%E6%88%98,,未分级,仆散揆攻宋之战 1206年
1181,song_jin,14,宋金战争（1125－1234）,1206年,六合之战,https://zh.wikipedia.org/wiki/%E5%85%AD%E5%90%88%E4%B9%8B%E6%88%98_(1206%E5%B9%B4),,未分级,六合之战 1206年
1182,song_jin,14,宋金战争（1125－1234）,1207年,秦州之战,https://zh.wikipedia.org/wiki/%E7%A7%A6%E5%B7%9E%E4%B9%8B%E6%88%98,,未分级,秦州之战 1207年
1183,song_jin,14,宋金战争（1125－1234）,1217年,襄阳之战,https://zh.wikipedia.org/wiki/%E8%A5%84%E9%98%B3%E4%B9%8B%E6%88%98_(1217%E5%B9%B4),,未分级,襄阳之战 1217年
1184,song_jin,14,宋金战争（1125－1234）,1217年,枣阳之战,https://zh.wikipedia.org/wiki/%E6%9E%A3%E9%98%B3%E4%B9%8B%E6%88%98,,未分级,枣阳之战 1217年
1185,song_jin,14,宋金战争（1125－1234）,1219年,枣阳之战,https://zh.wikipedia.org/wiki/%E6%9E%A3%E9%98%B3%E4%B9%8B%E6%88%98,,未分级,枣阳之战 1219年
1186,song_jin,14,宋金战争（1125－1234）,1219年,金军三道攻宋之战,https://zh.wikipedia.org/wiki/%E9%87%91%E5%86%9B%E4%B8%89%E9%81%93%E6%94%BB%E5%AE%8B%E4%B9%8B%E6%88%98,,未分级,金军三道攻宋之战 1219年
1187,song_jin,14,宋金战争（1125－1234）,1221年,仆散安贞攻宋之战,https://zh.wikipedia.org/wiki/%E4%BB%86%E6%95%A3%E5%AE%89%E8%B4%9E%E6%94%BB%E5%AE%8B%E4%B9%8B%E6%88%98,,未分级,仆散安贞攻宋之战 1221年
1188,mongol_conquests,15,蒙古征战（1189－1279）,1189年－1206年,成吉思汗统一蒙古之战,https://zh.wikipedia.org/wiki/%E6%88%90%E5%90%89%E6%80%9D%E6%B1%97%E7%9A%84%E5%B4%9B%E8%B5%B7,,未分级,成吉思汗统一蒙古之战 1189年－1206年
1189,mongol_conquests,15,蒙古征战（1189－1279）,1189年,十三翼之战,https://zh.wikipedia.org/wiki/%E5%8D%81%E4%B8%89%E7%BF%BC%E4%B9%8B%E6%88%98,,未分级,十三翼之战 1189年
1190,mongol_conquests,15,蒙古征战（1189－1279）,1202年秋,阔亦田之战,https://zh.wikipedia.org/wiki/%E9%98%94%E4%BA%A6%E7%94%B0%E4%B9%8B%E6%88%98,,未分级,阔亦田之战 1202年秋
1191,mongol_conquests,15,蒙古征战（1189－1279）,1203年春,合兰真沙陀-折折运都山之战,https://zh.wikipedia.org/wiki/%E5%90%88%E5%85%B0%E7%9C%9F%E6%B2%99%E9%99%80-%E6%8A%98%E6%8A%98%E8%BF%90%E9%83%BD%E5%B1%B1%E4%B9%8B%E6%88%98,,未分级,合兰真沙陀-折折运都山之战 1203年春
1192,mongol_conquests,15,蒙古征战（1189－1279）,1204年春,纳忽昏山-不黑都儿麻之战,https://zh.wikipedia.org/wiki/%E7%BA%B3%E5%BF%BD%E6%98%8F%E5%B1%B1-%E4%B8%8D%E9%BB%91%E9%83%BD%E5%84%BF%E9%BA%BB%E4%B9%8B%E6%88%98,,未分级,纳忽昏山-不黑都儿麻之战 1204年春
1193,mongol_conquests,15,蒙古征战（1189－1279）,1205年－1279年,蒙元统一中国,https://zh.wikipedia.org/wiki/%E8%92%99%E5%85%83%E7%BB%9F%E4%B8%80%E4%B8%AD%E5%9B%BD,,未分级,蒙元统一中国 1205年－1279年
1194,mongol_conquests,15,蒙古征战（1189－1279）,1205年－1227年,蒙古与西夏战争,https://zh.wikipedia.org/wiki/%E8%92%99%E5%8F%A4%E4%B8%8E%E8%A5%BF%E5%A4%8F%E6%88%98%E4%BA%89,,未分级,蒙古与西夏战争 1205年－1227年
1195,mongol_conquests,15,蒙古征战（1189－1279）,1211年－1234年,蒙金战争,https://zh.wikipedia.org/wiki/%E8%92%99%E9%87%91%E6%88%98%E4%BA%89,,未分级,蒙金战争 1211年－1234年
1196,mongol_conquests,15,蒙古征战（1189－1279）,1211年,边堡寨之战 （ 金界壕 ）,https://zh.wikipedia.org/wiki/%E8%BE%B9%E5%A0%A1%E5%AF%A8%E4%B9%8B%E6%88%98,,未分级,边堡寨之战 （ 金界壕 ） 1211年
1197,mongol_conquests,15,蒙古征战（1189－1279）,1211年,野狐岭会战,https://zh.wikipedia.org/wiki/%E9%87%8E%E7%8B%90%E5%B6%BA%E6%9C%83%E6%88%B0,,未分级,野狐岭会战 1211年
1198,mongol_conquests,15,蒙古征战（1189－1279）,1211年,红袄军抗金起义,https://zh.wikipedia.org/wiki/%E7%BA%A2%E8%A2%84%E5%86%9B,,未分级,红袄军抗金起义 1211年
1199,mongol_conquests,15,蒙古征战（1189－1279）,1213年－1214年,成吉思汗三路攻金之战,https://zh.wikipedia.org/wiki/%E6%88%90%E5%90%89%E6%80%9D%E6%B1%97%E4%B8%89%E8%B7%AF%E6%94%BB%E9%87%91%E4%B9%8B%E6%88%98,,未分级,成吉思汗三路攻金之战 1213年－1214年
1200,mongol_conquests,15,蒙古征战（1189－1279）,1214年,中都之战,https://zh.wikipedia.org/wiki/%E4%B8%AD%E9%83%BD%E4%B9%8B%E6%88%98,,未分级,中都之战 1214年
1201,mongol_conquests,15,蒙古征战（1189－1279）,1215年,北京之战,https://zh.wikipedia.org/wiki/%E5%8C%97%E4%BA%AC%E4%B9%8B%E6%88%98_(1215%E5%B9%B4),,未分级,北京之战 1215年
1202,mongol_conquests,15,蒙古征战（1189－1279）,1216年,潼关、南京之战,https://zh.wikipedia.org/wiki/%E6%BD%BC%E5%85%B3%E3%80%81%E5%8D%97%E4%BA%AC%E4%B9%8B%E6%88%98,,未分级,潼关、南京之战 1216年
1203,mongol_conquests,15,蒙古征战（1189－1279）,1217年,蒙古攻西辽之战,https://zh.wikipedia.org/wiki/%E8%92%99%E5%8F%A4%E6%94%BB%E8%A5%BF%E8%BE%BD%E4%B9%8B%E6%88%98,,未分级,蒙古攻西辽之战 1217年
1204,mongol_conquests,15,蒙古征战（1189－1279）,1219年－1224年,蒙古征服花剌子模 （蒙古第一次西征）,https://zh.wikipedia.org/wiki/%E8%92%99%E5%8F%A4%E5%BE%81%E6%9C%8D%E8%8A%B1%E5%89%8C%E5%AD%90%E6%A8%A1,,未分级,蒙古征服花剌子模 （蒙古第一次西征） 1219年－1224年
1205,mongol_conquests,15,蒙古征战（1189－1279）,1219年－1221年,河中之战,https://zh.wikipedia.org/wiki/%E8%92%99%E5%8F%A4%E6%B2%B3%E4%B8%AD%E4%B9%8B%E6%88%98,,未分级,河中之战 1219年－1221年
1206,mongol_conquests,15,蒙古征战（1189－1279）,1220年春,不花剌之战,https://zh.wikipedia.org/wiki/%E4%B8%8D%E8%8A%B1%E5%89%8C%E4%B9%8B%E6%88%98,,未分级,不花剌之战 1220年春
1207,mongol_conquests,15,蒙古征战（1189－1279）,1220年,撒麻儿罕之战,https://zh.wikipedia.org/wiki/%E6%92%92%E9%BA%BB%E5%84%BF%E7%BD%95%E4%B9%8B%E6%88%98,,未分级,撒麻儿罕之战 1220年
1208,mongol_conquests,15,蒙古征战（1189－1279）,1220年春,玉龙杰赤之战,https://zh.wikipedia.org/wiki/%E7%8E%89%E9%BE%99%E6%9D%B0%E8%B5%A4%E4%B9%8B%E6%88%98,,未分级,玉龙杰赤之战 1220年春
1209,mongol_conquests,15,蒙古征战（1189－1279）,1221年,内沙布儿之战,https://zh.wikipedia.org/wiki/%E5%86%85%E6%B2%99%E5%B8%83%E5%84%BF%E4%B9%8B%E6%88%98,,未分级,内沙布儿之战 1221年
1210,mongol_conquests,15,蒙古征战（1189－1279）,1221年秋,范延堡之战,https://zh.wikipedia.org/wiki/%E8%8C%83%E5%BB%B6%E5%A0%A1%E4%B9%8B%E6%88%98,,未分级,范延堡之战 1221年秋
1211,mongol_conquests,15,蒙古征战（1189－1279）,1221年,申河之战,https://zh.wikipedia.org/wiki/%E7%94%B3%E6%B2%B3%E4%B9%8B%E6%88%98,,未分级,申河之战 1221年
1212,mongol_conquests,15,蒙古征战（1189－1279）,1221年春夏,塔里寒之战,https://zh.wikipedia.org/wiki/%E5%A1%94%E9%87%8C%E5%AF%92%E4%B9%8B%E6%88%98,,未分级,塔里寒之战 1221年春夏
1213,mongol_conquests,15,蒙古征战（1189－1279）,1223年,迦勒迦河之战,https://zh.wikipedia.org/wiki/%E8%BF%A6%E5%8B%92%E8%BF%A6%E6%B2%B3%E4%B9%8B%E6%88%98,,未分级,迦勒迦河之战 1223年
1214,mongol_conquests,15,蒙古征战（1189－1279）,1231年－1273年,高丽蒙古战争,https://zh.wikipedia.org/wiki/%E9%AB%98%E4%B8%BD%E8%92%99%E5%8F%A4%E6%88%98%E4%BA%89,,未分级,高丽蒙古战争 1231年－1273年
1215,mongol_conquests,15,蒙古征战（1189－1279）,1232年,三峰山之战,https://zh.wikipedia.org/wiki/%E4%B8%89%E5%B3%B0%E5%B1%B1%E4%B9%8B%E6%88%98,,未分级,三峰山之战 1232年
1216,mongol_conquests,15,蒙古征战（1189－1279）,1232年－1233年,汴京之战,https://zh.wikipedia.org/wiki/%E8%92%99%E5%8F%A4%E5%9C%8D%E6%94%BB%E9%96%8B%E5%B0%81,,未分级,汴京之战 1232年－1233年
1217,mongol_conquests,15,蒙古征战（1189－1279）,1233年－1234年,蔡州之战,https://zh.wikipedia.org/wiki/%E8%94%A1%E5%B7%9E%E4%B9%8B%E6%88%98,,未分级,蔡州之战 1233年－1234年
1218,mongol_conquests,15,蒙古征战（1189－1279）,1234年,端平入洛,https://zh.wikipedia.org/wiki/%E7%AB%AF%E5%B9%B3%E5%85%A5%E6%B4%9B,,未分级,端平入洛 1234年
1219,mongol_conquests,15,蒙古征战（1189－1279）,1234年－1279年,宋元战争,https://zh.wikipedia.org/wiki/%E5%AE%8B%E5%85%83%E6%88%98%E4%BA%89,,未分级,宋元战争 1234年－1279年
1220,mongol_conquests,15,蒙古征战（1189－1279）,1235年－1241年,窝阔台攻宋之战,https://zh.wikipedia.org/wiki/%E7%AA%9D%E9%98%94%E5%8F%B0%E6%94%BB%E5%AE%8B%E4%B9%8B%E6%88%98,,未分级,窝阔台攻宋之战 1235年－1241年
1221,mongol_conquests,15,蒙古征战（1189－1279）,1235年,沔州之战,https://zh.wikipedia.org/wiki/%E6%B2%94%E5%B7%9E%E4%B9%8B%E6%88%98,,未分级,沔州之战 1235年
1222,mongol_conquests,15,蒙古征战（1189－1279）,1236年－1242年,蒙古第二次西征,https://zh.wikipedia.org/wiki/%E8%92%99%E5%8F%A4%E7%AC%AC%E4%BA%8C%E6%AC%A1%E8%A5%BF%E5%BE%81,,未分级,蒙古第二次西征 1236年－1242年
1223,mongol_conquests,15,蒙古征战（1189－1279）,1236年,真州之战,https://zh.wikipedia.org/wiki/%E7%9C%9F%E5%B7%9E%E4%B9%8B%E6%88%98,,未分级,真州之战 1236年
1224,mongol_conquests,15,蒙古征战（1189－1279）,1236年,阳平关之战,https://zh.wikipedia.org/wiki/%E9%98%B3%E5%B9%B3%E5%85%B3%E4%B9%8B%E6%88%98_(1236%E5%B9%B4),,未分级,阳平关之战 1236年
1225,mongol_conquests,15,蒙古征战（1189－1279）,1236年,江陵之战,https://zh.wikipedia.org/wiki/%E6%B1%9F%E9%99%B5%E4%B9%8B%E6%88%98_(1236%E5%B9%B4),,未分级,江陵之战 1236年
1226,mongol_conquests,15,蒙古征战（1189－1279）,1237年,黄州之战,https://zh.wikipedia.org/wiki/%E9%BB%84%E5%B7%9E%E4%B9%8B%E6%88%98,,未分级,黄州之战 1237年
1227,mongol_conquests,15,蒙古征战（1189－1279）,1238年,庐州之战,https://zh.wikipedia.org/wiki/%E5%BA%90%E5%B7%9E%E4%B9%8B%E6%88%98,,未分级,庐州之战 1238年
1228,mongol_conquests,15,蒙古征战（1189－1279）,1238年,京襄之战,https://zh.wikipedia.org/wiki/%E4%BA%AC%E8%A5%84%E4%B9%8B%E6%88%98,,未分级,京襄之战 1238年
1229,mongol_conquests,15,蒙古征战（1189－1279）,1239年,大垭寨之战,https://zh.wikipedia.org/wiki/%E5%A4%A7%E5%9E%AD%E5%AF%A8%E4%B9%8B%E6%88%98,,未分级,大垭寨之战 1239年
1230,mongol_conquests,15,蒙古征战（1189－1279）,1240年冬,乞瓦之战,https://zh.wikipedia.org/wiki/%E4%B9%9E%E7%93%A6%E4%B9%8B%E6%88%98,,未分级,乞瓦之战 1240年冬
1231,mongol_conquests,15,蒙古征战（1189－1279）,1241年,赛约河之战,https://zh.wikipedia.org/wiki/%E8%B5%9B%E7%BA%A6%E6%B2%B3%E4%B9%8B%E6%88%98,,未分级,赛约河之战 1241年
1232,mongol_conquests,15,蒙古征战（1189－1279）,1243年,余玠防蜀之战,https://zh.wikipedia.org/wiki/%E4%BD%99%E7%8E%A0%E9%98%B2%E8%9C%80%E4%B9%8B%E6%88%98,,未分级,余玠防蜀之战 1243年
1233,mongol_conquests,15,蒙古征战（1189－1279）,1244年,寿春之战,https://zh.wikipedia.org/wiki/%E5%AF%BF%E6%98%A5%E4%B9%8B%E6%88%98_(1244%E5%B9%B4),,未分级,寿春之战 1244年
1234,mongol_conquests,15,蒙古征战（1189－1279）,1256年－1259年,旭烈兀西征 （蒙古第三次西征）,https://zh.wikipedia.org/wiki/%E6%97%AD%E7%83%88%E5%85%80%E8%A5%BF%E5%BE%81,,未分级,旭烈兀西征 （蒙古第三次西征） 1256年－1259年
1235,mongol_conquests,15,蒙古征战（1189－1279）,1253年,蒙古灭大理之战,https://zh.wikipedia.org/wiki/%E8%92%99%E5%8F%A4%E7%81%AD%E5%A4%A7%E7%90%86%E4%B9%8B%E6%88%98,,未分级,蒙古灭大理之战 1253年
1236,mongol_conquests,15,蒙古征战（1189－1279）,1253年－1259年,蒙哥攻宋之战,https://zh.wikipedia.org/wiki/%E8%92%99%E5%93%A5%E6%94%BB%E5%AE%8B%E4%B9%8B%E6%88%98,,未分级,蒙哥攻宋之战 1253年－1259年
1237,mongol_conquests,15,蒙古征战（1189－1279）,1254年,押赤城之战,https://zh.wikipedia.org/wiki/%E6%8A%BC%E8%B5%A4%E5%9F%8E%E4%B9%8B%E6%88%98,,未分级,押赤城之战 1254年
1238,mongol_conquests,15,蒙古征战（1189－1279）,1256年,蒙古攻四川之战 （ 得汉城 小宁城 礼义城 ）,https://zh.wikipedia.org/wiki/%E8%92%99%E5%8F%A4%E6%94%BB%E5%9B%9B%E5%B7%9D%E4%B9%8B%E6%88%98,,未分级,蒙古攻四川之战 （ 得汉城 小宁城 礼义城 ） 1256年
1239,mongol_conquests,15,蒙古征战（1189－1279）,1257年,蒙古攻安南之战,https://zh.wikipedia.org/wiki/%E8%92%99%E5%8F%A4%E6%94%BB%E5%AE%89%E5%8D%97%E4%B9%8B%E6%88%98,,未分级,蒙古攻安南之战 1257年
1240,mongol_conquests,15,蒙古征战（1189－1279）,1257年,纽粦攻四川之战 （ 云顶城 ）,https://zh.wikipedia.org/wiki/%E7%BA%BD%E7%B2%A6%E6%94%BB%E5%9B%9B%E5%B7%9D%E4%B9%8B%E6%88%98,,未分级,纽粦攻四川之战 （ 云顶城 ） 1257年
1241,mongol_conquests,15,蒙古征战（1189－1279）,1258年－1259年,鄂州之战,https://zh.wikipedia.org/wiki/%E9%84%82%E5%B7%9E%E4%B9%8B%E6%88%98,,未分级,鄂州之战 1258年－1259年
1242,mongol_conquests,15,蒙古征战（1189－1279）,1258年－1259年,钓鱼城之战 （ 钓鱼城遗址 ）,https://zh.wikipedia.org/wiki/%E9%87%A3%E9%AD%9A%E5%9F%8E%E4%B9%8B%E6%88%B0,,未分级,钓鱼城之战 （ 钓鱼城遗址 ） 1258年－1259年
1243,mongol_conquests,15,蒙古征战（1189－1279）,1260年－1264年,忽必烈与阿里不哥之战,https://zh.wikipedia.org/wiki/%E5%BF%BD%E5%BF%85%E7%83%88%E4%B8%8E%E9%98%BF%E9%87%8C%E4%B8%8D%E5%93%A5%E4%B9%8B%E6%88%98,,未分级,忽必烈与阿里不哥之战 1260年－1264年
1244,mongol_conquests,15,蒙古征战（1189－1279）,1262年,蒙古平李璮之战,https://zh.wikipedia.org/wiki/%E8%92%99%E5%8F%A4%E5%B9%B3%E6%9D%8E%E7%92%AE%E4%B9%8B%E6%88%98,,未分级,蒙古平李璮之战 1262年
1245,mongol_conquests,15,蒙古征战（1189－1279）,1264年,虎啸山之战,https://zh.wikipedia.org/wiki/%E8%99%8E%E5%95%B8%E5%B1%B1%E4%B9%8B%E6%88%98,,未分级,虎啸山之战 1264年
1246,mongol_conquests,15,蒙古征战（1189－1279）,1267年—1273年,襄樊之战,https://zh.wikipedia.org/wiki/%E8%A5%84%E6%A8%8A%E4%B9%8B%E6%88%98,,未分级,襄樊之战 1267年—1273年
1247,mongol_conquests,15,蒙古征战（1189－1279）,1273年－1275年,淮西之战,https://zh.wikipedia.org/wiki/%E6%B7%AE%E8%A5%BF%E4%B9%8B%E6%88%98_(1273%E5%B9%B4),,未分级,淮西之战 1273年－1275年
1248,mongol_conquests,15,蒙古征战（1189－1279）,1274年,郢州之战,https://zh.wikipedia.org/wiki/%E9%83%A2%E5%B7%9E%E4%B9%8B%E6%88%98,,未分级,郢州之战 1274年
1249,mongol_conquests,15,蒙古征战（1189－1279）,1274年,沙阳、新城之战,https://zh.wikipedia.org/wiki/%E6%B2%99%E9%98%B3%E3%80%81%E6%96%B0%E5%9F%8E%E4%B9%8B%E6%88%98,,未分级,沙阳、新城之战 1274年
1250,mongol_conquests,15,蒙古征战（1189－1279）,1274年,鄂州之战,https://zh.wikipedia.org/wiki/%E9%84%82%E5%B7%9E%E4%B9%8B%E6%88%98_(1274%E5%B9%B4),,未分级,鄂州之战 1274年
1251,mongol_conquests,15,蒙古征战（1189－1279）,1274年－1275年,嘉定之战,https://zh.wikipedia.org/wiki/%E5%98%89%E5%AE%9A%E4%B9%8B%E6%88%98,,未分级,嘉定之战 1274年－1275年
1252,mongol_conquests,15,蒙古征战（1189－1279）,1275年,丁家洲之战,https://zh.wikipedia.org/wiki/%E4%B8%81%E5%AE%B6%E6%B4%B2%E4%B9%8B%E6%88%98,,未分级,丁家洲之战 1275年
1253,mongol_conquests,15,蒙古征战（1189－1279）,1275年,岳州之战,https://zh.wikipedia.org/wiki/%E5%B2%B3%E5%B7%9E%E4%B9%8B%E6%88%98,,未分级,岳州之战 1275年
1254,mongol_conquests,15,蒙古征战（1189－1279）,1275年,焦山之战,https://zh.wikipedia.org/wiki/%E7%84%A6%E5%B1%B1%E4%B9%8B%E6%88%98,,未分级,焦山之战 1275年
1255,mongol_conquests,15,蒙古征战（1189－1279）,1276年,临安之战,https://zh.wikipedia.org/wiki/%E4%B8%B4%E5%AE%89%E4%B9%8B%E6%88%98,,未分级,临安之战 1276年
1256,mongol_conquests,15,蒙古征战（1189－1279）,1275年,常州之战,https://zh.wikipedia.org/wiki/%E5%B8%B8%E5%B7%9E%E4%B9%8B%E6%88%98,,未分级,常州之战 1275年
1257,mongol_conquests,15,蒙古征战（1189－1279）,1275年－1278年,重庆之战 （ 神臂城 ）,https://zh.wikipedia.org/wiki/%E9%87%8D%E5%BA%86%E4%B9%8B%E6%88%98,,未分级,重庆之战 （ 神臂城 ） 1275年－1278年
1258,mongol_conquests,15,蒙古征战（1189－1279）,1275年－1276年,扬州之战,https://zh.wikipedia.org/wiki/%E6%89%AC%E5%B7%9E%E4%B9%8B%E6%88%98_(1275%E5%B9%B4),,未分级,扬州之战 1275年－1276年
1259,mongol_conquests,15,蒙古征战（1189－1279）,1275年,潭州之战,https://zh.wikipedia.org/wiki/%E6%BD%AD%E5%B7%9E%E4%B9%8B%E6%88%98,,未分级,潭州之战 1275年
1260,mongol_conquests,15,蒙古征战（1189－1279）,1276年－1277年,泸州之战,https://zh.wikipedia.org/wiki/%E6%B3%B8%E5%B7%9E%E4%B9%8B%E6%88%98,,未分级,泸州之战 1276年－1277年
1261,mongol_conquests,15,蒙古征战（1189－1279）,1276年,静江之战,https://zh.wikipedia.org/wiki/%E9%9D%99%E6%B1%9F%E4%B9%8B%E6%88%98,,未分级,静江之战 1276年
1262,mongol_conquests,15,蒙古征战（1189－1279）,1276年－1278年,文天祥反攻江西之战,https://zh.wikipedia.org/wiki/%E6%96%87%E5%A4%A9%E7%A5%A5%E5%8F%8D%E6%94%BB%E6%B1%9F%E8%A5%BF%E4%B9%8B%E6%88%98,,未分级,文天祥反攻江西之战 1276年－1278年
1263,mongol_conquests,15,蒙古征战（1189－1279）,1277年,元平吉里之战,https://zh.wikipedia.org/wiki/%E5%85%83%E5%B9%B3%E5%90%89%E9%87%8C%E4%B9%8B%E6%88%98,,未分级,元平吉里之战 1277年
1264,mongol_conquests,15,蒙古征战（1189－1279）,1277年,芒市河之战,https://zh.wikipedia.org/wiki/%E8%8A%92%E5%B8%82%E6%B2%B3%E4%B9%8B%E6%88%98,,未分级,芒市河之战 1277年
1265,mongol_conquests,15,蒙古征战（1189－1279）,1279年,厓山之战,https://zh.wikipedia.org/wiki/%E5%8E%93%E5%B1%B1%E4%B9%8B%E6%88%98,,未分级,厓山之战 1279年
1266,yuan,16,元朝（1271－1368）,年代未详,元日战争,https://zh.wikipedia.org/wiki/%E5%85%83%E6%97%A5%E6%88%98%E4%BA%89,（1274年、1281年）,未分级,元日战争 （1274年、1281年）
1267,yuan,16,元朝（1271－1368）,元缅战争 （1277年,元缅战争,https://zh.wikipedia.org/wiki/%E5%85%83%E7%BC%85%E6%88%98%E4%BA%89,,未分级,元缅战争 （1277年－1287年）
1268,yuan,16,元朝（1271－1368）,元攻占城之战 （1282年,元攻占城之战,https://zh.wikipedia.org/wiki/%E5%85%83%E6%94%BB%E5%8D%A0%E5%9F%8E%E4%B9%8B%E6%88%98,,未分级,元攻占城之战 （1282年－1284年）
1269,yuan,16,元朝（1271－1368）,第二次蒙越战争 （1284年,第二次蒙越战争,https://zh.wikipedia.org/wiki/%E8%92%99%E8%B6%8A%E6%88%B0%E7%88%AD,,未分级,第二次蒙越战争 （1284年－1285年）
1270,yuan,16,元朝（1271－1368）,第三次蒙越战争 （1287年,第三次蒙越战争,https://zh.wikipedia.org/wiki/%E8%92%99%E8%B6%8A%E6%88%B0%E7%88%AD,,未分级,第三次蒙越战争 （1287年－1288年） 白藤江之战 （1288年）
1271,yuan,16,元朝（1271－1368）,年代未详,白藤江之战,https://zh.wikipedia.org/wiki/%E7%99%BD%E8%97%A4%E6%B1%9F%E4%B9%8B%E6%88%98_(1288%E5%B9%B4),（1288年）,未分级,白藤江之战 （1288年）
1272,yuan,16,元朝（1271－1368）,年代未详,乃颜之乱,https://zh.wikipedia.org/wiki/%E4%B9%83%E9%A2%9C,（1287年）,未分级,乃颜之乱 （1287年）
1273,yuan,16,元朝（1271－1368）,海都之乱 （1288年,海都之乱,https://zh.wikipedia.org/wiki/%E6%B5%B7%E9%83%BD%E4%B9%8B%E4%B9%B1,,未分级,海都之乱 （1288年－1301年）
1274,yuan,16,元朝（1271－1368）,年代未详,元朝和爪哇的战争,https://zh.wikipedia.org/wiki/%E5%85%83%E6%9C%9D%E5%92%8C%E7%88%AA%E5%93%87%E7%9A%84%E6%88%98%E4%BA%89,（1292年）,未分级,元朝和爪哇的战争 （1292年）
1275,yuan,16,元朝（1271－1368）,元末民变 （1351年,元末民变,https://zh.wikipedia.org/wiki/%E5%85%83%E6%9C%AB%E6%B0%91%E5%8F%98,,未分级,元末民变 （1351年－1368年）
1276,yuan,16,元朝（1271－1368）,亦思巴奚兵乱 （1357年,亦思巴奚兵乱,https://zh.wikipedia.org/wiki/%E4%BA%A6%E6%80%9D%E5%B7%B4%E5%A5%9A%E5%85%B5%E4%B9%B1,,未分级,亦思巴奚兵乱 （1357年－1366年）
1277,yuan,16,元朝（1271－1368）,红巾军侵略高丽 （1359年,红巾军侵略高丽,https://zh.wikipedia.org/wiki/%E7%BA%A2%E5%B7%BE%E5%86%9B%E4%BE%B5%E7%95%A5%E9%AB%98%E4%B8%BD,,未分级,红巾军侵略高丽 （1359年－1360年）
1278,yuan,16,元朝（1271－1368）,年代未详,洪都保卫战,https://zh.wikipedia.org/wiki/%E6%B4%AA%E9%83%BD%E4%BF%9D%E5%8D%AB%E6%88%98,（1363年）,未分级,洪都保卫战 （1363年）
1279,yuan,16,元朝（1271－1368）,年代未详,鄱阳湖之战,https://zh.wikipedia.org/wiki/%E9%84%B1%E9%98%B3%E6%B9%96%E4%B9%8B%E6%88%98,（1363年）,未分级,鄱阳湖之战 （1363年）
1280,yuan,16,元朝（1271－1368）,年代未详,也顿村之战,https://zh.wikipedia.org/wiki/%E4%B9%9F%E9%A1%BF%E6%9D%91%E4%B9%8B%E6%88%98,（1370年）,未分级,也顿村之战 （1370年）
1281,ming,17,明朝（1368－1644）,明朝统一战争 （1367年,明朝统一战争,https://zh.wikipedia.org/wiki/%E6%98%8E%E6%9C%9D%E7%BB%9F%E4%B8%80%E6%88%98%E4%BA%89,,未分级,明朝统一战争 （1367年－1389年）
1282,ming,17,明朝（1368－1644）,明灭元之战 （1367年,明灭元之战,https://zh.wikipedia.org/wiki/%E6%98%8E%E7%81%AD%E5%85%83%E4%B9%8B%E6%88%98,,未分级,明灭元之战 （1367年－1369年）
1283,ming,17,明朝（1368－1644）,年代未详,明太祖第一次北征,https://zh.wikipedia.org/wiki/%E6%98%8E%E5%A4%AA%E7%A5%96%E7%AC%AC%E4%B8%80%E6%AC%A1%E5%8C%97%E5%BE%81,（1370年）,未分级,明太祖第一次北征 （1370年）
1284,ming,17,明朝（1368－1644）,年代未详,明灭夏之战,https://zh.wikipedia.org/wiki/%E6%98%8E%E7%81%AD%E5%A4%8F%E4%B9%8B%E6%88%98,（1371年）,未分级,明灭夏之战 （1371年）
1285,ming,17,明朝（1368－1644）,年代未详,明太祖第二次北伐,https://zh.wikipedia.org/wiki/%E6%98%8E%E5%A4%AA%E7%A5%96%E7%AC%AC%E4%BA%8C%E6%AC%A1%E5%8C%97%E4%BC%90,（1372年）,未分级,明太祖第二次北伐 （1372年）
1286,ming,17,明朝（1368－1644）,年代未详,明太祖第三次北伐,https://zh.wikipedia.org/wiki/%E6%98%8E%E5%A4%AA%E7%A5%96%E7%AC%AC%E4%B8%89%E6%AC%A1%E5%8C%97%E4%BC%90,（1380年）,未分级,明太祖第三次北伐 （1380年）
1287,ming,17,明朝（1368－1644）,年代未详,明太祖第四次北伐,https://zh.wikipedia.org/wiki/%E6%98%8E%E5%A4%AA%E7%A5%96%E7%AC%AC%E5%9B%9B%E6%AC%A1%E5%8C%97%E4%BC%90,（1380年）,未分级,明太祖第四次北伐 （1380年）
1288,ming,17,明朝（1368－1644）,明平云南之战 （1381年,明平云南之战,https://zh.wikipedia.org/wiki/%E6%98%8E%E5%B9%B3%E4%BA%91%E5%8D%97%E4%B9%8B%E6%88%98,,未分级,明平云南之战 （1381年－1382年）
1289,ming,17,明朝（1368－1644）,年代未详,明太祖第五次北伐,https://zh.wikipedia.org/wiki/%E6%98%8E%E5%A4%AA%E7%A5%96%E7%AC%AC%E4%BA%94%E6%AC%A1%E5%8C%97%E4%BC%90,（1387年）,未分级,明太祖第五次北伐 （1387年）
1290,ming,17,明朝（1368－1644）,明太祖第六次北伐 （1387年,明太祖第六次北伐,https://zh.wikipedia.org/wiki/%E6%98%8E%E5%A4%AA%E7%A5%96%E7%AC%AC%E5%85%AD%E6%AC%A1%E5%8C%97%E4%BC%90,,未分级,明太祖第六次北伐 （1387年－1388年）
1291,ming,17,明朝（1368－1644）,年代未详,明太祖第七次北伐,https://zh.wikipedia.org/wiki/%E6%98%8E%E5%A4%AA%E7%A5%96%E7%AC%AC%E4%B8%83%E6%AC%A1%E5%8C%97%E4%BC%90,（1390年）,未分级,明太祖第七次北伐 （1390年）
1292,ming,17,明朝（1368－1644）,年代未详,明太祖第八次北伐,https://zh.wikipedia.org/wiki/%E6%98%8E%E5%A4%AA%E7%A5%96%E7%AC%AC%E5%85%AB%E6%AC%A1%E5%8C%97%E4%BC%90,（1396年）,未分级,明太祖第八次北伐 （1396年）
1293,ming,17,明朝（1368－1644）,靖难之役 （1399年,靖难之役,https://zh.wikipedia.org/wiki/%E9%9D%96%E9%9A%BE%E4%B9%8B%E5%BD%B9,,未分级,靖难之役 （1399年－1402年）
1294,ming,17,明朝（1368－1644）,明朝苗族叛乱 （14世纪,明朝苗族叛乱,https://zh.wikipedia.org/wiki/%E6%98%8E%E6%9C%9D%E8%8B%97%E6%97%8F%E5%8F%9B%E4%B9%B1,,未分级,明朝苗族叛乱 （14世纪－15世纪）
1295,ming,17,明朝（1368－1644）,明朝与吐鲁番的战争 （15世纪,明朝与吐鲁番的战争,https://zh.wikipedia.org/wiki/%E6%98%8E%E6%9C%9D%E4%B8%8E%E5%90%90%E9%B2%81%E7%95%AA%E7%9A%84%E6%88%98%E4%BA%89,,未分级,明朝与吐鲁番的战争 （15世纪－16世纪）
1296,ming,17,明朝（1368－1644）,明入越 （1406年,明入越,https://zh.wikipedia.org/wiki/%E6%98%8E%E5%85%A5%E8%B6%8A,,未分级,明入越 （1406年－1407年）
1297,ming,17,明朝（1368－1644）,年代未详,胪朐河之战,https://zh.wikipedia.org/wiki/%E8%83%AA%E6%9C%90%E6%B2%B3%E4%B9%8B%E6%88%98,（1409年）,未分级,胪朐河之战 （1409年）
1298,ming,17,明朝（1368－1644）,年代未详,明成祖第一次亲征漠北之战,https://zh.wikipedia.org/wiki/%E6%98%8E%E6%88%90%E7%A5%96%E8%BF%9C%E5%BE%81%E6%BC%A0%E5%8C%97%E4%B9%8B%E6%88%98,（1410年）,未分级,明成祖第一次亲征漠北之战 （1410年）
1299,ming,17,明朝（1368－1644）,明-锡兰山国战争 （1410年,明-锡兰山国战争,https://zh.wikipedia.org/wiki/%E6%98%8E-%E9%94%A1%E5%85%B0%E5%B1%B1%E5%9B%BD%E6%88%98%E4%BA%89,,未分级,明-锡兰山国战争 （1410年－1411年）
1300,ming,17,明朝（1368－1644）,年代未详,明成祖第二次亲征漠北之战,https://zh.wikipedia.org/wiki/%E6%98%8E%E6%88%90%E7%A5%96%E8%BF%9C%E5%BE%81%E6%BC%A0%E5%8C%97%E4%B9%8B%E6%88%98,（1414年）,未分级,明成祖第二次亲征漠北之战 （1414年）
1301,ming,17,明朝（1368－1644）,蓝山起义 （1418年,蓝山起义,https://zh.wikipedia.org/wiki/%E8%93%9D%E5%B1%B1%E8%B5%B7%E4%B9%89,,未分级,蓝山起义 （1418年－1427年）
1302,ming,17,明朝（1368－1644）,年代未详,明成祖第三次亲征漠北之战,https://zh.wikipedia.org/wiki/%E6%98%8E%E6%88%90%E7%A5%96%E8%BF%9C%E5%BE%81%E6%BC%A0%E5%8C%97%E4%B9%8B%E6%88%98,（1422年）,未分级,明成祖第三次亲征漠北之战 （1422年）
1303,ming,17,明朝（1368－1644）,年代未详,明成祖第四次亲征漠北之战,https://zh.wikipedia.org/wiki/%E6%98%8E%E6%88%90%E7%A5%96%E8%BF%9C%E5%BE%81%E6%BC%A0%E5%8C%97%E4%B9%8B%E6%88%98,（1423年）,未分级,明成祖第四次亲征漠北之战 （1423年）
1304,ming,17,明朝（1368－1644）,年代未详,明成祖第五次亲征漠北之战,https://zh.wikipedia.org/wiki/%E6%98%8E%E6%88%90%E7%A5%96%E8%BF%9C%E5%BE%81%E6%BC%A0%E5%8C%97%E4%B9%8B%E6%88%98,（1424年）,未分级,明成祖第五次亲征漠北之战 （1424年）
1305,ming,17,明朝（1368－1644）,年代未详,高煦之乱,https://zh.wikipedia.org/wiki/%E9%AB%98%E7%85%A6%E4%B9%8B%E4%BA%82,（1426年）,未分级,高煦之乱 （1426年）
1306,ming,17,明朝（1368－1644）,麓川之役 （1436年,麓川之役,https://zh.wikipedia.org/wiki/%E9%BA%93%E5%B7%9D%E4%B9%8B%E5%BD%B9,,未分级,麓川之役 （1436年－1448年）
1307,ming,17,明朝（1368－1644）,年代未详,土木之变,https://zh.wikipedia.org/wiki/%E5%9C%9F%E6%9C%A8%E4%B9%8B%E5%8F%98,（1449年）,未分级,土木之变 （1449年）
1308,ming,17,明朝（1368－1644）,年代未详,京师保卫战,https://zh.wikipedia.org/wiki/%E4%BA%AC%E5%B8%88%E4%BF%9D%E5%8D%AB%E6%88%98,（1449年）,未分级,京师保卫战 （1449年）
1309,ming,17,明朝（1368－1644）,曹石之变 （1470年,曹石之变,https://zh.wikipedia.org/wiki/%E6%9B%B9%E7%9F%B3%E4%B9%8B%E8%AE%8A,,未分级,曹石之变 （1470年－1471年）
1310,ming,17,明朝（1368－1644）,年代未详,红盐池之战,https://zh.wikipedia.org/wiki/%E7%BA%A2%E7%9B%90%E6%B1%A0%E4%B9%8B%E6%88%98,（1473年）,未分级,红盐池之战 （1473年）
1311,ming,17,明朝（1368－1644）,安化王之乱 （1510年,安化王之乱,https://zh.wikipedia.org/wiki/%E6%9C%B1%E5%AF%98%E9%90%87,,未分级,安化王之乱 （1510年－1511年）
1312,ming,17,明朝（1368－1644）,刘六刘七起义 （1510年,刘六刘七起义,https://zh.wikipedia.org/wiki/%E5%8A%89%E5%85%AD%E5%8A%89%E4%B8%83%E8%B5%B7%E7%BE%A9,,未分级,刘六刘七起义 （1510年－1512年）
1313,ming,17,明朝（1368－1644）,年代未详,应州大捷,https://zh.wikipedia.org/wiki/%E5%BA%94%E5%B7%9E%E5%A4%A7%E6%8D%B7,（1518年）,未分级,应州大捷 （1518年）
1314,ming,17,明朝（1368－1644）,年代未详,宁王之乱,https://zh.wikipedia.org/wiki/%E5%AF%A7%E7%8E%8B%E4%B9%8B%E4%BA%82,（1519年）,未分级,宁王之乱 （1519年）
1315,ming,17,明朝（1368－1644）,年代未详,屯门海战,https://zh.wikipedia.org/wiki/%E5%B1%AF%E9%96%80%E6%B5%B7%E6%88%B0,（1519年）,未分级,屯门海战 （1519年）
1316,ming,17,明朝（1368－1644）,年代未详,西草湾之战,https://zh.wikipedia.org/wiki/%E8%A5%BF%E8%8D%89%E6%B9%BE%E4%B9%8B%E6%88%98,（1522年）,未分级,西草湾之战 （1522年）
1317,ming,17,明朝（1368－1644）,年代未详,宁波之乱,https://zh.wikipedia.org/wiki/%E5%AF%A7%E6%B3%A2%E4%B9%8B%E4%BA%82,（1523年）,未分级,宁波之乱 （1523年）
1318,ming,17,明朝（1368－1644）,年代未详,岑猛之乱,https://zh.wikipedia.org/wiki/%E5%B2%91%E7%8C%9B,（1526年）,未分级,岑猛之乱 （1526年）
1319,ming,17,明朝（1368－1644）,年代未详,西海之战,https://zh.wikipedia.org/wiki/%E8%A5%BF%E6%B5%B7%E4%B9%8B%E6%88%98,（1533年）,未分级,西海之战 （1533年）
1320,ming,17,明朝（1368－1644）,年代未详,黑河墩之战,https://zh.wikipedia.org/wiki/%E9%BB%91%E6%B2%B3%E5%A2%A9%E4%B9%8B%E6%88%98,（1536年）,未分级,黑河墩之战 （1536年）
1321,ming,17,明朝（1368－1644）,倭寇之乱 （1547年,倭寇之乱,https://zh.wikipedia.org/wiki/%E5%80%AD%E5%AF%87,,未分级,倭寇之乱 （1547年－1565年）
1322,ming,17,明朝（1368－1644）,年代未详,庚戌之变,https://zh.wikipedia.org/wiki/%E5%BA%9A%E6%88%8C%E4%B9%8B%E5%8F%98,（1550年）,未分级,庚戌之变 （1550年）
1323,ming,17,明朝（1368－1644）,年代未详,万全右卫之战,https://zh.wikipedia.org/wiki/%E4%B8%87%E5%85%A8%E5%8F%B3%E5%8D%AB%E4%B9%8B%E6%88%98,（1566年）,未分级,万全右卫之战 （1566年）
1324,ming,17,明朝（1368－1644）,明缅战争 （1581年,明缅战争,https://zh.wikipedia.org/wiki/%E6%98%8E%E7%BC%85%E6%88%98%E4%BA%89,,未分级,明缅战争 （1581年－1606年）
1325,ming,17,明朝（1368－1644）,年代未详,镇北关之战,https://zh.wikipedia.org/wiki/%E9%95%87%E5%8C%97%E5%85%B3%E4%B9%8B%E6%88%98,（1583年）,未分级,镇北关之战 （1583年）
1326,ming,17,明朝（1368－1644）,年代未详,兆佳城之战,https://zh.wikipedia.org/wiki/%E5%85%86%E4%BD%B3%E5%9F%8E%E4%B9%8B%E6%88%98,（1584年）,未分级,兆佳城之战 （1584年）
1327,ming,17,明朝（1368－1644）,年代未详,浑河之战,https://zh.wikipedia.org/wiki/%E6%B5%91%E6%B2%B3%E4%B9%8B%E6%88%98_(1585%E5%B9%B4),（1585年）,未分级,浑河之战 （1585年）
1328,ming,17,明朝（1368－1644）,播州之役 （1590年,播州之役,https://zh.wikipedia.org/wiki/%E6%92%AD%E5%B7%9E%E4%B9%8B%E5%BD%B9,,未分级,播州之役 （1590年－1600年）
1329,ming,17,明朝（1368－1644）,年代未详,宁夏之役,https://zh.wikipedia.org/wiki/%E5%AF%A7%E5%A4%8F%E4%B9%8B%E5%BD%B9,（1592年）,未分级,宁夏之役 （1592年）
1330,ming,17,明朝（1368－1644）,万历朝鲜战争 （1592年,万历朝鲜战争,https://zh.wikipedia.org/wiki/%E4%B8%87%E5%8E%86%E6%9C%9D%E9%B2%9C%E6%88%98%E4%BA%89,,未分级,万历朝鲜战争 （1592年－1598年） 平壤之围 （1593年） 露梁海战 （1598年）
1331,ming,17,明朝（1368－1644）,年代未详,平壤之围,https://zh.wikipedia.org/wiki/%E5%B9%B3%E5%A3%A4%E4%B9%8B%E5%9B%B4_(1593%E5%B9%B4),（1593年）,未分级,平壤之围 （1593年）
1332,ming,17,明朝（1368－1644）,年代未详,露梁海战,https://zh.wikipedia.org/wiki/%E9%9C%B2%E6%A2%81%E6%B5%B7%E6%88%98,（1598年）,未分级,露梁海战 （1598年）
1333,ming,17,明朝（1368－1644）,年代未详,古勒山之战,https://zh.wikipedia.org/wiki/%E5%8F%A4%E5%8B%92%E5%B1%B1%E4%B9%8B%E6%88%98,（1593年）,未分级,古勒山之战 （1593年）
1334,ming,17,明朝（1368－1644）,年代未详,叶赫城之战,https://zh.wikipedia.org/wiki/%E5%8F%B6%E8%B5%AB%E5%9F%8E%E4%B9%8B%E6%88%98,（1619年）,未分级,叶赫城之战 （1619年）
1335,ming,17,明朝（1368－1644）,奢安之乱 （1621年,奢安之乱,https://zh.wikipedia.org/wiki/%E5%A5%A2%E5%AE%89%E4%B9%8B%E4%BA%82,,未分级,奢安之乱 （1621年－1630年）
1336,ming,17,明朝（1368－1644）,年代未详,丁卯战争,https://zh.wikipedia.org/wiki/%E4%B8%81%E5%8D%AF%E6%88%B0%E7%88%AD,（1627年）,未分级,丁卯战争 （1627年）
1337,ming,17,明朝（1368－1644）,明末农民起义 （1628年,明末农民起义,https://zh.wikipedia.org/wiki/%E6%98%8E%E6%9C%AB%E5%86%9C%E6%B0%91%E8%B5%B7%E4%B9%89,,未分级,明末农民起义 （1628年－1644年） 玛瑙山之战 （1640年） 南阳之战 （1641年－1642年） 开封之战 （1641年－1642年） 朱仙镇之战 （1642年） 北京之战 （1644年）
1338,ming,17,明朝（1368－1644）,年代未详,玛瑙山之战,https://zh.wikipedia.org/wiki/%E7%91%AA%E7%91%99%E5%B1%B1%E4%B9%8B%E6%88%B0,（1640年）,未分级,玛瑙山之战 （1640年）
1339,ming,17,明朝（1368－1644）,南阳之战 （1641年,南阳之战,https://zh.wikipedia.org/wiki/%E5%8D%97%E9%98%B3%E4%B9%8B%E6%88%98,,未分级,南阳之战 （1641年－1642年）
1340,ming,17,明朝（1368－1644）,开封之战 （1641年,开封之战,https://zh.wikipedia.org/wiki/%E5%BC%80%E5%B0%81%E4%B9%8B%E6%88%98,,未分级,开封之战 （1641年－1642年）
1341,ming,17,明朝（1368－1644）,年代未详,朱仙镇之战,https://zh.wikipedia.org/wiki/%E6%9C%B1%E4%BB%99%E9%8E%AE%E4%B9%8B%E6%88%B0,（1642年）,未分级,朱仙镇之战 （1642年）
1342,ming,17,明朝（1368－1644）,年代未详,北京之战,https://zh.wikipedia.org/wiki/%E5%8C%97%E4%BA%AC%E4%B9%8B%E6%88%98_(1644%E5%B9%B4),（1644年）,未分级,北京之战 （1644年）
1343,ming,17,明朝（1368－1644）,年代未详,崇祯明荷海战,https://zh.wikipedia.org/wiki/%E5%B4%87%E7%A6%8E%E6%98%8E%E8%8D%B7%E6%B5%B7%E6%88%B0,（1633年）,未分级,崇祯明荷海战 （1633年）
1344,ming,17,明朝（1368－1644）,丙子战争 （1636年,丙子战争,https://zh.wikipedia.org/wiki/%E4%B8%99%E5%AD%90%E6%88%B0%E7%88%AD,,未分级,丙子战争 （1636年－1637年）
1345,ming_qing,18,明清战争（1618－1659）,年代未详,抚清之战,https://zh.wikipedia.org/wiki/%E6%92%AB%E6%B8%85%E4%B9%8B%E6%88%B0,（1618年）,未分级,抚清之战 （1618年）
1346,ming_qing,18,明清战争（1618－1659）,年代未详,萨尔浒之战,https://zh.wikipedia.org/wiki/%E8%90%A8%E5%B0%94%E6%B5%92%E4%B9%8B%E6%88%98,（1619年）,未分级,萨尔浒之战 （1619年）
1347,ming_qing,18,明清战争（1618－1659）,年代未详,宁远之战,https://zh.wikipedia.org/wiki/%E5%AE%81%E8%BF%9C%E4%B9%8B%E6%88%98,（1626年）,未分级,宁远之战 （1626年）
1348,ming_qing,18,明清战争（1618－1659）,年代未详,觉华岛之战,https://zh.wikipedia.org/wiki/%E8%A6%BA%E8%8F%AF%E5%B3%B6%E4%B9%8B%E6%88%B0,（1626年）,未分级,觉华岛之战 （1626年）
1349,ming_qing,18,明清战争（1618－1659）,年代未详,宁锦之战,https://zh.wikipedia.org/wiki/%E5%AE%81%E9%94%A6%E4%B9%8B%E6%88%98,（1627年）,未分级,宁锦之战 （1627年）
1350,ming_qing,18,明清战争（1618－1659）,清兵入塞 （1629年,清兵入塞,https://zh.wikipedia.org/wiki/%E6%B8%85%E5%85%B5%E5%85%A5%E5%A1%9E,,未分级,清兵入塞 （1629年－1642年）
1351,ming_qing,18,明清战争（1618－1659）,吴桥兵变 （1631年,吴桥兵变,https://zh.wikipedia.org/wiki/%E5%90%B3%E6%A9%8B%E5%85%B5%E8%AE%8A,,未分级,吴桥兵变 （1631年－1633年）
1352,ming_qing,18,明清战争（1618－1659）,松锦之战 （1639年,松锦之战,https://zh.wikipedia.org/wiki/%E6%9D%BE%E9%94%A6%E4%B9%8B%E6%88%98,,未分级,松锦之战 （1639年－1642年）
1353,ming_qing,18,明清战争（1618－1659）,年代未详,一片石之战,https://zh.wikipedia.org/wiki/%E4%B8%80%E7%89%87%E7%9F%B3%E4%B9%8B%E6%88%98,（1644年）,未分级,一片石之战 （1644年）
1354,ming_qing,18,明清战争（1618－1659）,清灭大顺之战 （1644年,清灭大顺之战,https://zh.wikipedia.org/wiki/%E6%B8%85%E7%81%AD%E5%A4%A7%E9%A1%BA%E4%B9%8B%E6%88%98,,未分级,清灭大顺之战 （1644年－1645年）
1355,ming_qing,18,明清战争（1618－1659）,年代未详,潼关之战,https://zh.wikipedia.org/wiki/%E6%BD%BC%E5%85%B3%E4%B9%8B%E6%88%98_(1644%E5%B9%B4),（1644年）,未分级,潼关之战 （1644年）
1356,ming_qing,18,明清战争（1618－1659）,清灭大西之战 （1645年,清灭大西之战,https://zh.wikipedia.org/wiki/%E6%B8%85%E7%81%AD%E5%A4%A7%E8%A5%BF%E4%B9%8B%E6%88%98,,未分级,清灭大西之战 （1645年－1646年）
1357,ming_qing,18,明清战争（1618－1659）,年代未详,扬州之战,https://zh.wikipedia.org/wiki/%E6%89%AC%E5%B7%9E%E4%B9%8B%E6%88%98,（1645年）,未分级,扬州之战 （1645年）
1358,ming_qing,18,明清战争（1618－1659）,清灭南明之战 （1645年,清灭南明之战,https://zh.wikipedia.org/wiki/%E6%B8%85%E7%81%AD%E5%8D%97%E6%98%8E%E4%B9%8B%E6%88%98,,未分级,清灭南明之战 （1645年－1662年）
1359,ming_qing,18,明清战争（1618－1659）,豪格平川陕之战 （1646年,豪格平川陕之战,https://zh.wikipedia.org/wiki/%E8%B1%AA%E6%A0%BC%E5%B9%B3%E5%B7%9D%E9%99%95%E4%B9%8B%E6%88%98,,未分级,豪格平川陕之战 （1646年－1648年）
1360,ming_qing,18,明清战争（1618－1659）,年代未详,博洛平福建之战,https://zh.wikipedia.org/wiki/%E5%8D%9A%E6%B4%9B%E5%B9%B3%E7%A6%8F%E5%BB%BA%E4%B9%8B%E6%88%98,（1646年）,未分级,博洛平福建之战 （1646年）
1361,ming_qing,18,明清战争（1618－1659）,郑成功抗清 （1646年,郑成功抗清,https://zh.wikipedia.org/wiki/%E9%83%91%E6%88%90%E5%8A%9F%E6%8A%97%E6%B8%85,,未分级,郑成功抗清 （1646年－1661年）
1362,ming_qing,18,明清战争（1618－1659）,年代未详,孔有德平湖南之战,https://zh.wikipedia.org/wiki/%E5%AD%94%E6%9C%89%E5%BE%B7%E5%B9%B3%E6%B9%96%E5%8D%97%E4%B9%8B%E6%88%98,（1647年）,未分级,孔有德平湖南之战 （1647年）
1363,ming_qing,18,明清战争（1618－1659）,年代未详,桂林之战,https://zh.wikipedia.org/wiki/%E6%A1%82%E6%9E%97%E4%B9%8B%E6%88%98,（1652年）,未分级,桂林之战 （1652年）
1364,ming_qing,18,明清战争（1618－1659）,年代未详,衡州之战,https://zh.wikipedia.org/wiki/%E8%A1%A1%E5%B7%9E%E4%B9%8B%E6%88%98,（1652年）,未分级,衡州之战 （1652年）
1365,ming_qing,18,明清战争（1618－1659）,清平贵州之战 （1657年,清平贵州之战,https://zh.wikipedia.org/wiki/%E6%B8%85%E5%B9%B3%E8%B4%B5%E5%B7%9E%E4%B9%8B%E6%88%98,,未分级,清平贵州之战 （1657年－1658年）
1366,ming_qing,18,明清战争（1618－1659）,清平云南之战 （1658年,清平云南之战,https://zh.wikipedia.org/wiki/%E6%B8%85%E5%B9%B3%E4%BA%91%E5%8D%97%E4%B9%8B%E6%88%98,,未分级,清平云南之战 （1658年－1659年）
1367,qing,19,清朝（1644－1911）,清朝统一战争 （1616年,清朝统一战争,https://zh.wikipedia.org/wiki/%E6%B8%85%E6%9C%9D%E7%BB%9F%E4%B8%80%E6%88%98%E4%BA%89,,未分级,清朝统一战争 （1616年－1759年）
1368,qing,19,清朝（1644－1911）,雅克萨战役 （1652年,雅克萨战役,https://zh.wikipedia.org/wiki/%E9%9B%85%E5%85%8B%E8%90%A8%E6%88%98%E5%BD%B9,,未分级,雅克萨战役 （1652年－1689年）
1369,qing,19,清朝（1644－1911）,年代未详,郑成功攻台之役,https://zh.wikipedia.org/wiki/%E9%83%91%E6%88%90%E5%8A%9F%E6%94%BB%E5%8F%B0%E4%B9%8B%E5%BD%B9,（1661年）,未分级,郑成功攻台之役 （1661年）
1370,qing,19,清朝（1644－1911）,三藩之乱 （1673年,三藩之乱,https://zh.wikipedia.org/wiki/%E4%B8%89%E8%97%A9%E4%B9%8B%E4%B9%B1,,未分级,三藩之乱 （1673年－1681年）
1371,qing,19,清朝（1644－1911）,年代未详,澎湖海战,https://zh.wikipedia.org/wiki/%E6%BE%8E%E6%B9%96%E6%B5%B7%E6%88%98,（1683年）,未分级,澎湖海战 （1683年）
1372,qing,19,清朝（1644－1911）,平定准噶尔 （1688年,平定准噶尔,https://zh.wikipedia.org/wiki/%E5%B9%B3%E5%AE%9A%E5%87%86%E5%99%B6%E5%B0%94,,未分级,平定准噶尔 （1688年－1758年） 乌兰布通之战 （1690年） 昭莫多之战 （1696年） 准噶尔入藏 （1716年－1720年） 和通泊之战 （1731年） 清灭准噶尔之战 （1755年） 阿睦尔撒纳之乱 （1755年－1758年）
1373,qing,19,清朝（1644－1911）,年代未详,乌兰布通之战,https://zh.wikipedia.org/wiki/%E4%B9%8C%E5%85%B0%E5%B8%83%E9%80%9A%E4%B9%8B%E6%88%98,（1690年）,未分级,乌兰布通之战 （1690年）
1374,qing,19,清朝（1644－1911）,年代未详,昭莫多之战,https://zh.wikipedia.org/wiki/%E6%98%AD%E8%8E%AB%E5%A4%9A%E4%B9%8B%E6%88%98,（1696年）,未分级,昭莫多之战 （1696年）
1375,qing,19,清朝（1644－1911）,准噶尔入藏 （1716年,准噶尔入藏,https://zh.wikipedia.org/wiki/%E6%BA%96%E5%99%B6%E7%88%BE%E5%85%A5%E8%97%8F,,未分级,准噶尔入藏 （1716年－1720年）
1376,qing,19,清朝（1644－1911）,年代未详,和通泊之战,https://zh.wikipedia.org/wiki/%E5%92%8C%E9%80%9A%E6%B3%8A%E4%B9%8B%E6%88%98,（1731年）,未分级,和通泊之战 （1731年）
1377,qing,19,清朝（1644－1911）,年代未详,清灭准噶尔之战,https://zh.wikipedia.org/wiki/%E6%B8%85%E7%81%AD%E5%87%86%E5%99%B6%E5%B0%94%E4%B9%8B%E6%88%98,（1755年）,未分级,清灭准噶尔之战 （1755年）
1378,qing,19,清朝（1644－1911）,阿睦尔撒纳之乱 （1755年,阿睦尔撒纳之乱,https://zh.wikipedia.org/wiki/%E9%98%BF%E7%9D%A6%E7%88%BE%E6%92%92%E7%B4%8D%E4%B9%8B%E4%BA%82,,未分级,阿睦尔撒纳之乱 （1755年－1758年）
1379,qing,19,清朝（1644－1911）,清平青海之战 （1713年,清平青海之战,https://zh.wikipedia.org/wiki/%E6%B8%85%E5%B9%B3%E9%9D%92%E6%B5%B7%E4%B9%8B%E6%88%98,,未分级,清平青海之战 （1713年－1724年）
1380,qing,19,清朝（1644－1911）,年代未详,朱一贵事件,https://zh.wikipedia.org/wiki/%E6%9C%B1%E4%B8%80%E8%B2%B4,（1721年）,未分级,朱一贵事件 （1721年）
1381,qing,19,清朝（1644－1911）,阿尔布巴之乱 （1727年,阿尔布巴之乱,https://zh.wikipedia.org/wiki/%E9%98%BF%E5%B0%94%E5%B8%83%E5%B7%B4,,未分级,阿尔布巴之乱 （1727年－1728年）
1382,qing,19,清朝（1644－1911）,古州苗民起义 （1735年,古州苗民起义,https://zh.wikipedia.org/wiki/%E5%8F%A4%E5%B7%9E%E8%8B%97%E6%B0%91%E8%B5%B7%E4%B9%89,,未分级,古州苗民起义 （1735年－1736年）
1383,qing,19,清朝（1644－1911）,珠尔默特那木札勒之乱 （1749年,珠尔默特那木札勒之乱,https://zh.wikipedia.org/wiki/%E7%8F%A0%E7%88%BE%E9%BB%98%E7%89%B9%E9%82%A3%E6%9C%A8%E6%9C%AD%E5%8B%92%E4%B9%8B%E4%BA%82,,未分级,珠尔默特那木札勒之乱 （1749年－1750年）
1384,qing,19,清朝（1644－1911）,大小金川之役 （1747年,大小金川之役,https://zh.wikipedia.org/wiki/%E5%A4%A7%E5%B0%8F%E9%87%91%E5%B7%9D%E4%B9%8B%E5%BD%B9,,未分级,大小金川之役 （1747年－1776年） 大金川之战 （1747年－1749年） 第二次金川之战 （1771年－1776年）
1385,qing,19,清朝（1644－1911）,大金川之战 （1747年,大金川之战,https://zh.wikipedia.org/wiki/%E5%A4%A7%E9%87%91%E5%B7%9D%E4%B9%8B%E6%88%98,,未分级,大金川之战 （1747年－1749年）
1386,qing,19,清朝（1644－1911）,第二次金川之战 （1771年,第二次金川之战,https://zh.wikipedia.org/wiki/%E7%AC%AC%E4%BA%8C%E6%AC%A1%E9%87%91%E5%B7%9D%E4%B9%8B%E6%88%B0,,未分级,第二次金川之战 （1771年－1776年）
1387,qing,19,清朝（1644－1911）,大小和卓之乱 （1757年,大小和卓之乱,https://zh.wikipedia.org/wiki/%E5%A4%A7%E5%B0%8F%E5%92%8C%E5%8D%93%E4%B9%8B%E4%B9%B1,,未分级,大小和卓之乱 （1757年－1759年）
1388,qing,19,清朝（1644－1911）,清缅战争 （1762年,清缅战争,https://zh.wikipedia.org/wiki/%E6%B8%85%E7%BC%85%E6%88%98%E4%BA%89,,未分级,清缅战争 （1762年－1769年）
1389,qing,19,清朝（1644－1911）,年代未详,苏四十三起义,https://zh.wikipedia.org/wiki/%E8%98%87%E5%9B%9B%E5%8D%81%E4%B8%89%E8%B5%B7%E7%BE%A9,（1781年）,未分级,苏四十三起义 （1781年）
1390,qing,19,清朝（1644－1911）,年代未详,林爽文事件,https://zh.wikipedia.org/wiki/%E6%9E%97%E7%88%BD%E6%96%87%E4%BA%8B%E4%BB%B6,（1786年）,未分级,林爽文事件 （1786年）
1391,qing,19,清朝（1644－1911）,廓尔喀之役 （1788年,廓尔喀之役,https://zh.wikipedia.org/wiki/%E5%BB%93%E5%B0%94%E5%96%80%E4%B9%8B%E5%BD%B9,1792年） 第一次（1788年－1789年） 第二次廓尔喀之役（1791年－1792年）,未分级,廓尔喀之役 （1788年－1792年） 第一次廓尔喀之役（1788年－1789年） 第二次廓尔喀之役（1791年－1792年）
1392,qing,19,清朝（1644－1911）,第一次廓尔喀之役（1788年,1789年）,https://zh.wikipedia.org/wiki/%E4%B8%AD%E5%9B%BD%E6%88%98%E4%BA%89%E5%88%97%E8%A1%A8,,未分级,第一次廓尔喀之役（1788年－1789年）
1393,qing,19,清朝（1644－1911）,第二次廓尔喀之役（1791年,1792年）,https://zh.wikipedia.org/wiki/%E4%B8%AD%E5%9B%BD%E6%88%98%E4%BA%89%E5%88%97%E8%A1%A8,,未分级,第二次廓尔喀之役（1791年－1792年）
1394,qing,19,清朝（1644－1911）,清越战争 （1788年,清越战争,https://zh.wikipedia.org/wiki/%E6%B8%85%E8%B6%8A%E6%88%B0%E7%88%AD,,未分级,清越战争 （1788年－1789年）
1395,qing,19,清朝（1644－1911）,蔡牵之乱 （1794年,蔡牵之乱,https://zh.wikipedia.org/wiki/%E8%94%A1%E7%89%B5,,未分级,蔡牵之乱 （1794年－1809年）
1396,qing,19,清朝（1644－1911）,川楚教乱 （1795年,川楚教乱,https://zh.wikipedia.org/wiki/%E5%B7%9D%E6%A5%9A%E6%95%99%E4%B9%B1,,未分级,川楚教乱 （1795年－1804年）
1397,qing,19,清朝（1644－1911）,年代未详,癸酉之变,https://zh.wikipedia.org/wiki/%E7%99%B8%E9%85%89%E4%B9%8B%E5%8F%98,（1813年）,未分级,癸酉之变 （1813年）
1398,qing,19,清朝（1644－1911）,张格尔之乱 （1820年,张格尔之乱,https://zh.wikipedia.org/wiki/%E5%BC%A0%E6%A0%BC%E5%B0%94,,未分级,张格尔之乱 （1820年－1827年）
1399,qing,19,清朝（1644－1911）,年代未详,穿鼻之战,https://zh.wikipedia.org/wiki/%E7%A9%BF%E9%BC%BB%E4%B9%8B%E6%88%98,（1839年）,未分级,穿鼻之战 （1839年）
1400,qing,19,清朝（1644－1911）,第一次鸦片战争 （1840年,第一次鸦片战争,https://zh.wikipedia.org/wiki/%E7%AC%AC%E4%B8%80%E6%AC%A1%E9%B8%A6%E7%89%87%E6%88%98%E4%BA%89,,未分级,第一次鸦片战争 （1840年－1842年） 第一次定海之战 （1840年） 虎门之战 （ 虎门炮台 ）（1841年） 第一次广州之战 （1841年） 第二次广州之战 （ 四方炮台 ）（1841年） 三元里抗英事件 （1841年） 第二次定海之战 （1841年） 镇海之战 （1841年） 浙东之战 （1842年） 乍浦之战 （1842年） 吴淞战役 （ 吴淞炮台 ）（1842年） 镇江之战 （1842年）
1401,qing,19,清朝（1644－1911）,年代未详,第一次定海之战,https://zh.wikipedia.org/wiki/%E7%AC%AC%E4%B8%80%E6%AC%A1%E5%AE%9A%E6%B5%B7%E4%B9%8B%E6%88%98,（1840年）,未分级,第一次定海之战 （1840年）
1402,qing,19,清朝（1644－1911）,年代未详,虎门之战,https://zh.wikipedia.org/wiki/%E8%99%8E%E9%97%A8%E4%B9%8B%E6%88%98,（ 虎门炮台 ）（1841年）,未分级,虎门之战 （ 虎门炮台 ）（1841年）
1403,qing,19,清朝（1644－1911）,年代未详,第一次广州之战,https://zh.wikipedia.org/wiki/%E7%AC%AC%E4%B8%80%E6%AC%A1%E5%B9%BF%E5%B7%9E%E4%B9%8B%E6%88%98,（1841年）,未分级,第一次广州之战 （1841年）
1404,qing,19,清朝（1644－1911）,年代未详,第二次广州之战,https://zh.wikipedia.org/wiki/%E7%AC%AC%E4%BA%8C%E6%AC%A1%E5%B9%BF%E5%B7%9E%E4%B9%8B%E6%88%98,（ 四方炮台 ）（1841年）,未分级,第二次广州之战 （ 四方炮台 ）（1841年）
1405,qing,19,清朝（1644－1911）,年代未详,三元里抗英事件,https://zh.wikipedia.org/wiki/%E4%B8%89%E5%85%83%E9%87%8C%E6%8A%97%E8%8B%B1%E4%BA%8B%E4%BB%B6,（1841年）,未分级,三元里抗英事件 （1841年）
1406,qing,19,清朝（1644－1911）,年代未详,第二次定海之战,https://zh.wikipedia.org/wiki/%E7%AC%AC%E4%BA%8C%E6%AC%A1%E5%AE%9A%E6%B5%B7%E4%B9%8B%E6%88%98,（1841年）,未分级,第二次定海之战 （1841年）
1407,qing,19,清朝（1644－1911）,年代未详,镇海之战,https://zh.wikipedia.org/wiki/%E9%95%87%E6%B5%B7%E4%B9%8B%E6%88%98_(1841%E5%B9%B4),（1841年）,未分级,镇海之战 （1841年）
1408,qing,19,清朝（1644－1911）,年代未详,浙东之战,https://zh.wikipedia.org/wiki/%E6%B5%99%E4%B8%9C%E4%B9%8B%E6%88%98,（1842年）,未分级,浙东之战 （1842年）
1409,qing,19,清朝（1644－1911）,年代未详,乍浦之战,https://zh.wikipedia.org/wiki/%E4%B9%8D%E6%B5%A6%E4%B9%8B%E6%88%98,（1842年）,未分级,乍浦之战 （1842年）
1410,qing,19,清朝（1644－1911）,年代未详,吴淞战役,https://zh.wikipedia.org/wiki/%E5%90%B4%E6%B7%9E%E6%88%98%E5%BD%B9,（ 吴淞炮台 ）（1842年）,未分级,吴淞战役 （ 吴淞炮台 ）（1842年）
1411,qing,19,清朝（1644－1911）,年代未详,镇江之战,https://zh.wikipedia.org/wiki/%E9%95%87%E6%B1%9F%E4%B9%8B%E6%88%98,（1842年）,未分级,镇江之战 （1842年）
1412,qing,19,清朝（1644－1911）,森巴战争 （1841年,森巴战争,https://zh.wikipedia.org/wiki/%E6%A3%AE%E5%B7%B4%E6%88%B0%E7%88%AD,,未分级,森巴战争 （1841年－1842年）
1413,qing,19,清朝（1644－1911）,年代未详,七和卓之乱,https://zh.wikipedia.org/wiki/%E4%B8%83%E5%92%8C%E5%8D%93%E4%B9%8B%E4%B9%B1,（1847年）,未分级,七和卓之乱 （1847年）
1414,qing,19,清朝（1644－1911）,太平天国起义 （1851年,太平天国起义,https://zh.wikipedia.org/wiki/%E5%A4%AA%E5%B9%B3%E5%A4%A9%E5%9B%BD%E8%B5%B7%E4%B9%89,,未分级,太平天国起义 （1851年－1864年） 金田起义 （1851年） 江宁之战 （1853年） 太平天国北伐 （1853年－1855年） 太平天国西征 （1853年－1862年） 天京之围 （1853年－1856年） 太平军一破江南大营 （1856年） 天京事变 （1856年） 石达开远征 （1857年－1863年） 三河之战 （1858年） 太平军二破江南大营 （1860年） 安庆之战 （1860年－1861年） 浙江之战 （1862年－1864年） 天京陷落 （1864年）
1415,qing,19,清朝（1644－1911）,年代未详,金田起义,https://zh.wikipedia.org/wiki/%E9%87%91%E7%94%B0%E8%B5%B7%E4%B9%89,（1851年）,未分级,金田起义 （1851年）
1416,qing,19,清朝（1644－1911）,年代未详,江宁之战,https://zh.wikipedia.org/wiki/%E6%B1%9F%E5%AE%81%E4%B9%8B%E6%88%98,（1853年）,未分级,江宁之战 （1853年）
1417,qing,19,清朝（1644－1911）,太平天国北伐 （1853年,太平天国北伐,https://zh.wikipedia.org/wiki/%E5%A4%AA%E5%B9%B3%E5%A4%A9%E5%9B%BD%E5%8C%97%E4%BC%90,,未分级,太平天国北伐 （1853年－1855年）
1418,qing,19,清朝（1644－1911）,太平天国西征 （1853年,太平天国西征,https://zh.wikipedia.org/wiki/%E5%A4%AA%E5%B9%B3%E5%A4%A9%E5%9C%8B%E8%A5%BF%E5%BE%81,,未分级,太平天国西征 （1853年－1862年）
1419,qing,19,清朝（1644－1911）,天京之围 （1853年,天京之围,https://zh.wikipedia.org/wiki/%E5%A4%A9%E4%BA%AC%E4%B9%8B%E5%9B%B4,,未分级,天京之围 （1853年－1856年）
1420,qing,19,清朝（1644－1911）,年代未详,太平军一破江南大营,https://zh.wikipedia.org/wiki/%E5%A4%AA%E5%B9%B3%E8%BB%8D%E4%B8%80%E7%A0%B4%E6%B1%9F%E5%8D%97%E5%A4%A7%E7%87%9F,（1856年）,未分级,太平军一破江南大营 （1856年）
1421,qing,19,清朝（1644－1911）,年代未详,天京事变,https://zh.wikipedia.org/wiki/%E5%A4%A9%E4%BA%AC%E4%BA%8B%E5%8F%98,（1856年）,未分级,天京事变 （1856年）
1422,qing,19,清朝（1644－1911）,石达开远征 （1857年,石达开远征,https://zh.wikipedia.org/wiki/%E7%9F%B3%E8%BE%BE%E5%BC%80,,未分级,石达开远征 （1857年－1863年）
1423,qing,19,清朝（1644－1911）,年代未详,三河之战,https://zh.wikipedia.org/wiki/%E4%B8%89%E6%B2%B3%E4%B9%8B%E6%88%98,（1858年）,未分级,三河之战 （1858年）
1424,qing,19,清朝（1644－1911）,年代未详,太平军二破江南大营,https://zh.wikipedia.org/wiki/%E5%A4%AA%E5%B9%B3%E5%86%9B%E4%BA%8C%E7%A0%B4%E6%B1%9F%E5%8D%97%E5%A4%A7%E8%90%A5,（1860年）,未分级,太平军二破江南大营 （1860年）
1425,qing,19,清朝（1644－1911）,安庆之战 （1860年,安庆之战,https://zh.wikipedia.org/wiki/%E5%AE%89%E5%BA%86%E4%B9%8B%E6%88%98,,未分级,安庆之战 （1860年－1861年）
1426,qing,19,清朝（1644－1911）,浙江之战 （1862年,浙江之战,https://zh.wikipedia.org/wiki/%E6%B5%99%E6%B1%9F%E4%B9%8B%E6%88%98,,未分级,浙江之战 （1862年－1864年）
1427,qing,19,清朝（1644－1911）,年代未详,天京陷落,https://zh.wikipedia.org/wiki/%E5%A4%A9%E4%BA%AC%E9%99%B7%E8%90%BD,（1864年）,未分级,天京陷落 （1864年）
1428,qing,19,清朝（1644－1911）,上海小刀会起义 （1853年,上海小刀会起义,https://zh.wikipedia.org/wiki/%E5%B0%8F%E5%88%80%E4%BC%9A,,未分级,上海小刀会起义 （1853年－1855年）
1429,qing,19,清朝（1644－1911）,捻军起义 （1853年,捻军起义,https://zh.wikipedia.org/wiki/%E6%8D%BB%E5%86%9B%E8%B5%B7%E4%B9%89,,未分级,捻军起义 （1853年－1868年） 高楼寨之战 （1865年）
1430,qing,19,清朝（1644－1911）,年代未详,高楼寨之战,https://zh.wikipedia.org/wiki/%E9%AB%98%E6%A5%BC%E5%AF%A8%E4%B9%8B%E6%88%98,（1865年）,未分级,高楼寨之战 （1865年）
1431,qing,19,清朝（1644－1911）,广东洪兵起义 （1854年,广东洪兵起义,https://zh.wikipedia.org/wiki/%E5%B9%BF%E4%B8%9C%E6%B4%AA%E5%85%B5%E8%B5%B7%E4%B9%89,,未分级,广东洪兵起义 （1854年－1864年）
1432,qing,19,清朝（1644－1911）,廓藏战争 （1855年,廓藏战争,https://zh.wikipedia.org/wiki/%E5%BB%93%E8%97%8F%E6%88%98%E4%BA%89,,未分级,廓藏战争 （1855年－1856年）
1433,qing,19,清朝（1644－1911）,云南回变 （1856年,云南回变,https://zh.wikipedia.org/wiki/%E4%BA%91%E5%8D%97%E5%9B%9E%E5%8F%98,,未分级,云南回变 （1856年－1873年）
1434,qing,19,清朝（1644－1911）,第二次鸦片战争 （1856年,第二次鸦片战争,https://zh.wikipedia.org/wiki/%E7%AC%AC%E4%BA%8C%E6%AC%A1%E9%B8%A6%E7%89%87%E6%88%98%E4%BA%89,,未分级,第二次鸦片战争 （1856年－1860年） 广州城战役 （1857年） 第一次大沽口之战 （1858年） 第二次大沽口之战 （1859年） 第三次大沽口之战 （1860年） 八里桥之战 （1860年）
1435,qing,19,清朝（1644－1911）,年代未详,广州城战役,https://zh.wikipedia.org/wiki/%E5%BB%A3%E5%B7%9E%E5%9F%8E%E6%88%B0%E5%BD%B9,（1857年）,未分级,广州城战役 （1857年）
1436,qing,19,清朝（1644－1911）,年代未详,第一次大沽口之战,https://zh.wikipedia.org/wiki/%E7%AC%AC%E4%B8%80%E6%AC%A1%E5%A4%A7%E6%B2%BD%E5%8F%A3%E4%B9%8B%E6%88%B0,（1858年）,未分级,第一次大沽口之战 （1858年）
1437,qing,19,清朝（1644－1911）,年代未详,第二次大沽口之战,https://zh.wikipedia.org/wiki/%E7%AC%AC%E4%BA%8C%E6%AC%A1%E5%A4%A7%E6%B2%BD%E5%8F%A3%E4%B9%8B%E6%88%98,（1859年）,未分级,第二次大沽口之战 （1859年）
1438,qing,19,清朝（1644－1911）,年代未详,第三次大沽口之战,https://zh.wikipedia.org/wiki/%E7%AC%AC%E4%B8%89%E6%AC%A1%E5%A4%A7%E6%B2%BD%E5%8F%A3%E4%B9%8B%E6%88%B0,（1860年）,未分级,第三次大沽口之战 （1860年）
1439,qing,19,清朝（1644－1911）,年代未详,八里桥之战,https://zh.wikipedia.org/wiki/%E5%85%AB%E9%87%8C%E6%A9%8B%E4%B9%8B%E6%88%B0,（1860年）,未分级,八里桥之战 （1860年）
1440,qing,19,清朝（1644－1911）,李永和 、 蓝朝鼎 起义（1859年,李永和,https://zh.wikipedia.org/wiki/%E6%9D%8E%E6%B0%B8%E5%92%8C_(%E6%B8%85%E6%9C%9D),,未分级,李永和 、 蓝朝鼎 起义（1859年－1865年）
1441,qing,19,清朝（1644－1911）,同治新疆回乱 （1862年,同治新疆回乱,https://zh.wikipedia.org/wiki/%E5%90%8C%E6%B2%BB%E6%96%B0%E7%96%86%E5%9B%9E%E4%B9%B1,,未分级,同治新疆回乱 （1862年－1877年）
1442,qing,19,清朝（1644－1911）,同治陕甘回变 （1862年,同治陕甘回变,https://zh.wikipedia.org/wiki/%E5%90%8C%E6%B2%BB%E9%99%95%E7%94%98%E5%9B%9E%E5%8F%98,,未分级,同治陕甘回变 （1862年－1873年）
1443,qing,19,清朝（1644－1911）,戴潮春事件 （1862年,戴潮春事件,https://zh.wikipedia.org/wiki/%E6%88%B4%E6%BD%AE%E6%98%A5%E4%BA%8B%E4%BB%B6,,未分级,戴潮春事件 （1862年－1864年）
1444,qing,19,清朝（1644－1911）,年代未详,樟脑战争,https://zh.wikipedia.org/wiki/%E6%A8%9F%E8%85%A6%E6%88%B0%E7%88%AD,（1868年）,未分级,樟脑战争 （1868年）
1445,qing,19,清朝（1644－1911）,清军收复新疆之战 （1876年,清军收复新疆之战,https://zh.wikipedia.org/wiki/%E6%B8%85%E5%86%9B%E6%94%B6%E5%A4%8D%E6%96%B0%E7%96%86%E4%B9%8B%E6%88%98,,未分级,清军收复新疆之战 （1876年－1877年）
1446,qing,19,清朝（1644－1911）,中法战争 （1883年,中法战争,https://zh.wikipedia.org/wiki/%E4%B8%AD%E6%B3%95%E6%88%98%E4%BA%89,,未分级,中法战争 （1883年－1885年） 马江海战 （1884年） 西仔反 （1884年－1885年） 镇海之战 （1885年） 镇南关之役 （1885年）
1447,qing,19,清朝（1644－1911）,年代未详,马江海战,https://zh.wikipedia.org/wiki/%E9%A9%AC%E6%B1%9F%E6%B5%B7%E6%88%98,（1884年）,未分级,马江海战 （1884年）
1448,qing,19,清朝（1644－1911）,西仔反 （1884年,西仔反,https://zh.wikipedia.org/wiki/%E8%A5%BF%E4%BB%94%E5%8F%8D,,未分级,西仔反 （1884年－1885年）
1449,qing,19,清朝（1644－1911）,年代未详,镇海之战,https://zh.wikipedia.org/wiki/%E9%95%87%E6%B5%B7%E4%B9%8B%E6%88%98_(1885%E5%B9%B4),（1885年）,未分级,镇海之战 （1885年）
1450,qing,19,清朝（1644－1911）,年代未详,镇南关之役,https://zh.wikipedia.org/wiki/%E9%95%87%E5%8D%97%E5%85%B3%E4%B9%8B%E5%BD%B9,（1885年）,未分级,镇南关之役 （1885年）
1451,qing,19,清朝（1644－1911）,年代未详,第一次英国侵藏战争,https://zh.wikipedia.org/wiki/%E8%8B%B1%E5%9B%BD%E4%BE%B5%E8%97%8F%E6%88%98%E4%BA%89,( 隆吐山战役 )（1888年）,未分级,第一次英国侵藏战争 ( 隆吐山战役 )（1888年）
1452,qing,19,清朝（1644－1911）,甲午战争 （1894年,甲午战争,https://zh.wikipedia.org/wiki/%E7%94%B2%E5%8D%88%E6%88%98%E4%BA%89,,未分级,甲午战争 （1894年－1895年） 丰岛海战 （1894年） 平壤之战 （1894年） 九连城之战 黄海海战 （1894年） 旅顺口之战 （ 万忠墓 ）（1894年－1895年） 威海卫之战 （1895年）
1453,qing,19,清朝（1644－1911）,年代未详,丰岛海战,https://zh.wikipedia.org/wiki/%E4%B8%B0%E5%B2%9B%E6%B5%B7%E6%88%98,（1894年）,未分级,丰岛海战 （1894年）
1454,qing,19,清朝（1644－1911）,年代未详,平壤之战,https://zh.wikipedia.org/wiki/%E5%B9%B3%E5%A3%A4%E4%B9%8B%E6%88%B0,（1894年）,未分级,平壤之战 （1894年）
1455,qing,19,清朝（1644－1911）,年代未详,九连城之战,https://zh.wikipedia.org/wiki/%E4%B9%9D%E9%80%A3%E5%9F%8E%E4%B9%8B%E6%88%B0,,未分级,九连城之战
1456,qing,19,清朝（1644－1911）,年代未详,黄海海战,https://zh.wikipedia.org/wiki/%E9%BB%84%E6%B5%B7%E6%B5%B7%E6%88%98_(1894%E5%B9%B4),（1894年）,未分级,黄海海战 （1894年）
1457,qing,19,清朝（1644－1911）,旅顺口之战 （ 万忠墓 ）（1894年,旅顺口之战,https://zh.wikipedia.org/wiki/%E6%97%85%E9%A1%BA%E5%8F%A3%E4%B9%8B%E6%88%98,,未分级,旅顺口之战 （ 万忠墓 ）（1894年－1895年）
1458,qing,19,清朝（1644－1911）,年代未详,威海卫之战,https://zh.wikipedia.org/wiki/%E5%A8%81%E6%B5%B7%E8%A1%9B%E4%B9%8B%E6%88%B0,（1895年）,未分级,威海卫之战 （1895年）
1459,qing,19,清朝（1644－1911）,年代未详,乙未战争,https://zh.wikipedia.org/wiki/%E4%B9%99%E6%9C%AA%E6%88%98%E4%BA%89,（1895年）,未分级,乙未战争 （1895年）
1460,qing,19,清朝（1644－1911）,1895年回乱 （1895年,1895年回乱,https://zh.wikipedia.org/wiki/1895%E5%B9%B4%E5%9B%9E%E4%B9%B1,,未分级,1895年回乱 （1895年－1896年）
1461,qing,19,清朝（1644－1911）,义和团运动 （ 义和团纪庄子战场 ）（1898年,义和团运动,https://zh.wikipedia.org/wiki/%E4%B9%89%E5%92%8C%E5%9B%A2%E8%BF%90%E5%8A%A8,,未分级,义和团运动 （ 义和团纪庄子战场 ）（1898年－1901年） 廊坊阻击战 （1900年） 八国联军侵华战争 （1900年－1901年）
1462,qing,19,清朝（1644－1911）,年代未详,廊坊阻击战,https://zh.wikipedia.org/wiki/%E5%BB%8A%E5%9D%8A%E9%98%BB%E5%87%BB%E6%88%98,（1900年）,未分级,廊坊阻击战 （1900年）
1463,qing,19,清朝（1644－1911）,八国联军侵华战争 （1900年,八国联军侵华战争,https://zh.wikipedia.org/wiki/%E5%85%AB%E5%9B%BD%E8%81%94%E5%86%9B%E4%BE%B5%E5%8D%8E%E6%88%98%E4%BA%89,,未分级,八国联军侵华战争 （1900年－1901年）
1464,qing,19,清朝（1644－1911）,第二次英国侵藏战争 （1903年,第二次英国侵藏战争,https://zh.wikipedia.org/wiki/%E8%8B%B1%E5%9B%BD%E4%BE%B5%E8%97%8F%E6%88%98%E4%BA%89,,未分级,第二次英国侵藏战争 （1903年－1904年）
1465,qing,19,清朝（1644－1911）,1905年藏族骚乱 （1905年,1905年藏族骚乱,https://zh.wikipedia.org/wiki/%E5%B7%B4%E5%A1%98%E4%BA%8B%E5%8F%98,,未分级,1905年藏族骚乱 （1905年－1906年）
1466,qing,19,清朝（1644－1911）,日俄战争 （1904年,日俄战争,https://zh.wikipedia.org/wiki/%E6%97%A5%E4%BF%84%E6%88%98%E4%BA%89,,未分级,日俄战争 （1904年－1905年） 旅顺会战 （ 203高地 ）（1904年－1905年） 奉天会战 （1905年）
1467,qing,19,清朝（1644－1911）,旅顺会战 （ 203高地 ）（1904年,旅顺会战,https://zh.wikipedia.org/wiki/%E6%97%85%E9%A0%86%E6%9C%83%E6%88%B0,,未分级,旅顺会战 （ 203高地 ）（1904年－1905年）
1468,qing,19,清朝（1644－1911）,年代未详,奉天会战,https://zh.wikipedia.org/wiki/%E5%A5%89%E5%A4%A9%E4%BC%9A%E6%88%98,（1905年）,未分级,奉天会战 （1905年）
1469,qing,19,清朝（1644－1911）,年代未详,同盟会,https://zh.wikipedia.org/wiki/%E5%90%8C%E7%9B%9F%E4%BC%9A,早期起义 乙未广州起义 （1895年） 萍浏醴起义 （1906年） 黄冈起义 （1907年） 七女湖起义 （1907年） 安庆起义 （1907年） 镇南关起义 （1907年） 钦廉上思起义 （1908年） 河口起义 （1908年） 马炮营起义 （1908年） 广州新军起义 （1910年） 广州起义 （1910年） 黄花岗起义 （1911年）,未分级,同盟会 早期起义 乙未广州起义 （1895年） 萍浏醴起义 （1906年） 黄冈起义 （1907年） 七女湖起义 （1907年） 安庆起义 （1907年） 镇南关起义 （1907年） 钦廉上思起义 （1908年） 河口起义 （1908年） 马炮营起义 （1908年） 广州新军起义 （1910年） 广州起义 （1910年） 黄花岗起义 （1911年）
1470,qing,19,清朝（1644－1911）,年代未详,乙未广州起义,https://zh.wikipedia.org/wiki/%E4%B9%99%E6%9C%AA%E5%B9%BF%E5%B7%9E%E8%B5%B7%E4%B9%89,（1895年）,未分级,乙未广州起义 （1895年）
1471,qing,19,清朝（1644－1911）,年代未详,萍浏醴起义,https://zh.wikipedia.org/wiki/%E8%90%8D%E6%B5%8F%E9%86%B4%E8%B5%B7%E4%B9%89,（1906年）,未分级,萍浏醴起义 （1906年）
1472,qing,19,清朝（1644－1911）,年代未详,黄冈起义,https://zh.wikipedia.org/wiki/%E9%BB%84%E5%86%88%E8%B5%B7%E4%B9%89,（1907年）,未分级,黄冈起义 （1907年）
1473,qing,19,清朝（1644－1911）,年代未详,七女湖起义,https://zh.wikipedia.org/wiki/%E4%B8%83%E5%A5%B3%E6%B9%96%E8%B5%B7%E4%B9%89,（1907年）,未分级,七女湖起义 （1907年）
1474,qing,19,清朝（1644－1911）,年代未详,安庆起义,https://zh.wikipedia.org/wiki/%E5%AE%89%E5%BA%86%E8%B5%B7%E4%B9%89,（1907年）,未分级,安庆起义 （1907年）
1475,qing,19,清朝（1644－1911）,年代未详,镇南关起义,https://zh.wikipedia.org/wiki/%E9%95%87%E5%8D%97%E5%85%B3%E8%B5%B7%E4%B9%89,（1907年）,未分级,镇南关起义 （1907年）
1476,qing,19,清朝（1644－1911）,年代未详,钦廉上思起义,https://zh.wikipedia.org/wiki/%E9%92%A6%E5%BB%89%E4%B8%8A%E6%80%9D%E8%B5%B7%E4%B9%89,（1908年）,未分级,钦廉上思起义 （1908年）
1477,qing,19,清朝（1644－1911）,年代未详,河口起义,https://zh.wikipedia.org/wiki/%E6%B2%B3%E5%8F%A3%E8%B5%B7%E4%B9%89,（1908年）,未分级,河口起义 （1908年）
1478,qing,19,清朝（1644－1911）,年代未详,马炮营起义,https://zh.wikipedia.org/wiki/%E9%A9%AC%E7%82%AE%E8%90%A5%E8%B5%B7%E4%B9%89,（1908年）,未分级,马炮营起义 （1908年）
1479,qing,19,清朝（1644－1911）,年代未详,广州新军起义,https://zh.wikipedia.org/wiki/%E5%BB%A3%E5%B7%9E%E6%96%B0%E8%BB%8D%E8%B5%B7%E7%BE%A9,（1910年）,未分级,广州新军起义 （1910年）
1480,qing,19,清朝（1644－1911）,年代未详,广州起义,https://zh.wikipedia.org/wiki/%E5%BA%9A%E6%88%8C%E6%96%B0%E5%86%9B%E8%B5%B7%E4%B9%89,（1910年）,未分级,广州起义 （1910年）
1481,qing,19,清朝（1644－1911）,年代未详,黄花岗起义,https://zh.wikipedia.org/wiki/%E9%BB%83%E8%8A%B1%E5%B4%97%E8%B5%B7%E7%BE%A9,（1911年）,未分级,黄花岗起义 （1911年）
1482,qing,19,清朝（1644－1911）,年代未详,保路运动,https://zh.wikipedia.org/wiki/%E4%BF%9D%E8%B7%AF%E8%BF%90%E5%8A%A8,（1911年）,未分级,保路运动 （1911年）
1483,qing,19,清朝（1644－1911）,白朗起义 （1911年,白朗起义,https://zh.wikipedia.org/wiki/%E7%99%BD%E6%9C%97%E8%B5%B7%E4%B9%89,,未分级,白朗起义 （1911年－1914年）
1484,qing,19,清朝（1644－1911）,辛亥革命 （1911年,辛亥革命,https://zh.wikipedia.org/wiki/%E8%BE%9B%E4%BA%A5%E9%9D%A9%E5%91%BD,1912年） 武昌起义 （ 武昌起义纪念馆 ）（1911年） 阳夏保卫战 （1911年） 南京之战 （1911年）,未分级,辛亥革命 （1911年－1912年） 武昌起义 （ 辛亥革命武昌起义纪念馆 ）（1911年） 阳夏保卫战 （1911年） 南京之战 （1911年）
1485,qing,19,清朝（1644－1911）,年代未详,武昌起义,https://zh.wikipedia.org/wiki/%E6%AD%A6%E6%98%8C%E8%B5%B7%E4%B9%89,（ 辛亥革命武昌起义纪念馆 ）（1911年）,未分级,武昌起义 （ 辛亥革命武昌起义纪念馆 ）（1911年）
1486,qing,19,清朝（1644－1911）,年代未详,阳夏保卫战,https://zh.wikipedia.org/wiki/%E9%98%B3%E5%A4%8F%E4%BF%9D%E5%8D%AB%E6%88%98,（1911年）,未分级,阳夏保卫战 （1911年）
1487,qing,19,清朝（1644－1911）,年代未详,南京之战,https://zh.wikipedia.org/wiki/%E5%8D%97%E4%BA%AC%E4%B9%8B%E6%88%B0,（1911年）,未分级,南京之战 （1911年）
1488,republic_of_china,20,中华民国大陆时期（1912－1949）,年代未详,二次革命,https://zh.wikipedia.org/wiki/%E4%BA%8C%E6%AC%A1%E9%9D%A9%E5%91%BD,（1913年）,未分级,二次革命 （1913年）
1489,republic_of_china,20,中华民国大陆时期（1912－1949）,年代未详,白朗起事,https://zh.wikipedia.org/wiki/%E7%99%BD%E6%9C%97_(%E4%BA%BA%E5%90%8D),（1914年）,未分级,白朗起事 （1914年）
1490,republic_of_china,20,中华民国大陆时期（1912－1949）,年代未详,察都称帝,https://zh.wikipedia.org/wiki/%E5%AF%9F%E9%83%BD,（1915年）,未分级,察都称帝 （1915年）
1491,republic_of_china,20,中华民国大陆时期（1912－1949）,护国战争 （1915年,护国战争,https://zh.wikipedia.org/wiki/%E6%8A%A4%E5%9B%BD%E6%88%98%E4%BA%89,,未分级,护国战争 （1915年－1916年）
1492,republic_of_china,20,中华民国大陆时期（1912－1949）,年代未详,张勋复辟,https://zh.wikipedia.org/wiki/%E5%BC%A0%E5%8B%8B%E5%A4%8D%E8%BE%9F,（1917年）,未分级,张勋复辟 （1917年）
1493,republic_of_china,20,中华民国大陆时期（1912－1949）,第一次世界大战 （1917年,第一次世界大战,https://zh.wikipedia.org/wiki/%E7%AC%AC%E4%B8%80%E6%AC%A1%E4%B8%96%E7%95%8C%E5%A4%A7%E6%88%98,,未分级,第一次世界大战 （1917年－1918年）
1494,republic_of_china,20,中华民国大陆时期（1912－1949）,护法战争 （1917年,护法战争,https://zh.wikipedia.org/wiki/%E6%8A%A4%E6%B3%95%E6%88%98%E4%BA%89,,未分级,护法战争 （1917年－1922年）
1495,republic_of_china,20,中华民国大陆时期（1912－1949）,年代未详,西安战斗,https://zh.wikipedia.org/wiki/%E8%A5%BF%E5%AE%89%E6%88%98%E6%96%97,（1918年）,未分级,西安战斗 （1918年）
1496,republic_of_china,20,中华民国大陆时期（1912－1949）,年代未详,五四运动,https://zh.wikipedia.org/wiki/%E4%BA%94%E5%9B%9B%E8%BF%90%E5%8A%A8,（1919年）,未分级,五四运动 （1919年）
1497,republic_of_china,20,中华民国大陆时期（1912－1949）,年代未详,直皖战争,https://zh.wikipedia.org/wiki/%E7%9B%B4%E7%9A%96%E6%88%98%E4%BA%89,（1920年）,未分级,直皖战争 （1920年）
1498,republic_of_china,20,中华民国大陆时期（1912－1949）,第一次粤桂战争 （1920年,第一次粤桂战争,https://zh.wikipedia.org/wiki/%E7%AC%AC%E4%B8%80%E6%AC%A1%E7%B2%A4%E6%A1%82%E6%88%98%E4%BA%89,,未分级,第一次粤桂战争 （1920年－1921年）
1499,republic_of_china,20,中华民国大陆时期（1912－1949）,年代未详,第二次粤桂战争,https://zh.wikipedia.org/wiki/%E7%AC%AC%E4%BA%8C%E6%AC%A1%E7%B2%A4%E6%A1%82%E6%88%98%E4%BA%89,（1921年）,未分级,第二次粤桂战争 （1921年）
1500,republic_of_china,20,中华民国大陆时期（1912－1949）,年代未详,第一次直奉战争,https://zh.wikipedia.org/wiki/%E7%AC%AC%E4%B8%80%E6%AC%A1%E7%9B%B4%E5%A5%89%E6%88%98%E4%BA%89,（1922年）,未分级,第一次直奉战争 （1922年）
1501,republic_of_china,20,中华民国大陆时期（1912－1949）,年代未详,成都之战,https://zh.wikipedia.org/wiki/%E6%88%90%E9%83%BD%E6%88%B0%E9%AC%A5_(%E5%8C%97%E6%B4%8B%E6%94%BF%E5%BA%9C%E6%99%82%E6%9C%9F),（1923年）,未分级,成都之战 （1923年）
1502,republic_of_china,20,中华民国大陆时期（1912－1949）,第一次国内革命战争 （ 中国共产党 称呼）（1924年,第一次国内革命战争,https://zh.wikipedia.org/wiki/%E7%AC%AC%E4%B8%80%E6%AC%A1%E5%9B%BD%E5%86%85%E9%9D%A9%E5%91%BD%E6%88%98%E4%BA%89,,未分级,第一次国内革命战争 （ 中国共产党 称呼）（1924年－1927年）
1503,republic_of_china,20,中华民国大陆时期（1912－1949）,年代未详,第二次直奉战争,https://zh.wikipedia.org/wiki/%E7%AC%AC%E4%BA%8C%E6%AC%A1%E7%9B%B4%E5%A5%89%E6%88%98%E4%BA%89,（1924年）,未分级,第二次直奉战争 （1924年）
1504,republic_of_china,20,中华民国大陆时期（1912－1949）,年代未详,江浙战争,https://zh.wikipedia.org/wiki/%E6%B1%9F%E6%B5%99%E6%88%98%E4%BA%89,（1924年）,未分级,江浙战争 （1924年）
1505,republic_of_china,20,中华民国大陆时期（1912－1949）,年代未详,第一次东征,https://zh.wikipedia.org/wiki/%E7%AC%AC%E4%B8%80%E6%AC%A1%E4%B8%9C%E5%BE%81,（1925年）,未分级,第一次东征 （1925年）
1506,republic_of_china,20,中华民国大陆时期（1912－1949）,年代未详,第二次东征,https://zh.wikipedia.org/wiki/%E7%AC%AC%E4%BA%8C%E6%AC%A1%E4%B8%9C%E5%BE%81,（1925年）,未分级,第二次东征 （1925年）
1507,republic_of_china,20,中华民国大陆时期（1912－1949）,年代未详,滇桂战争,https://zh.wikipedia.org/wiki/%E6%BB%87%E6%A1%82%E6%88%98%E4%BA%89,（1925年）,未分级,滇桂战争 （1925年）
1508,republic_of_china,20,中华民国大陆时期（1912－1949）,年代未详,浙奉战争,https://zh.wikipedia.org/wiki/%E6%B5%99%E5%A5%89%E6%88%98%E4%BA%89,（1925年）,未分级,浙奉战争 （1925年）
1509,republic_of_china,20,中华民国大陆时期（1912－1949）,反奉战争 （1925年,反奉战争,https://zh.wikipedia.org/wiki/%E5%8F%8D%E5%A5%89%E6%88%98%E4%BA%89,,未分级,反奉战争 （1925年－1926年）
1510,republic_of_china,20,中华民国大陆时期（1912－1949）,年代未详,南口大战,https://zh.wikipedia.org/wiki/%E5%8D%97%E5%8F%A3%E5%A4%A7%E6%88%98,（1926年）,未分级,南口大战 （1926年）
1511,republic_of_china,20,中华民国大陆时期（1912－1949）,国民革命军北伐 （1926年,国民革命军北伐,https://zh.wikipedia.org/wiki/%E5%9C%8B%E6%B0%91%E9%9D%A9%E5%91%BD%E8%BB%8D%E5%8C%97%E4%BC%90,,未分级,国民革命军北伐 （1926年－1928年） 汨罗江追击战斗 （1926年） 汀泗桥战斗 （1926年） 贺胜桥战斗 （1926年） 武昌战斗 （1926年） 江西战役 （1926年） 涿州战役 （1927年－1928年） 蚌埠战役 （1927年） 龙潭战役 （1927年） 第一次兰封战役 （1927年） 第二次兰封战役 （1927年） 济南战役 （1928年）
1512,republic_of_china,20,中华民国大陆时期（1912－1949）,年代未详,汨罗江追击战斗,https://zh.wikipedia.org/wiki/%E6%B1%A8%E7%BE%85%E6%B1%9F%E8%BF%BD%E6%93%8A%E6%88%B0%E9%AC%A5,（1926年）,未分级,汨罗江追击战斗 （1926年）
1513,republic_of_china,20,中华民国大陆时期（1912－1949）,年代未详,汀泗桥战斗,https://zh.wikipedia.org/wiki/%E6%B1%80%E6%B3%97%E6%A9%8B%E6%88%B0%E9%AC%A5,（1926年）,未分级,汀泗桥战斗 （1926年）
1514,republic_of_china,20,中华民国大陆时期（1912－1949）,年代未详,贺胜桥战斗,https://zh.wikipedia.org/wiki/%E8%B4%BA%E8%83%9C%E6%A1%A5%E6%88%98%E6%96%97,（1926年）,未分级,贺胜桥战斗 （1926年）
1515,republic_of_china,20,中华民国大陆时期（1912－1949）,年代未详,武昌战斗,https://zh.wikipedia.org/wiki/%E6%AD%A6%E6%98%8C%E6%88%B0%E9%AC%A5,（1926年）,未分级,武昌战斗 （1926年）
1516,republic_of_china,20,中华民国大陆时期（1912－1949）,年代未详,江西战役,https://zh.wikipedia.org/wiki/%E6%B1%9F%E8%A5%BF%E6%88%98%E5%BD%B9,（1926年）,未分级,江西战役 （1926年）
1517,republic_of_china,20,中华民国大陆时期（1912－1949）,涿州战役 （1927年,涿州战役,https://zh.wikipedia.org/wiki/%E6%B6%BF%E5%B7%9E%E6%88%98%E5%BD%B9,,未分级,涿州战役 （1927年－1928年）
1518,republic_of_china,20,中华民国大陆时期（1912－1949）,年代未详,蚌埠战役,https://zh.wikipedia.org/wiki/%E8%9A%8C%E5%9F%A0%E6%88%98%E5%BD%B9,（1927年）,未分级,蚌埠战役 （1927年）
1519,republic_of_china,20,中华民国大陆时期（1912－1949）,年代未详,龙潭战役,https://zh.wikipedia.org/wiki/%E9%BE%99%E6%BD%AD%E6%88%98%E5%BD%B9,（1927年）,未分级,龙潭战役 （1927年）
1520,republic_of_china,20,中华民国大陆时期（1912－1949）,年代未详,第一次兰封战役,https://zh.wikipedia.org/wiki/%E7%AC%AC%E4%B8%80%E6%AC%A1%E5%85%B0%E5%B0%81%E6%88%98%E5%BD%B9,（1927年）,未分级,第一次兰封战役 （1927年）
1521,republic_of_china,20,中华民国大陆时期（1912－1949）,年代未详,第二次兰封战役,https://zh.wikipedia.org/wiki/%E7%AC%AC%E4%BA%8C%E6%AC%A1%E5%85%B0%E5%B0%81%E6%88%98%E5%BD%B9,（1927年）,未分级,第二次兰封战役 （1927年）
1522,republic_of_china,20,中华民国大陆时期（1912－1949）,年代未详,济南战役,https://zh.wikipedia.org/wiki/%E6%B5%8E%E5%8D%97%E6%83%A8%E6%A1%88,（1928年）,未分级,济南战役 （1928年）
1523,republic_of_china,20,中华民国大陆时期（1912－1949）,年代未详,宁汉战争,https://zh.wikipedia.org/wiki/%E5%AE%81%E6%B1%89%E6%88%98%E4%BA%89,（1927年）,未分级,宁汉战争 （1927年）
1524,republic_of_china,20,中华民国大陆时期（1912－1949）,第一次国共内战 （1927年,第一次国共内战,https://zh.wikipedia.org/wiki/%E7%AC%AC%E4%B8%80%E6%AC%A1%E5%9B%BD%E5%85%B1%E5%86%85%E6%88%98,,未分级,第一次国共内战 （1927年－1937年） 南昌起义 （1927年） 秋收起义 （1927年） 湘南暴动 （1927年） 广州暴动 （1927年） 第一次反进剿 （1928年） 第二次反进剿 （1928年） 第三次反进剿 （1928年） 第一次反围剿 （1930年－1931年） 第二次反围剿 （1931年） 第三次反围剿 （1931年） 商潢战役 （1932年） 赣州战役 （1932年） 苏家埠战役 （1932年） 漳州战役 （1932年） 潢光战役 （1932年） 第四次反围剿 （1933年） 仪南战役 （1933年） 第五次反围剿 （1933年－1934年） 中国工农红军长征 （1934年－1936年） 湘江战役 （1934年） 四渡赤水 （1935年） 腊子口战役 （1935年） 直罗镇战役 （1935年） 东征战役 （1936年） 西路军西征 （1936年－1937年）
1525,republic_of_china,20,中华民国大陆时期（1912－1949）,年代未详,南昌起义,https://zh.wikipedia.org/wiki/%E5%8D%97%E6%98%8C%E8%B5%B7%E4%B9%89,（1927年）,未分级,南昌起义 （1927年）
1526,republic_of_china,20,中华民国大陆时期（1912－1949）,年代未详,秋收起义,https://zh.wikipedia.org/wiki/%E7%A7%8B%E6%94%B6%E8%B5%B7%E4%B9%89,（1927年）,未分级,秋收起义 （1927年）
1527,republic_of_china,20,中华民国大陆时期（1912－1949）,年代未详,湘南暴动,https://zh.wikipedia.org/wiki/%E6%B9%98%E5%8D%97%E6%9A%B4%E5%8A%A8,（1927年）,未分级,湘南暴动 （1927年）
1528,republic_of_china,20,中华民国大陆时期（1912－1949）,年代未详,广州暴动,https://zh.wikipedia.org/wiki/%E5%B9%BF%E5%B7%9E%E6%9A%B4%E5%8A%A8,（1927年）,未分级,广州暴动 （1927年）
1529,republic_of_china,20,中华民国大陆时期（1912－1949）,年代未详,第一次反进剿,https://zh.wikipedia.org/wiki/%E7%AC%AC%E4%B8%80%E6%AC%A1%E5%8F%8D%E8%BF%9B%E5%89%BF,（1928年）,未分级,第一次反进剿 （1928年）
1530,republic_of_china,20,中华民国大陆时期（1912－1949）,年代未详,第二次反进剿,https://zh.wikipedia.org/wiki/%E7%AC%AC%E4%BA%8C%E6%AC%A1%E5%8F%8D%E8%BF%9B%E5%89%BF,（1928年）,未分级,第二次反进剿 （1928年）
1531,republic_of_china,20,中华民国大陆时期（1912－1949）,年代未详,第三次反进剿,https://zh.wikipedia.org/wiki/%E7%AC%AC%E4%B8%89%E6%AC%A1%E5%8F%8D%E8%BF%9B%E5%89%BF,（1928年）,未分级,第三次反进剿 （1928年）
1532,republic_of_china,20,中华民国大陆时期（1912－1949）,第一次反围剿 （1930年,第一次反围剿,https://zh.wikipedia.org/wiki/%E4%B8%AD%E5%9B%BD%E5%85%B1%E4%BA%A7%E5%85%9A%E7%AC%AC%E4%B8%80%E6%AC%A1%E5%8F%8D%E5%9B%B4%E5%89%BF%E6%88%98%E4%BA%89,,未分级,第一次反围剿 （1930年－1931年）
1533,republic_of_china,20,中华民国大陆时期（1912－1949）,年代未详,第二次反围剿,https://zh.wikipedia.org/wiki/%E4%B8%AD%E5%9B%BD%E5%85%B1%E4%BA%A7%E5%85%9A%E7%AC%AC%E4%BA%8C%E6%AC%A1%E5%8F%8D%E5%9B%B4%E5%89%BF%E6%88%98%E4%BA%89,（1931年）,未分级,第二次反围剿 （1931年）
1534,republic_of_china,20,中华民国大陆时期（1912－1949）,年代未详,第三次反围剿,https://zh.wikipedia.org/wiki/%E4%B8%AD%E5%9B%BD%E5%85%B1%E4%BA%A7%E5%85%9A%E7%AC%AC%E4%B8%89%E6%AC%A1%E5%8F%8D%E5%9B%B4%E5%89%BF%E6%88%98%E4%BA%89,（1931年）,未分级,第三次反围剿 （1931年）
1535,republic_of_china,20,中华民国大陆时期（1912－1949）,年代未详,商潢战役,https://zh.wikipedia.org/wiki/%E5%95%86%E6%BD%A2%E6%88%98%E5%BD%B9,（1932年）,未分级,商潢战役 （1932年）
1536,republic_of_china,20,中华民国大陆时期（1912－1949）,年代未详,赣州战役,https://zh.wikipedia.org/wiki/%E8%B5%A3%E5%B7%9E%E6%88%98%E5%BD%B9,（1932年）,未分级,赣州战役 （1932年）
1537,republic_of_china,20,中华民国大陆时期（1912－1949）,年代未详,苏家埠战役,https://zh.wikipedia.org/wiki/%E8%8B%8F%E5%AE%B6%E5%9F%A0%E6%88%98%E5%BD%B9,（1932年）,未分级,苏家埠战役 （1932年）
1538,republic_of_china,20,中华民国大陆时期（1912－1949）,年代未详,漳州战役,https://zh.wikipedia.org/wiki/%E6%BC%B3%E5%B7%9E%E6%88%98%E5%BD%B9,（1932年）,未分级,漳州战役 （1932年）
1539,republic_of_china,20,中华民国大陆时期（1912－1949）,年代未详,潢光战役,https://zh.wikipedia.org/wiki/%E6%BD%A2%E5%85%89%E6%88%98%E5%BD%B9,（1932年）,未分级,潢光战役 （1932年）
1540,republic_of_china,20,中华民国大陆时期（1912－1949）,年代未详,第四次反围剿,https://zh.wikipedia.org/wiki/%E4%B8%AD%E5%9B%BD%E5%85%B1%E4%BA%A7%E5%85%9A%E7%AC%AC%E5%9B%9B%E6%AC%A1%E5%8F%8D%E5%9B%B4%E5%89%BF%E6%88%98%E4%BA%89,（1933年）,未分级,第四次反围剿 （1933年）
1541,republic_of_china,20,中华民国大陆时期（1912－1949）,年代未详,仪南战役,https://zh.wikipedia.org/wiki/%E4%BB%AA%E5%8D%97%E6%88%98%E5%BD%B9,（1933年）,未分级,仪南战役 （1933年）
1542,republic_of_china,20,中华民国大陆时期（1912－1949）,第五次反围剿 （1933年,第五次反围剿,https://zh.wikipedia.org/wiki/%E4%B8%AD%E5%9B%BD%E5%85%B1%E4%BA%A7%E5%85%9A%E7%AC%AC%E4%BA%94%E6%AC%A1%E5%8F%8D%E5%9B%B4%E5%89%BF%E6%88%98%E4%BA%89,,未分级,第五次反围剿 （1933年－1934年）
1543,republic_of_china,20,中华民国大陆时期（1912－1949）,中国工农红军长征 （1934年,中国工农红军长征,https://zh.wikipedia.org/wiki/%E4%B8%AD%E5%9B%BD%E5%B7%A5%E5%86%9C%E7%BA%A2%E5%86%9B%E9%95%BF%E5%BE%81,,未分级,中国工农红军长征 （1934年－1936年） 湘江战役 （1934年） 四渡赤水 （1935年） 腊子口战役 （1935年）
1544,republic_of_china,20,中华民国大陆时期（1912－1949）,年代未详,湘江战役,https://zh.wikipedia.org/wiki/%E6%B9%98%E6%B1%9F%E6%88%98%E5%BD%B9,（1934年）,未分级,湘江战役 （1934年）
1545,republic_of_china,20,中华民国大陆时期（1912－1949）,年代未详,四渡赤水,https://zh.wikipedia.org/wiki/%E5%9B%9B%E6%B8%A1%E8%B5%A4%E6%B0%B4,（1935年）,未分级,四渡赤水 （1935年）
1546,republic_of_china,20,中华民国大陆时期（1912－1949）,年代未详,腊子口战役,https://zh.wikipedia.org/wiki/%E8%85%8A%E5%AD%90%E5%8F%A3%E6%88%98%E5%BD%B9,（1935年）,未分级,腊子口战役 （1935年）
1547,republic_of_china,20,中华民国大陆时期（1912－1949）,年代未详,直罗镇战役,https://zh.wikipedia.org/wiki/%E7%9B%B4%E7%BD%97%E9%95%87%E6%88%98%E5%BD%B9,（1935年）,未分级,直罗镇战役 （1935年）
1548,republic_of_china,20,中华民国大陆时期（1912－1949）,年代未详,东征战役,https://zh.wikipedia.org/wiki/%E4%B8%9C%E5%BE%81%E6%88%98%E5%BD%B9,（1936年）,未分级,东征战役 （1936年）
1549,republic_of_china,20,中华民国大陆时期（1912－1949）,西路军西征 （1936年,西路军西征,https://zh.wikipedia.org/wiki/%E8%A5%BF%E8%B7%AF%E5%86%9B,,未分级,西路军西征 （1936年－1937年）
1550,republic_of_china,20,中华民国大陆时期（1912－1949）,年代未详,蒋桂战争,https://zh.wikipedia.org/wiki/%E8%92%8B%E6%A1%82%E6%88%98%E4%BA%89,（1929年）,未分级,蒋桂战争 （1929年）
1551,republic_of_china,20,中华民国大陆时期（1912－1949）,年代未详,中东路战争,https://zh.wikipedia.org/wiki/%E4%B8%AD%E4%B8%9C%E8%B7%AF%E6%88%98%E4%BA%89,（1929年）,未分级,中东路战争 （1929年）
1552,republic_of_china,20,中华民国大陆时期（1912－1949）,年代未详,中原大战,https://zh.wikipedia.org/wiki/%E4%B8%AD%E5%8E%9F%E5%A4%A7%E6%88%98,（1930年）,未分级,中原大战 （1930年）
1553,republic_of_china,20,中华民国大陆时期（1912－1949）,康藏边界纠纷 （1930年,康藏边界纠纷,https://zh.wikipedia.org/wiki/%E5%BA%B7%E8%97%8F%E8%BE%B9%E7%95%8C%E7%BA%A0%E7%BA%B7,,未分级,康藏边界纠纷 （1930年－1932年）
1554,republic_of_china,20,中华民国大陆时期（1912－1949）,哈密暴动 （1931年,哈密暴动,https://zh.wikipedia.org/wiki/%E5%93%88%E5%AF%86%E6%9A%B4%E5%8A%A8,,未分级,哈密暴动 （1931年－1934年）
1555,republic_of_china,20,中华民国大陆时期（1912－1949）,九一八事变 （1931年,九一八事变,https://zh.wikipedia.org/wiki/%E4%B9%9D%E4%B8%80%E5%85%AB%E4%BA%8B%E5%8F%98,,未分级,九一八事变 （1931年－1932年）
1556,republic_of_china,20,中华民国大陆时期（1912－1949）,年代未详,一·二八事变,https://zh.wikipedia.org/wiki/%E4%B8%80%C2%B7%E4%BA%8C%E5%85%AB%E4%BA%8B%E5%8F%98,（1932年）,未分级,一·二八事变 （1932年）
1557,republic_of_china,20,中华民国大陆时期（1912－1949）,年代未详,柯尔克孜叛乱,https://zh.wikipedia.org/wiki/%E6%9F%AF%E5%B0%94%E5%85%8B%E5%AD%9C%E5%8F%9B%E4%B9%B1,（1932年）,未分级,柯尔克孜叛乱 （1932年）
1558,republic_of_china,20,中华民国大陆时期（1912－1949）,川军二刘大战 （1932年,川军二刘大战,https://zh.wikipedia.org/wiki/%E5%B7%9D%E5%86%9B%E4%BA%8C%E5%88%98%E5%A4%A7%E6%88%98,,未分级,川军二刘大战 （1932年－1933年）
1559,republic_of_china,20,中华民国大陆时期（1912－1949）,年代未详,闽变,https://zh.wikipedia.org/wiki/%E9%97%BD%E5%8F%98,（1933年）,未分级,闽变 （1933年）
1560,republic_of_china,20,中华民国大陆时期（1912－1949）,年代未详,热河抗战,https://zh.wikipedia.org/wiki/%E7%83%AD%E6%B2%B3%E6%8A%97%E6%88%98,（1933年）,未分级,热河抗战 （1933年）
1561,republic_of_china,20,中华民国大陆时期（1912－1949）,年代未详,长城抗战,https://zh.wikipedia.org/wiki/%E9%95%BF%E5%9F%8E%E6%8A%97%E6%88%98,（1933年）,未分级,长城抗战 （1933年）
1562,republic_of_china,20,中华民国大陆时期（1912－1949）,年代未详,苏联入侵新疆,https://zh.wikipedia.org/wiki/%E8%8B%8F%E8%81%94%E5%85%A5%E4%BE%B5%E6%96%B0%E7%96%86,（1934年） 头屯河战役 （1934年） 达坂城战役 （1934年）,未分级,苏联入侵新疆 （1934年） 头屯河战役 （1934年） 达坂城战役 （1934年）
1563,republic_of_china,20,中华民国大陆时期（1912－1949）,年代未详,头屯河战役,https://zh.wikipedia.org/wiki/%E5%A4%B4%E5%B1%AF%E6%B2%B3%E6%88%98%E5%BD%B9,（1934年）,未分级,头屯河战役 （1934年）
1564,republic_of_china,20,中华民国大陆时期（1912－1949）,年代未详,达坂城战役,https://zh.wikipedia.org/wiki/%E8%BE%BE%E5%9D%82%E5%9F%8E%E6%88%98%E5%BD%B9,（1934年）,未分级,达坂城战役 （1934年）
1565,republic_of_china,20,中华民国大陆时期（1912－1949）,年代未详,婼羌暴动,https://zh.wikipedia.org/wiki/%E5%A9%BC%E7%BE%8C%E6%9A%B4%E5%8A%A8,（1935年）,未分级,婼羌暴动 （1935年）
1566,republic_of_china,20,中华民国大陆时期（1912－1949）,年代未详,绥远抗战,https://zh.wikipedia.org/wiki/%E7%BB%A5%E8%BF%9C%E6%8A%97%E6%88%98,（1936年）,未分级,绥远抗战 （1936年）
1567,republic_of_china,20,中华民国大陆时期（1912－1949）,中国抗日战争 （1931年或1937年,中国抗日战争,https://zh.wikipedia.org/wiki/%E4%B8%AD%E5%9B%BD%E6%8A%97%E6%97%A5%E6%88%98%E4%BA%89,,未分级,中国抗日战争 （1931年或1937年－1945年） 卢沟桥事变 （1937年） 平津作战 （1937年） 太原会战 （1937年） 南口战役 （1937年） 平型关战役 （1937年） 忻口战役 （1937年） 娘子关战役 （1937年） 太原保卫战 （1937年） 淞沪会战 （1937年） 南京战役 （1937年） 徐州会战 （1938年） 台儿庄战役 （ 台儿庄古城 ）（1938年） 兰封会战 （1938年） 武汉会战 （1938年） 万家岭战役 （1938年） 小界岭战役 （1938年） 广州战役 （1938年） 南昌会战 （1939年） 随枣会战 （1939年） 第一次长沙会战 （1939年） 桂南会战 （1939年－1940年） 昆仑关战役 （1939年－1940年） 枣宜会战 （1940年） 百团大战 （1940年） 豫南会战 （1941年） 上高会战 （1941年） 晋南战役 （1941年） 第二次长沙会战 （1941年） 第三次长沙会战 （1941年－1942年） 香港保卫战 （1941年） 滇湎路战役 （1942年） 浙赣战役 （1942年） 鄂西战役 （1943年） 常德会战 （1943年） 滇西缅北战役 （1943年－1945年） 豫湘桂会战 （1944年） 密支那战役 （1944年） 长衡会战 （1944年） 第四次长沙会战 （1944年） 衡阳保卫战 （1944年） 强渡怒江战役 （1944年） 桂柳会战 （1944年） 湘粤赣战役 （1945年） 豫西鄂北会战 （1945年） 湘西会战 （1945年） 桂柳反攻战役 （1945年）
1568,republic_of_china,20,中华民国大陆时期（1912－1949）,年代未详,卢沟桥事变,https://zh.wikipedia.org/wiki/%E4%B8%83%E4%B8%83%E4%BA%8B%E5%8F%98,（1937年）,未分级,卢沟桥事变 （1937年）
1569,republic_of_china,20,中华民国大陆时期（1912－1949）,年代未详,平津作战,https://zh.wikipedia.org/wiki/%E5%B9%B3%E6%B4%A5%E4%BD%9C%E6%88%98,（1937年）,未分级,平津作战 （1937年）
1570,republic_of_china,20,中华民国大陆时期（1912－1949）,年代未详,太原会战,https://zh.wikipedia.org/wiki/%E5%A4%AA%E5%8E%9F%E4%BC%9A%E6%88%98,（1937年） 南口战役 （1937年） 平型关战役 （1937年） 忻口战役 （1937年） 娘子关战役 （1937年） 太原保卫战 （1937年）,未分级,太原会战 （1937年） 南口战役 （1937年） 平型关战役 （1937年） 忻口战役 （1937年） 娘子关战役 （1937年） 太原保卫战 （1937年）
1571,republic_of_china,20,中华民国大陆时期（1912－1949）,年代未详,南口战役,https://zh.wikipedia.org/wiki/%E5%8D%97%E5%8F%A3%E6%88%98%E5%BD%B9,（1937年）,未分级,南口战役 （1937年）
1572,republic_of_china,20,中华民国大陆时期（1912－1949）,年代未详,平型关战役,https://zh.wikipedia.org/wiki/%E5%B9%B3%E5%9E%8B%E5%85%B3%E6%88%98%E5%BD%B9,（1937年）,未分级,平型关战役 （1937年）
1573,republic_of_china,20,中华民国大陆时期（1912－1949）,年代未详,忻口战役,https://zh.wikipedia.org/wiki/%E5%BF%BB%E5%8F%A3%E6%88%98%E5%BD%B9,（1937年）,未分级,忻口战役 （1937年）
1574,republic_of_china,20,中华民国大陆时期（1912－1949）,年代未详,娘子关战役,https://zh.wikipedia.org/wiki/%E5%A8%98%E5%AD%90%E5%85%B3%E6%88%98%E5%BD%B9,（1937年）,未分级,娘子关战役 （1937年）
1575,republic_of_china,20,中华民国大陆时期（1912－1949）,年代未详,太原保卫战,https://zh.wikipedia.org/wiki/%E5%A4%AA%E5%8E%9F%E4%BF%9D%E5%8D%AB%E6%88%98,（1937年）,未分级,太原保卫战 （1937年）
1576,republic_of_china,20,中华民国大陆时期（1912－1949）,年代未详,淞沪会战,https://zh.wikipedia.org/wiki/%E6%B7%9E%E6%B2%AA%E4%BC%9A%E6%88%98,（1937年）,未分级,淞沪会战 （1937年）
1577,republic_of_china,20,中华民国大陆时期（1912－1949）,年代未详,南京战役,https://zh.wikipedia.org/wiki/%E5%8D%97%E4%BA%AC%E6%88%98%E5%BD%B9,（1937年）,未分级,南京战役 （1937年）
1578,republic_of_china,20,中华民国大陆时期（1912－1949）,年代未详,徐州会战,https://zh.wikipedia.org/wiki/%E5%BE%90%E5%B7%9E%E4%BC%9A%E6%88%98,（1938年） 台儿庄战役 （ 台儿庄古城 ）（1938年）,未分级,徐州会战 （1938年） 台儿庄战役 （ 台儿庄古城 ）（1938年）
1579,republic_of_china,20,中华民国大陆时期（1912－1949）,年代未详,台儿庄战役,https://zh.wikipedia.org/wiki/%E5%8F%B0%E5%84%BF%E5%BA%84%E6%88%98%E5%BD%B9,（ 台儿庄古城 ）（1938年）,未分级,台儿庄战役 （ 台儿庄古城 ）（1938年）
1580,republic_of_china,20,中华民国大陆时期（1912－1949）,年代未详,兰封会战,https://zh.wikipedia.org/wiki/%E5%85%B0%E5%B0%81%E4%BC%9A%E6%88%98,（1938年）,未分级,兰封会战 （1938年）
1581,republic_of_china,20,中华民国大陆时期（1912－1949）,年代未详,武汉会战,https://zh.wikipedia.org/wiki/%E6%AD%A6%E6%B1%89%E4%BC%9A%E6%88%98,（1938年） 万家岭战役 （1938年） 小界岭战役 （1938年）,未分级,武汉会战 （1938年） 万家岭战役 （1938年） 小界岭战役 （1938年）
1582,republic_of_china,20,中华民国大陆时期（1912－1949）,年代未详,万家岭战役,https://zh.wikipedia.org/wiki/%E4%B8%87%E5%AE%B6%E5%B2%AD%E6%88%98%E5%BD%B9,（1938年）,未分级,万家岭战役 （1938年）
1583,republic_of_china,20,中华民国大陆时期（1912－1949）,年代未详,小界岭战役,https://zh.wikipedia.org/wiki/%E5%B0%8F%E7%95%8C%E5%B2%AD%E6%88%98%E5%BD%B9,（1938年）,未分级,小界岭战役 （1938年）
1584,republic_of_china,20,中华民国大陆时期（1912－1949）,年代未详,广州战役,https://zh.wikipedia.org/wiki/%E5%B9%BF%E5%B7%9E%E6%88%98%E5%BD%B9,（1938年）,未分级,广州战役 （1938年）
1585,republic_of_china,20,中华民国大陆时期（1912－1949）,年代未详,南昌会战,https://zh.wikipedia.org/wiki/%E5%8D%97%E6%98%8C%E4%BC%9A%E6%88%98,（1939年）,未分级,南昌会战 （1939年）
1586,republic_of_china,20,中华民国大陆时期（1912－1949）,年代未详,随枣会战,https://zh.wikipedia.org/wiki/%E9%9A%8F%E6%9E%A3%E4%BC%9A%E6%88%98,（1939年）,未分级,随枣会战 （1939年）
1587,republic_of_china,20,中华民国大陆时期（1912－1949）,年代未详,第一次长沙会战,https://zh.wikipedia.org/wiki/%E7%AC%AC%E4%B8%80%E6%AC%A1%E9%95%BF%E6%B2%99%E4%BC%9A%E6%88%98,（1939年）,未分级,第一次长沙会战 （1939年）
1588,republic_of_china,20,中华民国大陆时期（1912－1949）,桂南会战 （1939年,桂南会战,https://zh.wikipedia.org/wiki/%E6%A1%82%E5%8D%97%E4%BC%9A%E6%88%98,,未分级,桂南会战 （1939年－1940年） 昆仑关战役 （1939年－1940年）
1589,republic_of_china,20,中华民国大陆时期（1912－1949）,昆仑关战役 （1939年,昆仑关战役,https://zh.wikipedia.org/wiki/%E6%98%86%E4%BB%91%E5%85%B3%E6%88%98%E5%BD%B9,,未分级,昆仑关战役 （1939年－1940年）
1590,republic_of_china,20,中华民国大陆时期（1912－1949）,年代未详,枣宜会战,https://zh.wikipedia.org/wiki/%E6%9E%A3%E5%AE%9C%E4%BC%9A%E6%88%98,（1940年）,未分级,枣宜会战 （1940年）
1591,republic_of_china,20,中华民国大陆时期（1912－1949）,年代未详,百团大战,https://zh.wikipedia.org/wiki/%E7%99%BE%E5%9B%A2%E5%A4%A7%E6%88%98,（1940年）,未分级,百团大战 （1940年）
1592,republic_of_china,20,中华民国大陆时期（1912－1949）,年代未详,豫南会战,https://zh.wikipedia.org/wiki/%E8%B1%AB%E5%8D%97%E4%BC%9A%E6%88%98,（1941年）,未分级,豫南会战 （1941年）
1593,republic_of_china,20,中华民国大陆时期（1912－1949）,年代未详,上高会战,https://zh.wikipedia.org/wiki/%E4%B8%8A%E9%AB%98%E4%BC%9A%E6%88%98,（1941年）,未分级,上高会战 （1941年）
1594,republic_of_china,20,中华民国大陆时期（1912－1949）,年代未详,晋南战役,https://zh.wikipedia.org/wiki/%E6%99%8B%E5%8D%97%E6%88%98%E5%BD%B9,（1941年）,未分级,晋南战役 （1941年）
1595,republic_of_china,20,中华民国大陆时期（1912－1949）,年代未详,第二次长沙会战,https://zh.wikipedia.org/wiki/%E7%AC%AC%E4%BA%8C%E6%AC%A1%E9%95%BF%E6%B2%99%E4%BC%9A%E6%88%98,（1941年）,未分级,第二次长沙会战 （1941年）
1596,republic_of_china,20,中华民国大陆时期（1912－1949）,第三次长沙会战 （1941年,第三次长沙会战,https://zh.wikipedia.org/wiki/%E7%AC%AC%E4%B8%89%E6%AC%A1%E9%95%BF%E6%B2%99%E4%BC%9A%E6%88%98,,未分级,第三次长沙会战 （1941年－1942年）
1597,republic_of_china,20,中华民国大陆时期（1912－1949）,年代未详,香港保卫战,https://zh.wikipedia.org/wiki/%E9%A6%99%E6%B8%AF%E4%BF%9D%E5%8D%AB%E6%88%98,（1941年）,未分级,香港保卫战 （1941年）
1598,republic_of_china,20,中华民国大陆时期（1912－1949）,年代未详,滇湎路战役,https://zh.wikipedia.org/wiki/%E6%BB%87%E6%B9%8E%E8%B7%AF%E6%88%98%E5%BD%B9,（1942年）,未分级,滇湎路战役 （1942年）
1599,republic_of_china,20,中华民国大陆时期（1912－1949）,年代未详,浙赣战役,https://zh.wikipedia.org/wiki/%E6%B5%99%E8%B5%A3%E6%88%98%E5%BD%B9,（1942年）,未分级,浙赣战役 （1942年）
1600,republic_of_china,20,中华民国大陆时期（1912－1949）,年代未详,鄂西战役,https://zh.wikipedia.org/wiki/%E9%84%82%E8%A5%BF%E6%88%98%E5%BD%B9,（1943年）,未分级,鄂西战役 （1943年）
1601,republic_of_china,20,中华民国大陆时期（1912－1949）,年代未详,常德会战,https://zh.wikipedia.org/wiki/%E5%B8%B8%E5%BE%B7%E4%BC%9A%E6%88%98,（1943年）,未分级,常德会战 （1943年）
1602,republic_of_china,20,中华民国大陆时期（1912－1949）,滇西缅北战役 （1943年,滇西缅北战役,https://zh.wikipedia.org/wiki/%E6%BB%87%E8%A5%BF%E7%BC%85%E5%8C%97%E6%88%98%E5%BD%B9,,未分级,滇西缅北战役 （1943年－1945年）
1603,republic_of_china,20,中华民国大陆时期（1912－1949）,年代未详,豫湘桂会战,https://zh.wikipedia.org/wiki/%E8%B1%AB%E6%B9%98%E6%A1%82%E4%BC%9A%E6%88%98,（1944年）,未分级,豫湘桂会战 （1944年）
1604,republic_of_china,20,中华民国大陆时期（1912－1949）,年代未详,密支那战役,https://zh.wikipedia.org/wiki/%E5%AF%86%E6%94%AF%E9%82%A3%E6%88%98%E5%BD%B9,（1944年）,未分级,密支那战役 （1944年）
1605,republic_of_china,20,中华民国大陆时期（1912－1949）,年代未详,长衡会战,https://zh.wikipedia.org/wiki/%E9%95%BF%E8%A1%A1%E4%BC%9A%E6%88%98,（1944年）,未分级,长衡会战 （1944年）
1606,republic_of_china,20,中华民国大陆时期（1912－1949）,年代未详,第四次长沙会战,https://zh.wikipedia.org/wiki/%E7%AC%AC%E5%9B%9B%E6%AC%A1%E9%95%BF%E6%B2%99%E4%BC%9A%E6%88%98,（1944年）,未分级,第四次长沙会战 （1944年）
1607,republic_of_china,20,中华民国大陆时期（1912－1949）,年代未详,衡阳保卫战,https://zh.wikipedia.org/wiki/%E8%A1%A1%E9%98%B3%E4%BF%9D%E5%8D%AB%E6%88%98,（1944年）,未分级,衡阳保卫战 （1944年）
1608,republic_of_china,20,中华民国大陆时期（1912－1949）,年代未详,强渡怒江战役,https://zh.wikipedia.org/wiki/%E5%BC%BA%E6%B8%A1%E6%80%92%E6%B1%9F%E6%88%98%E5%BD%B9,（1944年）,未分级,强渡怒江战役 （1944年）
1609,republic_of_china,20,中华民国大陆时期（1912－1949）,年代未详,桂柳会战,https://zh.wikipedia.org/wiki/%E6%A1%82%E6%9F%B3%E4%BC%9A%E6%88%98,（1944年）,未分级,桂柳会战 （1944年）
1610,republic_of_china,20,中华民国大陆时期（1912－1949）,年代未详,湘粤赣战役,https://zh.wikipedia.org/wiki/%E6%B9%98%E7%B2%A4%E8%B5%A3%E6%88%98%E5%BD%B9,（1945年）,未分级,湘粤赣战役 （1945年）
1611,republic_of_china,20,中华民国大陆时期（1912－1949）,年代未详,豫西鄂北会战,https://zh.wikipedia.org/wiki/%E8%B1%AB%E8%A5%BF%E9%84%82%E5%8C%97%E4%BC%9A%E6%88%98,（1945年）,未分级,豫西鄂北会战 （1945年）
1612,republic_of_china,20,中华民国大陆时期（1912－1949）,年代未详,湘西会战,https://zh.wikipedia.org/wiki/%E6%B9%98%E8%A5%BF%E4%BC%9A%E6%88%98,（1945年）,未分级,湘西会战 （1945年）
1613,republic_of_china,20,中华民国大陆时期（1912－1949）,年代未详,桂柳反攻战役,https://zh.wikipedia.org/wiki/%E6%A1%82%E6%9F%B3%E5%8F%8D%E6%94%BB%E4%BD%9C%E6%88%B0,（1945年）,未分级,桂柳反攻战役 （1945年）
1614,republic_of_china,20,中华民国大陆时期（1912－1949）,国共摩擦 （1937年,国共摩擦,https://zh.wikipedia.org/wiki/%E5%9C%8B%E5%85%B1%E6%91%A9%E6%93%A6,,未分级,国共摩擦 （1937年－1945年） 晋西事变 （1939年） 黄桥战役 （1940年） 皖南事变 （1941年）
1615,republic_of_china,20,中华民国大陆时期（1912－1949）,年代未详,晋西事变,https://zh.wikipedia.org/wiki/%E6%99%8B%E8%A5%BF%E4%BA%8B%E5%8F%98,（1939年）,未分级,晋西事变 （1939年）
1616,republic_of_china,20,中华民国大陆时期（1912－1949）,年代未详,黄桥战役,https://zh.wikipedia.org/wiki/%E9%BB%84%E6%A1%A5%E6%88%98%E5%BD%B9,（1940年）,未分级,黄桥战役 （1940年）
1617,republic_of_china,20,中华民国大陆时期（1912－1949）,年代未详,皖南事变,https://zh.wikipedia.org/wiki/%E7%9A%96%E5%8D%97%E4%BA%8B%E5%8F%98,（1941年）,未分级,皖南事变 （1941年）
1618,republic_of_china,20,中华民国大陆时期（1912－1949）,伊宁事变 （1944年,伊宁事变,https://zh.wikipedia.org/wiki/%E4%BC%8A%E5%AE%81%E4%BA%8B%E5%8F%98,,未分级,伊宁事变 （1944年－1946年）
1619,republic_of_china,20,中华民国大陆时期（1912－1949）,年代未详,苏日战争,https://zh.wikipedia.org/wiki/%E5%85%AB%E6%9C%88%E9%A3%8E%E6%9A%B4%E8%A1%8C%E5%8A%A8,（1945年）,未分级,苏日战争 （1945年）
1620,republic_of_china,20,中华民国大陆时期（1912－1949）,第二次国共内战 （1945年至1949年） 1945年国共冲突 （1945年） 上党战役 （1945年） 中原突围 （1946年） 苏中战役 （1946年） 大同集宁战役 （1946年） 定陶战役 （1946年） 巨野战役 （1946年） 第二次四平战役 （1946年） 临江战役 （1946年,第二次国共内战,https://zh.wikipedia.org/wiki/%E7%AC%AC%E4%BA%8C%E6%AC%A1%E5%9B%BD%E5%85%B1%E5%86%85%E6%88%98,,未分级,第二次国共内战 （1945年至1949年） 1945年国共冲突 （1945年） 上党战役 （1945年） 中原突围 （1946年） 苏中战役 （1946年） 大同集宁战役 （1946年） 定陶战役 （1946年） 巨野战役 （1946年） 第二次四平战役 （1946年） 临江战役 （1946年－1947年） 陕北战役 （1947年） 孟良崮战役 （1947年） 南麻战役 （1947年） 运城战役 （1947年） 东北1947年夏季战役 （1947年） 东北1947年秋季战役 （1947年） 东北1947年冬季战役 （1947年） 莱阳战役 （1947年） 北塔山事件 （1947年） 豫东战役 （1948年） 长春围困战 （1948年） 济南战役 （1948年） 辽沈战役/辽西会战 （1948年） 锦州战役 （1948年） 塔山战役 （1948年） 黑山阻击战 （1948年） 淮海战役/徐蚌会战 （ 淮海战役纪念馆 ）（1948年－1949年） 双堆集战役 （1948年） 平津战役/平津会战 （1948年－1949年） 太原战役 （1948年） 渡江战役 （1949年） 上海战役 （1949年） 衡宝战役 （1949年）
1621,republic_of_china,20,中华民国大陆时期（1912－1949）,年代未详,1945年国共冲突,https://zh.wikipedia.org/wiki/1945%E5%B9%B4%E5%9B%BD%E5%85%B1%E5%86%B2%E7%AA%81,（1945年） 上党战役 （1945年）,未分级,1945年国共冲突 （1945年） 上党战役 （1945年）
1622,republic_of_china,20,中华民国大陆时期（1912－1949）,年代未详,上党战役,https://zh.wikipedia.org/wiki/%E4%B8%8A%E5%85%9A%E6%88%98%E5%BD%B9,（1945年）,未分级,上党战役 （1945年）
1623,republic_of_china,20,中华民国大陆时期（1912－1949）,年代未详,中原突围,https://zh.wikipedia.org/wiki/%E4%B8%AD%E5%8E%9F%E7%AA%81%E5%9B%B4,（1946年）,未分级,中原突围 （1946年）
1624,republic_of_china,20,中华民国大陆时期（1912－1949）,年代未详,苏中战役,https://zh.wikipedia.org/wiki/%E8%8B%8F%E4%B8%AD%E6%88%98%E5%BD%B9,（1946年）,未分级,苏中战役 （1946年）
1625,republic_of_china,20,中华民国大陆时期（1912－1949）,年代未详,大同集宁战役,https://zh.wikipedia.org/wiki/%E5%A4%A7%E5%90%8C%E9%9B%86%E5%AE%81%E6%88%98%E5%BD%B9,（1946年）,未分级,大同集宁战役 （1946年）
1626,republic_of_china,20,中华民国大陆时期（1912－1949）,年代未详,定陶战役,https://zh.wikipedia.org/wiki/%E5%AE%9A%E9%99%B6%E6%88%98%E5%BD%B9,（1946年）,未分级,定陶战役 （1946年）
1627,republic_of_china,20,中华民国大陆时期（1912－1949）,年代未详,巨野战役,https://zh.wikipedia.org/wiki/%E5%B7%A8%E9%87%8E%E6%88%98%E5%BD%B9,（1946年）,未分级,巨野战役 （1946年）
1628,republic_of_china,20,中华民国大陆时期（1912－1949）,年代未详,第二次四平战役,https://zh.wikipedia.org/wiki/%E7%AC%AC%E4%BA%8C%E6%AC%A1%E5%9B%9B%E5%B9%B3%E6%88%98%E5%BD%B9,（1946年）,未分级,第二次四平战役 （1946年）
1629,republic_of_china,20,中华民国大陆时期（1912－1949）,临江战役 （1946年,临江战役,https://zh.wikipedia.org/wiki/%E4%B8%B4%E6%B1%9F%E6%88%98%E5%BD%B9,,未分级,临江战役 （1946年－1947年）
1630,republic_of_china,20,中华民国大陆时期（1912－1949）,年代未详,陕北战役,https://zh.wikipedia.org/wiki/%E9%99%95%E5%8C%97%E6%88%98%E5%BD%B9,（1947年）,未分级,陕北战役 （1947年）
1631,republic_of_china,20,中华民国大陆时期（1912－1949）,年代未详,孟良崮战役,https://zh.wikipedia.org/wiki/%E5%AD%9F%E8%89%AF%E5%B4%AE%E6%88%98%E5%BD%B9,（1947年）,未分级,孟良崮战役 （1947年）
1632,republic_of_china,20,中华民国大陆时期（1912－1949）,年代未详,南麻战役,https://zh.wikipedia.org/wiki/%E5%8D%97%E9%BA%BB%E6%88%B0%E5%BD%B9,（1947年）,未分级,南麻战役 （1947年）
1633,republic_of_china,20,中华民国大陆时期（1912－1949）,年代未详,运城战役,https://zh.wikipedia.org/wiki/%E8%BF%90%E5%9F%8E%E6%88%98%E5%BD%B9,（1947年）,未分级,运城战役 （1947年）
1634,republic_of_china,20,中华民国大陆时期（1912－1949）,年代未详,东北1947年夏季战役,https://zh.wikipedia.org/wiki/%E4%B8%9C%E5%8C%971947%E5%B9%B4%E5%A4%8F%E5%AD%A3%E6%88%98%E5%BD%B9,（1947年）,未分级,东北1947年夏季战役 （1947年）
1635,republic_of_china,20,中华民国大陆时期（1912－1949）,年代未详,东北1947年秋季战役,https://zh.wikipedia.org/wiki/%E4%B8%9C%E5%8C%971947%E5%B9%B4%E7%A7%8B%E5%AD%A3%E6%88%98%E5%BD%B9,（1947年）,未分级,东北1947年秋季战役 （1947年）
1636,republic_of_china,20,中华民国大陆时期（1912－1949）,年代未详,东北1947年冬季战役,https://zh.wikipedia.org/wiki/%E4%B8%9C%E5%8C%971947%E5%B9%B4%E5%86%AC%E5%AD%A3%E6%88%98%E5%BD%B9,（1947年）,未分级,东北1947年冬季战役 （1947年）
1637,republic_of_china,20,中华民国大陆时期（1912－1949）,年代未详,莱阳战役,https://zh.wikipedia.org/wiki/%E8%8E%B1%E9%98%B3%E6%88%98%E5%BD%B9,（1947年）,未分级,莱阳战役 （1947年）
1638,republic_of_china,20,中华民国大陆时期（1912－1949）,年代未详,北塔山事件,https://zh.wikipedia.org/wiki/%E5%8C%97%E5%A1%94%E5%B1%B1%E4%BA%8B%E4%BB%B6,（1947年）,未分级,北塔山事件 （1947年）
1639,republic_of_china,20,中华民国大陆时期（1912－1949）,年代未详,豫东战役,https://zh.wikipedia.org/wiki/%E8%B1%AB%E4%B8%9C%E6%88%98%E5%BD%B9,（1948年）,未分级,豫东战役 （1948年）
1640,republic_of_china,20,中华民国大陆时期（1912－1949）,年代未详,长春围困战,https://zh.wikipedia.org/wiki/%E9%95%BF%E6%98%A5%E5%9B%B4%E5%9B%B0%E6%88%98,（1948年）,未分级,长春围困战 （1948年）
1641,republic_of_china,20,中华民国大陆时期（1912－1949）,年代未详,济南战役,https://zh.wikipedia.org/wiki/%E6%B5%8E%E5%8D%97%E6%88%98%E5%BD%B9,（1948年）,未分级,济南战役 （1948年）
1642,republic_of_china,20,中华民国大陆时期（1912－1949）,年代未详,辽沈战役/辽西会战,https://zh.wikipedia.org/wiki/%E8%BE%BD%E6%B2%88%E6%88%98%E5%BD%B9,（1948年） 锦州战役 （1948年） 塔山战役 （1948年） 黑山阻击战 （1948年）,未分级,辽沈战役/辽西会战 （1948年） 锦州战役 （1948年） 塔山战役 （1948年） 黑山阻击战 （1948年）
1643,republic_of_china,20,中华民国大陆时期（1912－1949）,年代未详,锦州战役,https://zh.wikipedia.org/wiki/%E9%94%A6%E5%B7%9E%E6%88%98%E5%BD%B9,（1948年）,未分级,锦州战役 （1948年）
1644,republic_of_china,20,中华民国大陆时期（1912－1949）,年代未详,塔山战役,https://zh.wikipedia.org/wiki/%E5%A1%94%E5%B1%B1%E6%88%98%E5%BD%B9,（1948年）,未分级,塔山战役 （1948年）
1645,republic_of_china,20,中华民国大陆时期（1912－1949）,年代未详,黑山阻击战,https://zh.wikipedia.org/wiki/%E9%BB%91%E5%B1%B1%E9%98%BB%E5%87%BB%E6%88%98,（1948年）,未分级,黑山阻击战 （1948年）
1646,republic_of_china,20,中华民国大陆时期（1912－1949）,淮海战役/徐蚌会战 （ 淮海战役纪念馆 ）（1948年,淮海战役/徐蚌会战,https://zh.wikipedia.org/wiki/%E6%B7%AE%E6%B5%B7%E6%88%98%E5%BD%B9,,未分级,淮海战役/徐蚌会战 （ 淮海战役纪念馆 ）（1948年－1949年） 双堆集战役 （1948年）
1647,republic_of_china,20,中华民国大陆时期（1912－1949）,年代未详,双堆集战役,https://zh.wikipedia.org/wiki/%E5%8F%8C%E5%A0%86%E9%9B%86%E6%88%98%E5%BD%B9,（1948年）,未分级,双堆集战役 （1948年）
1648,republic_of_china,20,中华民国大陆时期（1912－1949）,平津战役/平津会战 （1948年,平津战役/平津会战,https://zh.wikipedia.org/wiki/%E5%B9%B3%E6%B4%A5%E6%88%98%E5%BD%B9,,未分级,平津战役/平津会战 （1948年－1949年）
1649,republic_of_china,20,中华民国大陆时期（1912－1949）,年代未详,太原战役,https://zh.wikipedia.org/wiki/%E5%A4%AA%E5%8E%9F%E6%88%B0%E5%BD%B9,（1948年）,未分级,太原战役 （1948年）
1650,republic_of_china,20,中华民国大陆时期（1912－1949）,年代未详,渡江战役,https://zh.wikipedia.org/wiki/%E6%B8%A1%E6%B1%9F%E6%88%98%E5%BD%B9,（1949年） 上海战役 （1949年）,未分级,渡江战役 （1949年） 上海战役 （1949年）
1651,republic_of_china,20,中华民国大陆时期（1912－1949）,年代未详,上海战役,https://zh.wikipedia.org/wiki/%E4%B8%8A%E6%B5%B7%E6%88%98%E5%BD%B9,（1949年）,未分级,上海战役 （1949年）
1652,republic_of_china,20,中华民国大陆时期（1912－1949）,年代未详,衡宝战役,https://zh.wikipedia.org/wiki/%E8%A1%A1%E5%AE%9D%E6%88%98%E5%BD%B9,（1949年）,未分级,衡宝战役 （1949年）
1653,prc,21,中华人民共和国参与的战争（1949年10月－至今）,年代未详,广西战役,https://zh.wikipedia.org/wiki/%E5%B9%BF%E8%A5%BF%E6%88%98%E5%BD%B9,（1949年）,未分级,广西战役 （1949年）
1654,prc,21,中华人民共和国参与的战争（1949年10月－至今）,年代未详,厦门战役,https://zh.wikipedia.org/wiki/%E5%8E%A6%E9%97%A8%E6%88%98%E5%BD%B9_(1949%E5%B9%B4),（1949年）,未分级,厦门战役 （1949年）
1655,prc,21,中华人民共和国参与的战争（1949年10月－至今）,年代未详,金门战役,https://zh.wikipedia.org/wiki/%E9%87%91%E9%97%A8%E6%88%98%E5%BD%B9,（1949年）,未分级,金门战役 （1949年）
1656,prc,21,中华人民共和国参与的战争（1949年10月－至今）,年代未详,登步岛战役,https://zh.wikipedia.org/wiki/%E7%99%BB%E6%AD%A5%E5%B3%B6%E6%88%B0%E5%BD%B9,（1949年）,未分级,登步岛战役 （1949年）
1657,prc,21,中华人民共和国参与的战争（1949年10月－至今）,年代未详,南泉战役,https://zh.wikipedia.org/wiki/%E5%8D%97%E6%B3%89%E6%88%98%E5%BD%B9,（1949年）,未分级,南泉战役 （1949年）
1658,prc,21,中华人民共和国参与的战争（1949年10月－至今）,年代未详,成都战役,https://zh.wikipedia.org/wiki/%E6%88%90%E9%83%BD%E6%88%98%E5%BD%B9,（1949年）,未分级,成都战役 （1949年）
1659,prc,21,中华人民共和国参与的战争（1949年10月－至今）,年代未详,海南岛战役,https://zh.wikipedia.org/wiki/%E6%B5%B7%E5%8D%97%E5%B3%B6%E6%88%B0%E5%BD%B9,（1950年）,未分级,海南岛战役 （1950年）
1660,prc,21,中华人民共和国参与的战争（1949年10月－至今）,年代未详,昌都战役,https://zh.wikipedia.org/wiki/%E6%98%8C%E9%83%BD%E6%88%98%E5%BD%B9,（1950年）,未分级,昌都战役 （1950年）
1661,prc,21,中华人民共和国参与的战争（1949年10月－至今）,年代未详,万山群岛战役,https://zh.wikipedia.org/wiki/%E4%B8%87%E5%B1%B1%E7%BE%A4%E5%B2%9B%E6%88%98%E5%BD%B9,（1950年）,未分级,万山群岛战役 （1950年）
1662,prc,21,中华人民共和国参与的战争（1949年10月－至今）,年代未详,九三炮战,https://zh.wikipedia.org/wiki/%E4%B9%9D%E4%B8%89%E7%82%AE%E6%88%98,（1954年）,未分级,九三炮战 （1954年）
1663,prc,21,中华人民共和国参与的战争（1949年10月－至今）,年代未详,一江山岛战役,https://zh.wikipedia.org/wiki/%E4%B8%80%E6%B1%9F%E5%B1%B1%E5%B2%9B%E6%88%98%E5%BD%B9,（1955年）,未分级,一江山岛战役 （1955年）
1664,prc,21,中华人民共和国参与的战争（1949年10月－至今）,年代未详,金门炮战,https://zh.wikipedia.org/wiki/%E9%87%91%E9%97%A8%E7%82%AE%E6%88%98,（1958年）,未分级,金门炮战 （1958年）
1665,prc,21,中华人民共和国参与的战争（1949年10月－至今）,年代未详,九二海战,https://zh.wikipedia.org/wiki/%E4%B9%9D%E4%BA%8C%E6%B5%B7%E6%88%B0,（1958年）,未分级,九二海战 （1958年）
1666,prc,21,中华人民共和国参与的战争（1949年10月－至今）,年代未详,八六海战,https://zh.wikipedia.org/wiki/%E5%85%AB%E5%85%AD%E6%B5%B7%E6%88%B0,（1965年）,未分级,八六海战 （1965年）
1667,prc,21,中华人民共和国参与的战争（1949年10月－至今）,年代未详,东引海战,https://zh.wikipedia.org/wiki/%E6%9D%B1%E5%BC%95%E6%B5%B7%E6%88%B0,（1965年）,未分级,东引海战 （1965年）
1668,prc,21,中华人民共和国参与的战争（1949年10月－至今）,年代未详,乌坵海战,https://zh.wikipedia.org/wiki/%E7%83%8F%E5%9D%B5%E6%B5%B7%E6%88%B0,（1965年）,未分级,乌坵海战 （1965年）
1669,prc,21,中华人民共和国参与的战争（1949年10月－至今）,年代未详,抗美援朝第一次战役,https://zh.wikipedia.org/wiki/%E6%8A%97%E7%BE%8E%E6%8F%B4%E6%9C%9D%E7%AC%AC%E4%B8%80%E6%AC%A1%E6%88%98%E5%BD%B9,（1950年）,未分级,抗美援朝第一次战役 （1950年）
1670,prc,21,中华人民共和国参与的战争（1949年10月－至今）,年代未详,抗美援朝第二次战役,https://zh.wikipedia.org/wiki/%E6%8A%97%E7%BE%8E%E6%8F%B4%E6%9C%9D%E7%AC%AC%E4%BA%8C%E6%AC%A1%E6%88%98%E5%BD%B9,（1950年）,未分级,抗美援朝第二次战役 （1950年）
1671,prc,21,中华人民共和国参与的战争（1949年10月－至今）,年代未详,清川江战役,https://zh.wikipedia.org/wiki/%E6%B8%85%E5%B7%9D%E6%B1%9F%E6%88%B0%E5%BD%B9,（1950年）,未分级,清川江战役 （1950年）
1672,prc,21,中华人民共和国参与的战争（1949年10月－至今）,年代未详,长津湖战役,https://zh.wikipedia.org/wiki/%E9%95%BF%E6%B4%A5%E6%B9%96%E6%88%98%E5%BD%B9,（1950年）,未分级,长津湖战役 （1950年）
1673,prc,21,中华人民共和国参与的战争（1949年10月－至今）,年代未详,元山战役,https://zh.wikipedia.org/wiki/%E5%85%83%E5%B1%B1%E6%88%B0%E5%BD%B9,(1950年),未分级,元山战役 (1950年)
1674,prc,21,中华人民共和国参与的战争（1949年10月－至今）,抗美援朝第三次战役 （1950年,抗美援朝第三次战役,https://zh.wikipedia.org/wiki/%E6%8A%97%E7%BE%8E%E6%8F%B4%E6%9C%9D%E7%AC%AC%E4%B8%89%E6%AC%A1%E6%88%98%E5%BD%B9,,未分级,抗美援朝第三次战役 （1950年－1951年）
1675,prc,21,中华人民共和国参与的战争（1949年10月－至今）,第三次汉城战役 （1950年,第三次汉城战役,https://zh.wikipedia.org/wiki/%E7%AC%AC%E4%B8%89%E6%AC%A1%E6%B1%89%E5%9F%8E%E6%88%98%E5%BD%B9,,未分级,第三次汉城战役 （1950年－1951年）
1676,prc,21,中华人民共和国参与的战争（1949年10月－至今）,年代未详,第一次与第二次原州战役,https://zh.wikipedia.org/wiki/%E7%AC%AC%E4%B8%80%E6%AC%A1%E8%88%87%E7%AC%AC%E4%BA%8C%E6%AC%A1%E5%8E%9F%E5%B7%9E%E6%88%B0%E5%BD%B9,（1951年）,未分级,第一次与第二次原州战役 （1951年）
1677,prc,21,中华人民共和国参与的战争（1949年10月－至今）,年代未详,抗美援朝第四次战役,https://zh.wikipedia.org/wiki/%E6%8A%97%E7%BE%8E%E6%8F%B4%E6%9C%9D%E7%AC%AC%E5%9B%9B%E6%AC%A1%E6%88%98%E5%BD%B9,（1951年）,未分级,抗美援朝第四次战役 （1951年）
1678,prc,21,中华人民共和国参与的战争（1949年10月－至今）,年代未详,横城战斗,https://zh.wikipedia.org/wiki/%E6%A8%AA%E5%9F%8E%E6%88%98%E6%96%97,（1951年）,未分级,横城战斗 （1951年）
1679,prc,21,中华人民共和国参与的战争（1949年10月－至今）,年代未详,砥平里战役,https://zh.wikipedia.org/wiki/%E7%A0%A5%E5%B9%B3%E9%87%8C%E6%88%98%E5%BD%B9,（1951年）,未分级,砥平里战役 （1951年）
1680,prc,21,中华人民共和国参与的战争（1949年10月－至今）,年代未详,抗美援朝第五次战役,https://zh.wikipedia.org/wiki/%E6%8A%97%E7%BE%8E%E6%8F%B4%E6%9C%9D%E7%AC%AC%E4%BA%94%E6%AC%A1%E6%88%98%E5%BD%B9,（1951年）,未分级,抗美援朝第五次战役 （1951年）
1681,prc,21,中华人民共和国参与的战争（1949年10月－至今）,年代未详,三角高地战役,https://zh.wikipedia.org/wiki/%E4%B8%89%E8%A7%92%E9%AB%98%E5%9C%B0%E6%88%B0%E5%BD%B9,（1952年）,未分级,三角高地战役 （1952年）
1682,prc,21,中华人民共和国参与的战争（1949年10月－至今）,年代未详,金城战役,https://zh.wikipedia.org/wiki/%E9%87%91%E5%9F%8E%E6%88%98%E5%BD%B9,（1953年）,未分级,金城战役 （1953年）
1683,prc,21,中华人民共和国参与的战争（1949年10月－至今）,西北剿匪 （1950年,西北剿匪,https://zh.wikipedia.org/wiki/%E8%A5%BF%E5%8C%97%E5%89%BF%E5%8C%AA,,未分级,西北剿匪 （1950年－1958年）
1684,prc,21,中华人民共和国参与的战争（1949年10月－至今）,年代未详,1959年藏区骚乱,https://zh.wikipedia.org/wiki/1959%E5%B9%B4%E8%97%8F%E5%8C%BA%E9%AA%9A%E4%B9%B1,（1959年）,未分级,1959年藏区骚乱 （1959年）
1685,prc,21,中华人民共和国参与的战争（1949年10月－至今）,中缅边境作战 （1960年,中缅边境作战,https://zh.wikipedia.org/wiki/%E4%B8%AD%E7%B7%AC%E9%82%8A%E5%A2%83%E4%BD%9C%E6%88%B0,,未分级,中缅边境作战 （1960年－1962年）
1686,prc,21,中华人民共和国参与的战争（1949年10月－至今）,年代未详,西沙海战,https://zh.wikipedia.org/wiki/%E8%A5%BF%E6%B2%99%E6%B5%B7%E6%88%98,（1974年）,未分级,西沙海战 （1974年）
1687,prc,21,中华人民共和国参与的战争（1949年10月－至今）,年代未详,西山口之战,https://zh.wikipedia.org/wiki/%E8%A5%BF%E5%B1%B1%E5%8F%A3%E4%B9%8B%E6%88%98,（1962年）,未分级,西山口之战 （1962年）
1688,prc,21,中华人民共和国参与的战争（1949年10月－至今）,年代未详,瓦弄地区反击战,https://zh.wikipedia.org/wiki/%E7%93%A6%E5%BC%84%E5%9C%B0%E5%8C%BA%E5%8F%8D%E5%87%BB%E6%88%98,（1962年）,未分级,瓦弄地区反击战 （1962年）
1689,prc,21,中华人民共和国参与的战争（1949年10月－至今）,年代未详,里米金之战,https://zh.wikipedia.org/wiki/%E9%87%8C%E7%B1%B3%E9%87%91%E4%B9%8B%E6%88%98,（1962年）,未分级,里米金之战 （1962年）
1690,prc,21,中华人民共和国参与的战争（1949年10月－至今）,年代未详,都登地区作战,https://zh.wikipedia.org/wiki/%E9%83%BD%E7%99%BB%E5%9C%B0%E5%8C%BA%E4%BD%9C%E6%88%98,（1962年）,未分级,都登地区作战 （1962年）
1691,prc,21,中华人民共和国参与的战争（1949年10月－至今）,年代未详,班公洛地区反击战,https://zh.wikipedia.org/wiki/%E7%8F%AD%E5%85%AC%E6%B4%9B%E5%9C%B0%E5%8C%BA%E5%8F%8D%E5%87%BB%E6%88%98,（1962年）,未分级,班公洛地区反击战 （1962年）
1692,prc,21,中华人民共和国参与的战争（1949年10月－至今）,年代未详,珍宝岛事件,https://zh.wikipedia.org/wiki/%E7%8F%8D%E5%AE%9D%E5%B2%9B%E4%BA%8B%E4%BB%B6,（1969年）,未分级,珍宝岛事件 （1969年）
1693,prc,21,中华人民共和国参与的战争（1949年10月－至今）,年代未详,铁列克提事件,https://zh.wikipedia.org/wiki/%E9%93%81%E5%88%97%E5%85%8B%E6%8F%90%E4%BA%8B%E4%BB%B6,（1969年）,未分级,铁列克提事件 （1969年）
1694,prc,21,中华人民共和国参与的战争（1949年10月－至今）,年代未详,西沙海战,https://zh.wikipedia.org/wiki/%E8%A5%BF%E6%B2%99%E6%B5%B7%E6%88%98,（1974年）,未分级,西沙海战 （1974年）
1695,prc,21,中华人民共和国参与的战争（1949年10月－至今）,年代未详,谅山战役,https://zh.wikipedia.org/wiki/%E8%B0%85%E5%B1%B1%E6%88%98%E5%BD%B9_(1979%E5%B9%B4),（1979年）,未分级,谅山战役 （1979年）
1696,prc,21,中华人民共和国参与的战争（1949年10月－至今）,年代未详,两山战役,https://zh.wikipedia.org/wiki/%E4%B8%A4%E5%B1%B1%E6%88%98%E5%BD%B9,（1979年）,未分级,两山战役 （1979年）
1697,prc,21,中华人民共和国参与的战争（1949年10月－至今）,年代未详,赤瓜礁海战,https://zh.wikipedia.org/wiki/%E8%B5%A4%E7%93%9C%E7%A4%81%E6%B5%B7%E6%88%98,（1988年）,未分级,赤瓜礁海战 （1988年）
