sequence,year,date_original,battle_title,battle_title_zh,state,cwsac,outcome,notes,category,source_url,source_url_zh
1,1861,"April 12 –13, 1861",Battle of Fort Sumter,,South Carolina,A,Confederate,Beauregard takes Charleston Federal fort in the first battle of the American Civil War .,CWSAC-rated,https://en.wikipedia.org/wiki/Battle_of_Fort_Sumter,
2,1861,"May 18 –19, 1861",Battle of Sewell's Point,,Virginia,D,Inconclusive,Union gunboats fight inconclusive battle with Confederate artillery.,CWSAC-rated,https://en.wikipedia.org/wiki/Battle_of_Sewell's_Point,
3,1861,"May 29 – June 1, 1861",Battle of Aquia Creek,,Virginia,D,Inconclusive,"Confederate artillery hit by naval bombardment, later withdrawn.",CWSAC-rated,https://en.wikipedia.org/wiki/Battle_of_Aquia_Creek,
4,1861,"June 3, 1861",Battle of Philippi (West Virginia),,West Virginia (Virginia at the time) [ A ],D,Union,Union forces rout a small Confederate detachment in Western Virginia.,CWSAC-rated,https://en.wikipedia.org/wiki/Battle_of_Philippi_(West_Virginia),
5,1861,"June 10, 1861",Battle of Big Bethel,,Virginia,C,Confederate,Union attack on Confederate positions near a church repelled.,CWSAC-rated,https://en.wikipedia.org/wiki/Battle_of_Big_Bethel,
6,1861,"June 17, 1861",Battle of Boonville (Missouri),,Missouri,C,Union,Union forces defeat pro-Confederate governor's Missouri State Guard.,CWSAC-rated,https://en.wikipedia.org/wiki/Battle_of_Boonville,
7,1861,"July 2, 1861",Battle of Hoke's Run,,West Virginia (Virginia at the time) [ A ],D,Union,Robert Patterson defeats Jackson's Confederates but fails to capitalize on his victory.,CWSAC-rated,https://en.wikipedia.org/wiki/Battle_of_Hoke's_Run,
8,1861,"July 5, 1861",Battle of Carthage,,Missouri,C,Confederate,Confederate victory in Missouri during U.S. Civil War.,CWSAC-rated,https://en.wikipedia.org/wiki/Battle_of_Carthage_(1861),
9,1861,"July 11, 1861",Battle of Rich Mountain,,West Virginia (Virginia at the time) [ A ],B,Union,Confederate forces under Gen. Robert S. Garnett split in half mid-battle by Union forces under Maj. Gen. George B. McClellan . One half surrenders; the other escapes.,CWSAC-rated,https://en.wikipedia.org/wiki/Battle_of_Rich_Mountain,
10,1861,"July 18, 1861",Battle of Blackburn's Ford,,Virginia,C,Confederate,Irvin McDowell 's recon-in-force defeated at Manassas.,CWSAC-rated,https://en.wikipedia.org/wiki/Battle_of_Blackburn's_Ford,
11,1861,"July 21, 1861",First Battle of Bull Run or First Manassas,,Virginia,A,Confederate,"McDowell loses to J.E. Johnston, Beauregard ; Jackson named ""Stonewall"".",CWSAC-rated,https://en.wikipedia.org/wiki/First_Battle_of_Bull_Run,
12,1861,"August 10, 1861",Battle of Wilson's Creek or Oak Hills,,Missouri,A,Confederate,Union forces under Nathaniel Lyon and Samuel D. Sturgis lose to Confederates under Sterling Price and Benjamin McCulloch . Lyon is killed. First major battle west of the Mississippi.,CWSAC-rated,https://en.wikipedia.org/wiki/Battle_of_Wilson's_Creek,
13,1861,"August 26, 1861",Battle of Kessler's Cross Lanes,,West Virginia (Virginia at the time) [ A ],D,Confederate,Confederates under John B. Floyd surprise and defeat Union forces under Erastus B. Tyler .,CWSAC-rated,https://en.wikipedia.org/wiki/Battle_of_Kessler's_Cross_Lanes,
14,1861,"August 28 –29, 1861",Battle of Hatteras Inlet Batteries,,North Carolina,C,Union,Union forces capture two North Carolina forts.,CWSAC-rated,https://en.wikipedia.org/wiki/Battle_of_Hatteras_Inlet_Batteries,
15,1861,"September 2, 1861",Battle of Dry Wood Creek,,Missouri,D,Confederate,Union cavalry from Kansas defeated by Missouri State Guard.,CWSAC-rated,https://en.wikipedia.org/wiki/Battle_of_Dry_Wood_Creek,
16,1861,"September 10, 1861",Battle of Carnifex Ferry,,West Virginia (Virginia at the time) [ A ],B,Union,Confederates withdraw by night after several hours of fighting.,CWSAC-rated,https://en.wikipedia.org/wiki/Battle_of_Carnifex_Ferry,
17,1861,"September 12 –15, 1861",Battle of Cheat Mountain,,West Virginia (Virginia at the time) [ A ],B,Union,300 Union troops withstand uncoordinated Confederate attacks.,CWSAC-rated,https://en.wikipedia.org/wiki/Battle_of_Cheat_Mountain,
18,1861,"September 13 –20, 1861",First Battle of Lexington,,Missouri,C,Confederate,Union forces badly defeated by Missouri State Guard.,CWSAC-rated,https://en.wikipedia.org/wiki/First_Battle_of_Lexington,
19,1861,"September 17, 1861",Action at Blue Mills Landing,,Missouri,D,Confederate,Minor Missouri State Guard victory.,CWSAC-rated,https://en.wikipedia.org/wiki/Action_at_Blue_Mills_Landing,
20,1861,"September 19, 1861",Battle of Barbourville,,Kentucky,D,Confederate,Zollicoffer raided a Federal recruitment camp and brought a counter-thrust.,CWSAC-rated,https://en.wikipedia.org/wiki/Battle_of_Barbourville,
21,1861,"October 3, 1861",Battle of Greenbrier River,,West Virginia (Virginia at the time) [ A ],D,Inconclusive,Confederates withdraw after inconclusive battle.,CWSAC-rated,https://en.wikipedia.org/wiki/Battle_of_Greenbrier_River,
22,1861,"October 9, 1861",Battle of Santa Rosa Island,,Florida,C,Union,Union forces repel Confederate attempt to capture island.,CWSAC-rated,https://en.wikipedia.org/wiki/Battle_of_Santa_Rosa_Island,
23,1861,"October 21, 1861",Battle of Camp Wildcat,,Kentucky,C,Union,Confederates chased from Cumberland Gap,CWSAC-rated,https://en.wikipedia.org/wiki/Battle_of_Camp_Wildcat,
24,1861,"October 21, 1861",Engagement at Fredericktown,,Missouri,D,Union,Missouri State Guard defeated.,CWSAC-rated,https://en.wikipedia.org/wiki/Engagement_at_Fredericktown,
25,1861,"October 21, 1861",Battle of Ball's Bluff or Leesburg,,Virginia,B,Confederate,550 Union soldiers captured.,CWSAC-rated,https://en.wikipedia.org/wiki/Battle_of_Ball's_Bluff,
26,1861,"October 25, 1861",First Battle of Springfield,,Missouri,D,Union,Union forces capture town.,CWSAC-rated,https://en.wikipedia.org/wiki/First_Battle_of_Springfield,
27,1861,"November 7, 1861",Battle of Belmont,,Missouri,C,Inconclusive,"Ulysses S. Grant captures and destroys Confederate supplies near Cairo, Illinois .",CWSAC-rated,https://en.wikipedia.org/wiki/Battle_of_Belmont,
28,1861,"November 8, 1861",Battle of Ivy Mountain,,Kentucky,D,Union,Union forces routed Confederate forces.,CWSAC-rated,https://en.wikipedia.org/wiki/Battle_of_Ivy_Mountain,
29,1861,"November 19, 1861",Battle of Round Mountain,,Oklahoma ( Indian Territory at the time),D,Confederate,Opothleyahola 's Unionist Creeks and Seminoles defeated near present-day Stillwater .,CWSAC-rated,https://en.wikipedia.org/wiki/Battle_of_Round_Mountain,
30,1861,"December 9, 1861",Battle of Chusto-Talasah,,Oklahoma ( Indian Territory at the time),D,Confederate,Opothleyahola defeated near present-day Tulsa .,CWSAC-rated,https://en.wikipedia.org/wiki/Battle_of_Chusto-Talasah,
31,1861,"December 13, 1861",Battle of Camp Allegheny,,West Virginia (Virginia at the time) [ A ],C,Inconclusive,Confederates withstand Union attack.,CWSAC-rated,https://en.wikipedia.org/wiki/Battle_of_Camp_Allegheny,
32,1861,"December 17, 1861",Battle of Rowlett's Station,,Kentucky,D,Inconclusive,"Union soldiers hold area, but do not launch any counter thrusts. Confederates and Texas Rangers retreat.",CWSAC-rated,https://en.wikipedia.org/wiki/Battle_of_Rowlett's_Station,
33,1861,"December 20, 1861",Battle of Dranesville,,Virginia,C,Union,Union defeats Confederate forces under J.E.B. Stuart .,CWSAC-rated,https://en.wikipedia.org/wiki/Battle_of_Dranesville,
34,1861,"December 26, 1861",Battle of Chustenahlah,,Oklahoma ( Indian Territory at the time),B,Confederate,"Opothleyahola defeated, flees to Kansas.",CWSAC-rated,https://en.wikipedia.org/wiki/Battle_of_Chustenahlah,
35,1861,"December 28, 1861",Battle of Mount Zion Church,,Missouri,D,Union,Union victory in Northeastern Missouri.,CWSAC-rated,https://en.wikipedia.org/wiki/Battle_of_Mount_Zion_Church,
36,1862,"January 3, 1862",Battle of Cockpit Point,,Virginia,C,Inconclusive,Inconclusive Civil War battle in Virginia.,CWSAC-rated,https://en.wikipedia.org/wiki/Battle_of_Cockpit_Point,
37,1862,"January 5 –6, 1862",Battle of Hancock,,Maryland,D,Inconclusive,Unsuccessful Confederate attack on Maryland town.,CWSAC-rated,https://en.wikipedia.org/wiki/Battle_of_Hancock,
38,1862,"January 8, 1862",Battle of Roan's Tan Yard,,Missouri,D,Union,Confederates routed.,CWSAC-rated,https://en.wikipedia.org/wiki/Battle_of_Roan's_Tan_Yard,
39,1862,"January 10, 1862",Battle of Middle Creek,,Kentucky,C,Union,Union forces under James A. Garfield defeat Confederates under Humphrey Marshall .,CWSAC-rated,https://en.wikipedia.org/wiki/Battle_of_Middle_Creek,
40,1862,"January 19, 1862",Battle of Mill Springs,,Kentucky,B,Union,Felix Zollicoffer killed.,CWSAC-rated,https://en.wikipedia.org/wiki/Battle_of_Mill_Springs,
41,1862,"February 6, 1862",Battle of Fort Henry,,Tennessee,B,Union,Grant and Foote 's gunboats gain control of Tennessee River by defeating Lloyd Tilghman,CWSAC-rated,https://en.wikipedia.org/wiki/Battle_of_Fort_Henry,
42,1862,"February 7 –8, 1862",Battle of Roanoke Island,,North Carolina,B,Union,Union forces under Ambrose E. Burnside capture island from Henry A. Wise,CWSAC-rated,https://en.wikipedia.org/wiki/Battle_of_Roanoke_Island,
43,1862,"February 11 –16, 1862",Battle of Fort Donelson,,Tennessee,A,Union,"Confederate army under Simon Bolivar Buckner surrenders to Grant , Union gains control of Cumberland River",CWSAC-rated,https://en.wikipedia.org/wiki/Battle_of_Fort_Donelson,
44,1862,"February 20 –21, 1862",Battle of Valverde,,New Mexico ( New Mexico Territory at the time),B,Confederate,Union forces routed in New Mexico Territory .,CWSAC-rated,https://en.wikipedia.org/wiki/Battle_of_Valverde,
45,1862,"February 28 – April 8, 1862",Battle of Island Number Ten (Battle of New Madrid),,Missouri,A,Union,Union victory by Pope over John P. McCown .,CWSAC-rated,https://en.wikipedia.org/wiki/Battle_of_Island_Number_Ten,
46,1862,"March 6 –8, 1862",Battle of Pea Ridge or Elkhorn Tavern,,Arkansas,A,Union,Union victory by Samuel Ryan Curtis over Earl Van Dorn ensured continued Union control of Missouri.,CWSAC-rated,https://en.wikipedia.org/wiki/Battle_of_Pea_Ridge,
47,1862,"March 8 –9, 1862",Battle of Hampton Roads,,Virginia,B,Inconclusive,"USS Monitor battles CSS Virginia , battle ends in a draw.",CWSAC-rated,https://en.wikipedia.org/wiki/Battle_of_Hampton_Roads,
48,1862,"March 14, 1862",Battle of New Bern,,North Carolina,B,Union,Union troops disembark from ships and capture the town.,CWSAC-rated,https://en.wikipedia.org/wiki/Battle_of_New_Bern_(1862),
49,1862,"March 23, 1862",First Battle of Kernstown,,Virginia,B,Union,"Union forces defeat Confederates under ""Stonewall"" Jackson.",CWSAC-rated,https://en.wikipedia.org/wiki/First_Battle_of_Kernstown,
50,1862,"March 23 – April 26, 1862",Battle of Fort Macon,,North Carolina,C,Union,Confederate fort surrenders after Union artillery bombardment.,CWSAC-rated,https://en.wikipedia.org/wiki/Battle_of_Fort_Macon,
51,1862,"March 26 –28, 1862",Battle of Glorieta Pass,,New Mexico ( New Mexico Territory at the time),A,Union,"Tactical draw. Union strategic victory. Dubbed the ""Gettysburg of the West"".",CWSAC-rated,https://en.wikipedia.org/wiki/Battle_of_Glorieta_Pass,
52,1862,"April 5 – May 4, 1862",Siege of Yorktown (1862) (Battle of Yorktown),,Virginia,B,Inconclusive,Confederate army slips away after four week siege near site of decisive Revolutionary War battle.,CWSAC-rated,https://en.wikipedia.org/wiki/Siege_of_Yorktown_(1862),
53,1862,"April 6 –7, 1862",Battle of Shiloh or Pittsburg Landing,,Tennessee,A,Union,Grant and reinforcements under Buell repulse Albert Sidney Johnston and P. G. T. Beauregard . A.S. Johnston is killed.,CWSAC-rated,https://en.wikipedia.org/wiki/Battle_of_Shiloh,
54,1862,"April 10 –11, 1862",Battle of Fort Pulaski,,Georgia,B,Union,"Union blockade closes Savannah, Georgia. Parrott rifle makes masonry forts obsolete.",CWSAC-rated,https://en.wikipedia.org/wiki/Battle_of_Fort_Pulaski,
55,1862,"April 18 –28, 1862",Battle of Forts Jackson and St. Philip,,Louisiana,A,Union,Decisive battle for possession of New Orleans.,CWSAC-rated,https://en.wikipedia.org/wiki/Battle_of_Forts_Jackson_and_St._Philip,
56,1862,"April 19, 1862",Battle of South Mills,,North Carolina,D,Inconclusive,Confederates thwart attempt to destroy a canal.,CWSAC-rated,https://en.wikipedia.org/wiki/Battle_of_South_Mills,
57,1862,"April 25 – May 1, 1862",Capture of New Orleans,,Louisiana,B,Union,Union forces capture city.,CWSAC-rated,https://en.wikipedia.org/wiki/Capture_of_New_Orleans,
58,1862,"April 29 – May 30, 1862",Siege of Corinth,,Mississippi,A,Union,"Union forces capture town, Beauregard tricks Union in order to escape to Tupelo .",CWSAC-rated,https://en.wikipedia.org/wiki/Siege_of_Corinth,
59,1862,"May 5, 1862",Battle of Williamsburg,,Virginia,B,Inconclusive,McClellan and Longstreet fight inconclusive battle.,CWSAC-rated,https://en.wikipedia.org/wiki/Battle_of_Williamsburg,
60,1862,"May 7, 1862",Battle of Eltham's Landing,,Virginia,D,Inconclusive,Inconclusive Civil War battle in Virginia.,CWSAC-rated,https://en.wikipedia.org/wiki/Battle_of_Eltham's_Landing,
61,1862,"May 8, 1862",Battle of McDowell,,Virginia,C,Confederate,Stonewall Jackson's Confederates defeat Union forces.,CWSAC-rated,https://en.wikipedia.org/wiki/Battle_of_McDowell,
62,1862,"May 15, 1862",Battle of Drewry's Bluff,,Virginia,B,Confederate,Union naval attack repelled by Confederate artillery.,CWSAC-rated,https://en.wikipedia.org/wiki/Battle_of_Drewry's_Bluff,
63,1862,"May 15 –17, 1862",Battle of Princeton Court House,,West Virginia (Virginia at the time) [ A ],C,Confederate,Jacob Dolson Cox withdrew after attempting to take control of the East Tennessee and Virginian Railroad.,CWSAC-rated,https://en.wikipedia.org/wiki/Battle_of_Princeton_Court_House,
64,1862,"May 23, 1862",Battle of Front Royal,,Virginia,C,Confederate,"Stonewall Jackson threatens the Union rear, forces their retreat.",CWSAC-rated,https://en.wikipedia.org/wiki/Battle_of_Front_Royal,
65,1862,"May 25, 1862",First Battle of Winchester,,Virginia,A,Confederate,Stonewall Jackson defeats Nathaniel P. Banks .,CWSAC-rated,https://en.wikipedia.org/wiki/First_Battle_of_Winchester,
66,1862,"May 27, 1862",Battle of Hanover Court House,,Virginia,C,Union,Union victory during U.S. Civil War.,CWSAC-rated,https://en.wikipedia.org/wiki/Battle_of_Hanover_Court_House,
67,1862,"May 31 – June 1, 1862",Battle of Seven Pines,,Virginia,B,Inconclusive,"J.E. Johnston attacks Union forces, wounded, inconclusive",CWSAC-rated,https://en.wikipedia.org/wiki/Battle_of_Seven_Pines,
68,1862,"June 5, 1862",Battle of Tranter's Creek,,North Carolina,D,Union,Confederate forces retreat after Colonel Singletary is killed.,CWSAC-rated,https://en.wikipedia.org/wiki/Battle_of_Tranter's_Creek,
69,1862,"June 6, 1862",First Battle of Memphis,,Tennessee,B,Union,Union forces capture the city.,CWSAC-rated,https://en.wikipedia.org/wiki/First_Battle_of_Memphis,
70,1862,"June 7 –8, 1862",First Battle of Chattanooga,,Tennessee,D,Union,Union forces bombard the town.,CWSAC-rated,https://en.wikipedia.org/wiki/First_Battle_of_Chattanooga,
71,1862,"June 8, 1862",Battle of Cross Keys,,Virginia,B,Confederate,John C. Fremont defeated by elements of Stonewall Jackson's force.,CWSAC-rated,https://en.wikipedia.org/wiki/Battle_of_Cross_Keys,
72,1862,"June 9, 1862",Battle of Port Republic,,Virginia,B,Confederate,Costly victory for Stonewall Jackson.,CWSAC-rated,https://en.wikipedia.org/wiki/Battle_of_Port_Republic,
73,1862,"June 16, 1862",Battle of Secessionville,,South Carolina,B,Confederate,"Union repulsed, Union commander later court-martialed for disobeying orders.",CWSAC-rated,https://en.wikipedia.org/wiki/Battle_of_Secessionville,
74,1862,"June 17, 1862",Battle of Saint Charles,,Arkansas,C,Union,The USS Mound City is hit by Confederate shore gun and explodes.,CWSAC-rated,https://en.wikipedia.org/wiki/Battle_of_St._Charles,
75,1862,"June 21, 1862",Battle of Simmon's Bluff,,South Carolina,D,Union,Union forces raze a campsite; Confederates flee.,CWSAC-rated,https://en.wikipedia.org/wiki/Battle_of_Simmon's_Bluff,
76,1862,"June 25, 1862",Battle of Oak Grove,,Virginia,D,Inconclusive,( Seven Days Battles ) Indecisive battle between McClellan and Lee.,CWSAC-rated,https://en.wikipedia.org/wiki/Battle_of_Oak_Grove,
77,1862,"June 26, 1862",Battle of Beaver Dam Creek or Mechanicsville,,Virginia,B,Union,(Seven Days) Robert E. Lee defeated.,CWSAC-rated,https://en.wikipedia.org/wiki/Battle_of_Beaver_Dam_Creek,
78,1862,"June 27, 1862",Battle of Gaines' Mill or Chickahominy River,,Virginia,A,Confederate,(Seven Days) Lee defeats McClellan.,CWSAC-rated,https://en.wikipedia.org/wiki/Battle_of_Gaines'_Mill,
79,1862,"June 27 –28, 1862",Battle of Garnett's & Golding's Farm,,Virginia,D,Inconclusive,(Seven Days) Indecisive battle between Lee and McClellan.,CWSAC-rated,https://en.wikipedia.org/wiki/Battle_of_Garnett's_&_Golding's_Farm,
80,1862,"June 29, 1862",Battle of Savage's Station,,Virginia,C,Inconclusive,(Seven Days) Union forces withdraw.,CWSAC-rated,https://en.wikipedia.org/wiki/Battle_of_Savage's_Station,
81,1862,"June 30 – July 1, 1862",Battle of Tampa,,Florida,D,Confederate,"Union gunboat attacks, but later withdraws.",CWSAC-rated,https://en.wikipedia.org/wiki/Battle_of_Tampa,
82,1862,"June 30, 1862",Battle of Glendale,,Virginia,B,Inconclusive,(Seven Days) McClellan retreats from Lee's Confederates.,CWSAC-rated,https://en.wikipedia.org/wiki/Battle_of_Glendale,
83,1862,"June 30, 1862",Battle of White Oak Swamp,,Virginia,C,Inconclusive,(Seven Days) Indecisive artillery duel.,CWSAC-rated,https://en.wikipedia.org/wiki/Battle_of_White_Oak_Swamp,
84,1862,"July 1, 1862",Battle of Malvern Hill,,Virginia,A,Union,(Seven Days) McClellan defeats Lee but withdraws after battle.,CWSAC-rated,https://en.wikipedia.org/wiki/Battle_of_Malvern_Hill,
85,1862,"July 7, 1862",Battle of Cotton Plant (Battle of Hill's Plantation),,Arkansas,D,Union,Union victory in Arkansas.,CWSAC-rated,https://en.wikipedia.org/wiki/Battle_of_Cotton_Plant,
86,1862,"July 13, 1862",First Battle of Murfreesboro,,Tennessee,C,Confederate,"Confederates disrupted Union supply lines, and tore up railroad track. Union forces going to Chattanooga are divided.",CWSAC-rated,https://en.wikipedia.org/wiki/First_Battle_of_Murfreesboro,
87,1862,"August 5, 1862",Battle of Baton Rouge,,Louisiana,B,Union,Union troops repulse attempt to recapture Baton Rouge.,CWSAC-rated,https://en.wikipedia.org/wiki/Battle_of_Baton_Rouge_(1862),
88,1862,"August 6 –9, 1862",Battle of Kirksville,,Missouri,D,Union,Union forces capture town.,CWSAC-rated,https://en.wikipedia.org/wiki/Battle_of_Kirksville,
89,1862,"August 9, 1862",First Battle of Donaldsonville,,Louisiana,D,Union,Union Navy bombarded Donaldsonville with no resistance.,CWSAC-rated,https://en.wikipedia.org/wiki/First_Battle_of_Donaldsonville,
90,1862,"August 9, 1862",Battle of Cedar Mountain,,Virginia,B,Confederate,Union forces repelled by Confederate counter-attack.,CWSAC-rated,https://en.wikipedia.org/wiki/Battle_of_Cedar_Mountain,
91,1862,"August 11, 1862",First Battle of Independence,,Missouri,D,Confederate,Confederate victory near Kansas City .,CWSAC-rated,https://en.wikipedia.org/wiki/First_Battle_of_Independence,
92,1862,"August 15 –16, 1862",Battle of Lone Jack,,Missouri,D,Confederate,"Confederate victory, Union commander killed. Rebels forced to withdraw after battle.",CWSAC-rated,https://en.wikipedia.org/wiki/Battle_of_Lone_Jack,
93,1862,"August 21 –22, 1862",Battle of Fort Ridgely,,Minnesota,C,Union,Dakota War of 1862 : Failed Santee Sioux attack on Union controlled fort.,CWSAC-rated,https://en.wikipedia.org/wiki/Battle_of_Fort_Ridgely,
94,1862,"August 22 –25, 1862",First Battle of Rappahannock Station,,Virginia,D,Inconclusive,Union supplies destroyed during skirmish.,CWSAC-rated,https://en.wikipedia.org/wiki/First_Battle_of_Rappahannock_Station,
95,1862,"August 25 –27, 1862",Battle of Manassas Station Ops.,,Virginia,B,Confederate,Jackson turns into Pope's rear area; destroys Manassas Station.,CWSAC-rated,https://en.wikipedia.org/wiki/Manassas_Station_Operations_(Stonewall_Jackson),
96,1862,"August 28 –30, 1862",Second Battle of Bull Run or Second Manassas,,Virginia,A,Confederate,Lee defeats Pope's Army of Virginia,CWSAC-rated,https://en.wikipedia.org/wiki/Second_Battle_of_Bull_Run,
97,1862,"August 28, 1862",Battle of Thoroughfare Gap,,Virginia,C,Confederate,Longstreet defeats small Union force to arrive at Manassas battlefield.,CWSAC-rated,https://en.wikipedia.org/wiki/Battle_of_Thoroughfare_Gap,
98,1862,"August 30, 1862",Battle of Richmond (Kentucky),,Kentucky,B,Confederate,"Edmund Kirby Smith routs Union army under Brig. Gen. William ""Bull"" Nelson .",CWSAC-rated,https://en.wikipedia.org/wiki/Battle_of_Richmond,
99,1862,"September 1, 1862",Battle of Chantilly or Ox Hill,,Virginia,B,Inconclusive,"Union forces nearly being cut off, Isaac Stevens and Philip Kearny are killed.",CWSAC-rated,https://en.wikipedia.org/wiki/Battle_of_Chantilly,
100,1862,"September 12 –15, 1862",Battle of Harpers Ferry,,West Virginia (Virginia at the time) [ A ],B,Confederate,Stonewall Jackson captures Union garrison under Dixon S. Miles,CWSAC-rated,https://en.wikipedia.org/wiki/Battle_of_Harpers_Ferry,
101,1862,"September 14 –17, 1862",Battle of Munfordville,,Kentucky,B,Confederate,Union force surrenders.,CWSAC-rated,https://en.wikipedia.org/wiki/Battle_of_Munfordville,
102,1862,"September 14, 1862",Battle of South Mountain or Boonsboro,,Maryland,B,Union,McClellan defeats Lee.,CWSAC-rated,https://en.wikipedia.org/wiki/Battle_of_South_Mountain,
103,1862,"September 17, 1862",Battle of Antietam or Sharpsburg,,Maryland,A,Union,"McClellan ends Lee's first invasion of North, bloodiest single day of the war.",CWSAC-rated,https://en.wikipedia.org/wiki/Battle_of_Antietam,
104,1862,"September 19 –20, 1862",Battle of Shepherdstown,,West Virginia (Virginia at the time) [ A ],C,Confederate,Confederate brigades counterattack and defeat pursuing Union brigades.,CWSAC-rated,https://en.wikipedia.org/wiki/Battle_of_Shepherdstown,
105,1862,"September 19, 1862",Battle of Iuka,,Mississippi,C,Union,Rosecrans is victorious over Price near Mississippi town.,CWSAC-rated,https://en.wikipedia.org/wiki/Battle_of_Iuka,
106,1862,"September 23, 1862",Battle of Wood Lake,,Minnesota,C,Union,Dakota War of 1862 : Overwhelming defeat of Santee Sioux forces during the Dakota War of 1862.,CWSAC-rated,https://en.wikipedia.org/wiki/Battle_of_Wood_Lake,
107,1862,"September 24, 1862",First Battle of Sabine Pass,,Texas,C,Union,Union Navy successfully bombards an established Confederate fort.,CWSAC-rated,https://en.wikipedia.org/wiki/First_Battle_of_Sabine_Pass,
108,1862,"September 30, 1862",First Battle of Newtonia,,Missouri,C,Confederate,Union forces panic under bombardment from Confederate artillery.,CWSAC-rated,https://en.wikipedia.org/wiki/First_Battle_of_Newtonia,
109,1862,"October 1 –3, 1862",Battle of Saint John's Bluff,,Florida,D,Union,Union troops seize a Confederate Battery.,CWSAC-rated,https://en.wikipedia.org/wiki/Battle_of_Saint_John's_Bluff,
110,1862,"October 3 –4, 1862",Second Battle of Corinth (Battle of Corinth),,Mississippi,B,Union,Confederate attack fails.,CWSAC-rated,https://en.wikipedia.org/wiki/Second_Battle_of_Corinth,
111,1862,"October 4, 1862",Battle of Galveston Harbor (1862) (First Battle of Galveston),,Texas,D,Union,Galveston is taken by the Union forces after Confederates evacuate following a truce.,CWSAC-rated,https://en.wikipedia.org/wiki/Battle_of_Galveston_Harbor_(1862),
112,1862,"October 5, 1862",Battle of Hatchie Bridge,,Tennessee,C,Inconclusive,Confederate force under Earl Van Dorn escapes across river.,CWSAC-rated,https://en.wikipedia.org/wiki/Battle_of_Hatchie_Bridge,
113,1862,"October 8, 1862",Battle of Perryville or Chaplin Hills,,Kentucky,A,Inconclusive,Tactical indecisive battle that ended Bragg's Kentucky campaign.,CWSAC-rated,https://en.wikipedia.org/wiki/Battle_of_Perryville,
114,1862,"October 22, 1862",Battle of Old Fort Wayne,,Oklahoma ( Indian Territory at the time),D,Union,"Confederate forces go into Full retreat under Douglas H. Cooper , with the Union gaining control of the Indian territory.",CWSAC-rated,https://en.wikipedia.org/wiki/Battle_of_Old_Fort_Wayne,
115,1862,"October 27, 1862",Battle of Georgia Landing,,Louisiana,C,Union,Confederate forces fled to Labadieville.,CWSAC-rated,https://en.wikipedia.org/wiki/Battle_of_Georgia_Landing,
116,1862,"November 7, 1862",Battle of Clark's Mill,,Missouri,D,Confederate,Union force surrenders to larger Confederate force.,CWSAC-rated,https://en.wikipedia.org/wiki/Battle_of_Clark's_Mill,
117,1862,"November 28, 1862",Battle of Cane Hill,,Arkansas,C,Confederate,Small Confederate force delays Union while larger force escapes.,CWSAC-rated,https://en.wikipedia.org/wiki/Battle_of_Cane_Hill,
118,1862,"December 7, 1862",Battle of Prairie Grove,,Arkansas,B,Union,Union secures NW Arkansas.,CWSAC-rated,https://en.wikipedia.org/wiki/Battle_of_Prairie_Grove,
119,1862,"December 7, 1862",Battle of Hartsville,,Tennessee,C,Confederate,"Disguised in Union uniforms, Confederates infiltrate and defeat Union forces.",CWSAC-rated,https://en.wikipedia.org/wiki/Battle_of_Hartsville,
120,1862,"December 13, 1862",Battle of Fredericksburg,,Virginia,A,Confederate,Lee beats back repeated frontal assaults by Burnside.,CWSAC-rated,https://en.wikipedia.org/wiki/Battle_of_Fredericksburg,
121,1862,"December 14, 1862",Battle of Kinston,,North Carolina,D,Union,Union forces under John G. Foster defeat Confederates under Nathan Evans .,CWSAC-rated,https://en.wikipedia.org/wiki/Battle_of_Kinston,
122,1862,"December 16, 1862",Battle of White Hall,,North Carolina,D,Inconclusive,Foster fights indecisive battle with Beverly Robertson .,CWSAC-rated,https://en.wikipedia.org/wiki/Battle_of_White_Hall,
123,1862,"December 17, 1862",Battle of Goldsborough Bridge,,North Carolina,C,Union,Foster defeats Confederates and destroys the bridge.,CWSAC-rated,https://en.wikipedia.org/wiki/Battle_of_Goldsborough_Bridge,
124,1862,"December 19, 1862","Battle of Jackson, Tennessee",,Tennessee,D,Union,Confederate feint to distract Union forces.,CWSAC-rated,"https://en.wikipedia.org/wiki/Battle_of_Jackson,_Tennessee",
125,1862,"December 26 –29, 1862",Battle of Chickasaw Bayou,,Mississippi,B,Confederate,( Vicksburg Campaign ) Pemberton defeats Sherman; Union attack on Confederate right flank thwarted.,CWSAC-rated,https://en.wikipedia.org/wiki/Battle_of_Chickasaw_Bayou,
126,1862,"December 31, 1862",Battle of Parker's Cross Roads,,Tennessee,C,Confederate,Confederates repel Union double-pronged assault.,CWSAC-rated,https://en.wikipedia.org/wiki/Battle_of_Parker's_Cross_Roads,
127,1862,"December 31, 1862 – January 2, 1863",Battle of Stones River (Second Battle of Murfreesboro),,Tennessee,A,Union,"Bragg forced to withdraw after losing 11,739 men.",CWSAC-rated,https://en.wikipedia.org/wiki/Battle_of_Stones_River,
128,1863,"January 1, 1863",Battle of Galveston (Second Battle of Galveston),,Texas,B,Confederate,"John B. Magruder expels occupying Union troops from Galveston, Texas .",CWSAC-rated,https://en.wikipedia.org/wiki/Battle_of_Galveston,
129,1863,"January 8, 1863",Second Battle of Springfield,,Missouri,D,Union,"Confederates enter town, but are unable to take nearby fort.",CWSAC-rated,https://en.wikipedia.org/wiki/Second_Battle_of_Springfield,
130,1863,"January 9, 1863",Battle of Arkansas Post (Battle of Fort Hindman),,Arkansas,C,Union,"Part of Vicksburg Campaign, fight for control of mouth of Arkansas River.",CWSAC-rated,https://en.wikipedia.org/wiki/Battle_of_Arkansas_Post_(1863),
131,1863,"January 9 –11, 1863",Battle of Hartville,,Missouri,D,Confederate,"Confederates are victorious, but unable to continue raid.",CWSAC-rated,https://en.wikipedia.org/wiki/Battle_of_Hartville,
132,1863,"January 29, 1863",Bear River Massacre,,Idaho ( Washington Territory at the time),C,Union,American Indian Wars: Shoshone forces massacred by Union troops.,CWSAC-rated,https://en.wikipedia.org/wiki/Bear_River_Massacre,
133,1863,"February 3, 1863",Battle of Dover,,Tennessee,D,Union,Failed Confederate attack on town.,CWSAC-rated,https://en.wikipedia.org/wiki/Battle_of_Dover_(1863),
134,1863,"March 5, 1863",Battle of Fort McAllister (1863),,Georgia,C,Confederate,Confederate forces held off Union Naval sieges,CWSAC-rated,https://en.wikipedia.org/wiki/Battle_of_Fort_McAllister_(1863),
135,1863,"March 5, 1863",Battle of Thompson's Station,,Tennessee,C,Confederate,Earl Van Dorn defeats John Coburn,CWSAC-rated,https://en.wikipedia.org/wiki/Battle_of_Thompson's_Station,
136,1863,"March 13 –15, 1863",Battle of Fort Anderson,,North Carolina,D,Union,Daniel H. Hill leads unsuccessful Confederate attack on New Bern.,CWSAC-rated,https://en.wikipedia.org/wiki/Battle_of_Fort_Anderson,
137,1863,"March 17, 1863",Battle of Kelly's Ford,,Virginia,C,Confederate,Indecisive cavalry battle during Civil War.,CWSAC-rated,https://en.wikipedia.org/wiki/Battle_of_Kelly's_Ford,
138,1863,"March 20, 1863",Battle of Vaught's Hill,,Tennessee,D,Union,Union forces withstand attack by John Hunt Morgan 's Confederates.,CWSAC-rated,https://en.wikipedia.org/wiki/Battle_of_Vaught's_Hill,
139,1863,"March 25, 1863",Battle of Brentwood,,Tennessee,D,Confederate,Union force surrenders.,CWSAC-rated,https://en.wikipedia.org/wiki/Battle_of_Brentwood,
140,1863,"March 30 – April 20, 1863","Battle of Washington , NC",,North Carolina,D,Inconclusive,Hill unable to take North Carolina town from Union forces.,CWSAC-rated,https://en.wikipedia.org/wiki/Battle_of_Washington,
141,1863,"April 7, 1863",First Battle of Charleston Harbor,,South Carolina,C,Confederate,Charleston fails to fall to the Union; Fort Sumter holds; USS Keokuk is sunk.,CWSAC-rated,https://en.wikipedia.org/wiki/First_Battle_of_Charleston_Harbor,
142,1863,"April 10, 1863",Battle of Franklin (1863),,Tennessee,D,Union,Confederates withdraw after rearguard defeat.,CWSAC-rated,https://en.wikipedia.org/wiki/Battle_of_Franklin_(1863),
143,1863,"April 11 – May 4, 1863",Battle of Suffolk (Hill's Point) (Battle of Fort Huger),,Virginia,C,Inconclusive,Confederate forces captured from a rear attack.,CWSAC-rated,https://en.wikipedia.org/wiki/Battle_of_Suffolk_(Hill's_Point),
144,1863,"April 11 – May 4, 1863",Battle of Suffolk (Norfleet House) ; Siege of Suffolk,,Virginia,C,Inconclusive,Twin battles fought over Suffolk.,CWSAC-rated,https://en.wikipedia.org/wiki/Battle_of_Suffolk_(Norfleet_House),
145,1863,"April 12 –13, 1863",Battle of Fort Bisland,,Louisiana,D,Union,Confederate forces retreat from Fort Bisland .,CWSAC-rated,https://en.wikipedia.org/wiki/Battle_of_Fort_Bisland,
146,1863,"April 14, 1863",Battle of Irish Bend,,Louisiana,C,Union,Richard Taylor retreats from Fort Bisland.,CWSAC-rated,https://en.wikipedia.org/wiki/Battle_of_Irish_Bend,
147,1863,"April 17, 1863",Battle of Vermilion Bayou,,Louisiana,D,Union,"Richard Taylor, being vastly outnumbered, retreats after an artillery skirmish.",CWSAC-rated,https://en.wikipedia.org/wiki/Battle_of_Vermilion_Bayou,
148,1863,"April 26, 1863",Battle of Cape Girardeau,,Missouri,D,Union,Confederate attack fails.,CWSAC-rated,https://en.wikipedia.org/wiki/Battle_of_Cape_Girardeau,
149,1863,"April 29, 1863",Battle of Grand Gulf,,Mississippi,C,Confederate,Unsuccessful naval attack by Grant's forces.,CWSAC-rated,https://en.wikipedia.org/wiki/Battle_of_Grand_Gulf,
150,1863,"April 29 – May 1, 1863",Battle of Snyder's Bluff,,Mississippi,D,Confederate,Union feint during Vicksburg Campaign .,CWSAC-rated,https://en.wikipedia.org/wiki/Battle_of_Snyder's_Bluff,
151,1863,"April 30, 1863",Battle of Day's Gap,,Alabama,C,Union,Union victory during a raid in Alabama.,CWSAC-rated,https://en.wikipedia.org/wiki/Battle_of_Day's_Gap,
152,1863,"April 30 – May 6, 1863",Battle of Chancellorsville,,Virginia,A,Confederate,"Lee defeats Hooker's Army of Potomac, Jackson mortally wounded.",CWSAC-rated,https://en.wikipedia.org/wiki/Battle_of_Chancellorsville,
153,1863,"May 1, 1863",Battle of Port Gibson,,Mississippi,B,Union,"in Vicksburg campaign, Grant defeats Confederates",CWSAC-rated,https://en.wikipedia.org/wiki/Battle_of_Port_Gibson,
154,1863,"May 1 –2, 1863",Battle of Chalk Bluff,,Arkansas,D,Confederate,Confederates win but can't continue raid.,CWSAC-rated,https://en.wikipedia.org/wiki/Battle_of_Chalk_Bluff,
155,1863,"May 3, 1863",Second Battle of Fredericksburg,,Virginia,B,Union,Union forces under John Sedgwick defeat Confederate forces left to guard the town by Lee.,CWSAC-rated,https://en.wikipedia.org/wiki/Second_Battle_of_Fredericksburg,
156,1863,"May 3 –4, 1863",Battle of Salem Church,,Virginia,B,Confederate,Lee defeats Sedgwick.,CWSAC-rated,https://en.wikipedia.org/wiki/Battle_of_Salem_Church,
157,1863,"May 12, 1863",Battle of Raymond,,Mississippi,B,Union,Failed Confederate attempt to protect Vicksburg from approaching Federals.,CWSAC-rated,https://en.wikipedia.org/wiki/Battle_of_Raymond,
158,1863,"May 14, 1863","Battle of Jackson, Mississippi",,Mississippi,B,Union,"Sherman, McPherson defeat Johnston",CWSAC-rated,"https://en.wikipedia.org/wiki/Battle_of_Jackson,_Mississippi",
159,1863,"May 16, 1863",Battle of Champion Hill,,Mississippi,A,Union,Grant defeats Pemberton .,CWSAC-rated,https://en.wikipedia.org/wiki/Battle_of_Champion_Hill,
160,1863,"May 17, 1863",Battle of Big Black River Bridge,,Mississippi,B,Union,Confederate forces trapped in Vicksburg.,CWSAC-rated,https://en.wikipedia.org/wiki/Battle_of_Big_Black_River_Bridge,
161,1863,"May 18 – July 4, 1863",Siege of Vicksburg,,Mississippi,A,Union,the siege ends; Grant accepts surrender of second Confederate army under Pemberton.,CWSAC-rated,https://en.wikipedia.org/wiki/Siege_of_Vicksburg,
162,1863,"May 21, 1863",Battle of Plains Store,,Louisiana,C,Union,Union victory near Baton Rouge.,CWSAC-rated,https://en.wikipedia.org/wiki/Battle_of_Plains_Store,
163,1863,"May 21 – July 9, 1863",Siege of Port Hudson,,Louisiana,A,Union,last Confederate stronghold on Mississippi surrenders; Gardner surrenders to Banks.,CWSAC-rated,https://en.wikipedia.org/wiki/Siege_of_Port_Hudson,
164,1863,"June 7, 1863",Battle of Milliken's Bend,,Louisiana,C,Union,"In the largest battle fought between Confederate and Black troops, after nearly two days of close combat, the Confederates were defeated in their attempt to raise the siege of Vicksburg.",CWSAC-rated,https://en.wikipedia.org/wiki/Battle_of_Milliken's_Bend,
165,1863,"June 9, 1863",Battle of Brandy Station,,Virginia,B,Inconclusive,Pleasonton surprises J.E.B. Stuart's cavalrymen in their camps near Brandy Station.,CWSAC-rated,https://en.wikipedia.org/wiki/Battle_of_Brandy_Station,
166,1863,"June 9, 1863",Battle of Lake Providence,,Louisiana,D,Union,"Confederates withdraw to Floyd, Louisiana .",CWSAC-rated,https://en.wikipedia.org/wiki/Battle_of_Lake_Providence,
167,1863,"June 13 –15, 1863",Second Battle of Winchester,,Virginia,B,Confederate,Confederate victory paves way for Lee's invasion of the North.,CWSAC-rated,https://en.wikipedia.org/wiki/Second_Battle_of_Winchester,
168,1863,"June 17, 1863",Battle of Aldie,,Virginia,C,Inconclusive,Indecisive battle during Robert E. Lee's march north.,CWSAC-rated,https://en.wikipedia.org/wiki/Battle_of_Aldie,
169,1863,"June 17 –19, 1863",Battle of Middleburg,,Virginia,C,Inconclusive,J.E.B. Stuart retreats from engagement with Union cavalry.,CWSAC-rated,https://en.wikipedia.org/wiki/Battle_of_Middleburg,
170,1863,"June 20 –21, 1863",Battle of LaFourche Crossing,,Louisiana,D,Union,"Confederates disengage, and fled to Thibodaux .",CWSAC-rated,https://en.wikipedia.org/wiki/Battle_of_LaFourche_Crossing,
171,1863,"June 21, 1863",Battle of Upperville,,Virginia,C,Inconclusive,Indecisive cavalry battle during Lee's invasion.,CWSAC-rated,https://en.wikipedia.org/wiki/Battle_of_Upperville,
172,1863,"June 24 –26, 1863",Battle of Hoover's Gap,,Tennessee,C,Union,Union victory prevents Confederates in Tennessee from coming to the aid of Vicksburg.,CWSAC-rated,https://en.wikipedia.org/wiki/Battle_of_Hoover's_Gap,
173,1863,"June 28, 1863",Second Battle of Donaldsonville,,Louisiana,D,Union,Confederate forces failed to take Fort Butler.,CWSAC-rated,https://en.wikipedia.org/wiki/Second_Battle_of_Donaldsonville,
174,1863,"June 29 –30, 1863",Battle of Goodrich's Landing,,Louisiana,D,Inconclusive,Confederates drive Union Black Regiments off of several plantations.,CWSAC-rated,https://en.wikipedia.org/wiki/Battle_of_Goodrich's_Landing,
175,1863,"June 30, 1863",Battle of Hanover,,Pennsylvania,C,Inconclusive,"J.E.B. Stuart forced to change his route, delaying his efforts to unite with Lee's force outside Gettysburg.",CWSAC-rated,https://en.wikipedia.org/wiki/Battle_of_Hanover,
176,1863,"July 1 –2, 1863",Battle of Cabin Creek,,Oklahoma ( Indian Territory at the time),C,Union,James Monroe Williams forced Confederate forces to flee.,CWSAC-rated,https://en.wikipedia.org/wiki/First_Battle_of_Cabin_Creek,
177,1863,"July 1 –3, 1863",Battle of Gettysburg,,Pennsylvania,A,Union,"Lee loses to Meade , Pickett's Charge fails, ends second invasion of North. Confederate army arrived in Gettysburg to resupply army, unaware of Union army nearby.",CWSAC-rated,https://en.wikipedia.org/wiki/Battle_of_Gettysburg,
178,1863,"July 4, 1863",Battle of Helena,,Arkansas,B,Union,Confederate assault on river port fails securing eastern Arkansas for Union.,CWSAC-rated,https://en.wikipedia.org/wiki/Battle_of_Helena,
179,1863,"July 6 –16, 1863",Battle of Williamsport,,Maryland,C,Inconclusive,Meade and Lee fight indecisive battle.,CWSAC-rated,https://en.wikipedia.org/wiki/Battle_of_Williamsport,
180,1863,"July 8, 1863",Battle of Boonsboro,,Maryland,D,Inconclusive,Indecisive action at rearguard of Lee's retreat.,CWSAC-rated,https://en.wikipedia.org/wiki/Battle_of_Boonsboro,
181,1863,"July 9, 1863",Battle of Corydon,,Indiana,C,Confederate,"Confederate raid results in civilian casualties, including a Lutheran minister.",CWSAC-rated,https://en.wikipedia.org/wiki/Battle_of_Corydon,
182,1863,"July 11, 1863",Battle of Fort Wagner,,South Carolina,D,Confederate,first of two Union attempts to take Ft. Wagner.,CWSAC-rated,https://en.wikipedia.org/wiki/First_Battle_of_Fort_Wagner,
183,1863,"July 12 –13, 1863",Battle of Kock's Plantation,,Louisiana,C,Confederate,"Union troops retreat to Fort Butler in Donaldsonville, seized during the Second Battle of Donaldsonville .",CWSAC-rated,https://en.wikipedia.org/wiki/Battle_of_Kock's_Plantation,
184,1863,"July 16, 1863",Battle of Grimball's Landing,,South Carolina,D,Inconclusive,Union troops retreat from James Island.,CWSAC-rated,https://en.wikipedia.org/wiki/Battle_of_Grimball's_Landing,
185,1863,"July 17, 1863",Battle of Honey Springs,,Oklahoma ( Indian Territory at the time),B,Union,"In Indian Territory, two largely Black and American Indian forces meet. Union victory.",CWSAC-rated,https://en.wikipedia.org/wiki/Battle_of_Honey_Springs,
186,1863,"July 18, 1863","Second Battle of Fort Wagner (Battle of Fort Wagner, Morris Island)",,South Carolina,B,Confederate,"second of two Union attempts to take Ft. Wagner fails, heroism of the 54th Massachusetts .",CWSAC-rated,https://en.wikipedia.org/wiki/Second_Battle_of_Fort_Wagner,
187,1863,"July 19, 1863",Battle of Buffington Island,,Ohio,C,Union,Confederates captured after failing to find a secure retreat.,CWSAC-rated,https://en.wikipedia.org/wiki/Battle_of_Buffington_Island,
188,1863,"July 23, 1863",Battle of Manassas Gap,,Virginia,D,Inconclusive,"Indecisive battle by day, Confederates withdraw by night.",CWSAC-rated,https://en.wikipedia.org/wiki/Battle_of_Manassas_Gap,
189,1863,"July 24 –25, 1863",Battle of Big Mound,,North Dakota ( Dakota Territory at the time),C,Union,Dakota War of 1862 : Union forces defeat Santee and Teton Sioux forces.,CWSAC-rated,https://en.wikipedia.org/wiki/Battle_of_Big_Mound,
190,1863,"July 26, 1863",Battle of Dead Buffalo Lake,,North Dakota ( Dakota Territory at the time),D,Union,Sioux Wars / Dakota War of 1862 : Sibley defeats Sioux forces.,CWSAC-rated,https://en.wikipedia.org/wiki/Battle_of_Dead_Buffalo_Lake,
191,1863,"July 26, 1863",Battle of Salineville,,Ohio,D,Union,Confederate Brigadier General John Hunt Morgan surrenders in Ohio. The northernmost battle in the Civil War.,CWSAC-rated,https://en.wikipedia.org/wiki/Battle_of_Salineville,
192,1863,"July 28, 1863",Battle of Stony Lake,,North Dakota ( Dakota Territory at the time),D,Union,Dakota War of 1862 : Sioux forces escape Union forces in pursuit.,CWSAC-rated,https://en.wikipedia.org/wiki/Battle_of_Stony_Lake,
193,1863,"August 17 – September 9, 1863",Second Battle of Fort Sumter,,South Carolina,B,Confederate,Union's massive bombardment and naval attack fails to retake the fort.,CWSAC-rated,https://en.wikipedia.org/wiki/Second_Battle_of_Fort_Sumter,
194,1863,"July 18 – September 7, 1863",Second Battle of Charleston Harbor,,South Carolina,B,Inconclusive,Fort Wagner falls to the Union; Confederates still hold Charleston and Fort Sumter.,CWSAC-rated,https://en.wikipedia.org/wiki/Second_Battle_of_Charleston_Harbor,
195,1863,"August 21, 1863",Second Battle of Chattanooga,,Tennessee,D,Union,Union captures town.,CWSAC-rated,https://en.wikipedia.org/wiki/Second_Battle_of_Chattanooga,
196,1863,"August 23, 1863",Lawrence Massacre (Quantrill's Raid),,Kansas,C,Confederate,Quantrill's Raiders pillage the city.,CWSAC-rated,https://en.wikipedia.org/wiki/Lawrence_Massacre,
197,1863,"September 1, 1863",Battle of Devil's Backbone,,Arkansas,C,Union,Union victory after heavy fighting.,CWSAC-rated,https://en.wikipedia.org/wiki/Battle_of_Devil's_Backbone,
198,1863,"September 3 –5, 1863",Battle of Whitestone Hill,,North Dakota ( Dakota Territory at the time),D,Union,Sioux Wars / Dakota War of 1862 : Union forces defeat several American Indian tribes including the Sioux and Blackfeet.,CWSAC-rated,https://en.wikipedia.org/wiki/Battle_of_Whitestone_Hill,
199,1863,"September 8, 1863",Second Battle of Sabine Pass,,Texas,B,Confederate,Confederate forces place stakes in river to help aim their guns at Union ships.,CWSAC-rated,https://en.wikipedia.org/wiki/Second_Battle_of_Sabine_Pass,
200,1863,"September 10, 1863",Battle of Bayou Fourche,,Arkansas,B,Union,Union victory allows for capture of Little Rock .,CWSAC-rated,https://en.wikipedia.org/wiki/Battle_of_Bayou_Fourche,
201,1863,"September 10 –11, 1863",Battle of Davis's Cross Roads,,Georgia,C,Union,Union forces establish defensive positions prior to Chickamauga.,CWSAC-rated,https://en.wikipedia.org/wiki/Battle_of_Davis's_Cross_Roads,
202,1863,"September 19 –20, 1863",Battle of Chickamauga,,Georgia,A,Confederate,"Bragg defeats Rosecrans, George Thomas of US anointed ""The Rock of Chickamauga""",CWSAC-rated,https://en.wikipedia.org/wiki/Battle_of_Chickamauga,
203,1863,"September 22, 1863",Battle of Blountville (Battle of Blountsville),,Tennessee,D,Union,Union forces capture town.,CWSAC-rated,https://en.wikipedia.org/wiki/Battle_of_Blountville,
204,1863,"September 29, 1863",Battle of Stirling's Plantation,,Louisiana,C,Confederate,Federal troops surrendered after being encircled by cavalry dressed as Union soldiers.,CWSAC-rated,https://en.wikipedia.org/wiki/Battle_of_Stirling's_Plantation,
205,1863,"October 6, 1863",Battle of Baxter Springs,,Kansas,C,Confederate,Quantrill's Raiders massacre Union Black Troops during U.S. Civil War.,CWSAC-rated,https://en.wikipedia.org/wiki/Battle_of_Baxter_Springs,
206,1863,"October 10, 1863",Battle of Blue Springs,,Tennessee,D,Union,Confederate forces overrun.,CWSAC-rated,https://en.wikipedia.org/wiki/Battle_of_Blue_Springs,
207,1863,"October 13, 1863",First Battle of Auburn,,Virginia,D,Union,J.E.B. Stuart escapes by hiding in a ravine.,CWSAC-rated,https://en.wikipedia.org/wiki/First_Battle_of_Auburn,
208,1863,"October 14, 1863",Battle of Bristoe Station,,Virginia,B,Union,"Meade defeats elements of Lee's forces, but Confederates destroy railroad during retreat.",CWSAC-rated,https://en.wikipedia.org/wiki/Battle_of_Bristoe_Station,
209,1863,"October 14, 1863",Second Battle of Auburn,,Virginia,D,Inconclusive,"Confederates attack Union rearguard, indecisive.",CWSAC-rated,https://en.wikipedia.org/wiki/Second_Battle_of_Auburn,
210,1863,"October 16 –18, 1863",Battle of Fort Brooke,,Florida,D,Union,"Union troops raided the Jean Street Shipyard burning two notorious blockade runners, and disrupting exports.",CWSAC-rated,https://en.wikipedia.org/wiki/Battle_of_Fort_Brooke,
211,1863,"October 19, 1863",Battle of Buckland Mills,,Virginia,D,Confederate,"Union cavalry caught in ambush, defeated.",CWSAC-rated,https://en.wikipedia.org/wiki/Battle_of_Buckland_Mills,
212,1863,"October 25, 1863",Battle of Pine Bluff,,Arkansas,D,Union,Confederate attack fails.,CWSAC-rated,https://en.wikipedia.org/wiki/Battle_of_Pine_Bluff,
213,1863,"October 28 –29, 1863",Battle of Wauhatchie,,Tennessee,B,Union,Longstreet defeated by Union forces.,CWSAC-rated,https://en.wikipedia.org/wiki/Battle_of_Wauhatchie,
214,1863,"November 3, 1863",Battle of Collierville,,Tennessee,D,Union,Abortive Confederate attack on the town.,CWSAC-rated,https://en.wikipedia.org/wiki/Battle_of_Collierville,
215,1863,"November 6, 1863",Battle of Droop Mountain,,West Virginia,B,Union,Union troops forced Confederate forces to retreat to Lewisburg.,CWSAC-rated,https://en.wikipedia.org/wiki/Battle_of_Droop_Mountain,
216,1863,"November 7, 1863",Second Battle of Rappahannock Station,,Virginia,B,Union,"Union forces surge across river, forcing Lee to retreat.",CWSAC-rated,https://en.wikipedia.org/wiki/Second_Battle_of_Rappahannock_Station,
217,1863,"November 16, 1863",Battle of Campbell's Station,,Tennessee,D,Union,Confederate double-envelopment attempt fails.,CWSAC-rated,https://en.wikipedia.org/wiki/Battle_of_Campbell's_Station,
218,1863,"November 24 , 1863",Battle of Lookout Mountain,,Tennessee,A,Union,"Joseph Hooker takes Lookout Mountain in the ""Battle Above the Clouds"". Note: combined with the Battle of Missionary Ridge as Chattanooga III in the CWSAC report.",CWSAC-rated,https://en.wikipedia.org/wiki/Battle_of_Lookout_Mountain,
219,1863,"November 25 , 1863",Battle of Missionary Ridge,,Tennessee,A,Union,Grant routs Braxton Bragg 's army ending the siege of Union forces in Chattanooga. Note: combined with the Battle of Lookout Mountain as Chattanooga III in the CWSAC report.,CWSAC-rated,https://en.wikipedia.org/wiki/Battle_of_Missionary_Ridge,
220,1863,"November 27 – December 2, 1863",Battle of Mine Run,,Virginia,B,Inconclusive,Meade bombards Lee's Confederates but then withdraws.,CWSAC-rated,https://en.wikipedia.org/wiki/Battle_of_Mine_Run,
221,1863,"November 27, 1863",Battle of Ringgold Gap,,Georgia,B,Confederate,Confederates under Patrick Cleburne defeat Union forces under Joseph Hooker .,CWSAC-rated,https://en.wikipedia.org/wiki/Battle_of_Ringgold_Gap,
222,1863,"November 29, 1863",Battle of Fort Sanders,,Tennessee,B,Union,Longstreet unable to take fort due to poor quality gunpowder.,CWSAC-rated,https://en.wikipedia.org/wiki/Battle_of_Fort_Sanders,
223,1863,"December 14, 1863",Battle of Bean's Station,,Tennessee,D,Confederate,Union forces withdraw a short distance.,CWSAC-rated,https://en.wikipedia.org/wiki/Battle_of_Bean's_Station,
224,1863,"December 29, 1863",Battle of Mossy Creek,,Tennessee,D,Union,Confederate cavalry forced back.,CWSAC-rated,https://en.wikipedia.org/wiki/Battle_of_Mossy_Creek,
225,1864,"January 17, 1864",Battle of Dandridge,,Tennessee,C,Confederate,Union forces withdraw.,CWSAC-rated,https://en.wikipedia.org/wiki/Battle_of_Dandridge,
226,1864,"January 26, 1864",Battle of Athens,,Alabama,D,Union,Union victory in Northern Alabama .,CWSAC-rated,https://en.wikipedia.org/wiki/Battle_of_Athens_(1864),
227,1864,"January 27, 1864",Battle of Fair Garden,,Tennessee,C,Inconclusive,Union victory followed by withdrawal.,CWSAC-rated,https://en.wikipedia.org/wiki/Battle_of_Fair_Garden,
228,1864,"February 6 –7, 1864",Battle of Morton's Ford,,Virginia,D,Inconclusive,Diversionary Union attack.,CWSAC-rated,https://en.wikipedia.org/wiki/Battle_of_Morton's_Ford,
229,1864,"February 13, 1864",Battle of Middle Boggy Depot,,Oklahoma ( Indian Territory at the time),D,Union,Union troops massacred Confederate forces as the Confederates burned their encampments.,CWSAC-rated,https://en.wikipedia.org/wiki/Battle_of_Middle_Boggy_Depot,
230,1864,"February 14 –20, 1864",Battle of Meridian,,Mississippi,C,Union,Sherman occupies town.,CWSAC-rated,https://en.wikipedia.org/wiki/Battle_of_Meridian,
231,1864,"February 20, 1864",Battle of Olustee,,Florida,B,Confederate,Union fails to take Florida.,CWSAC-rated,https://en.wikipedia.org/wiki/Battle_of_Olustee,
232,1864,"February 22, 1864",Battle of Okolona,,Mississippi,B,Confederate,"Confederate cavalry, commanded by Maj. Gen. Nathan Bedford Forrest , routed 7,000 cavalry under the command of Brig. Gen. William Sooy Smith .",CWSAC-rated,https://en.wikipedia.org/wiki/Battle_of_Okolona,
233,1864,"February 22 –27, 1864",First Battle of Dalton,,Georgia,C,Confederate,"After several days of intense skirmishing, Maj. Gen. George H. Thomas 's army withdrew upon realizing Gen. Joseph E. Johnston 's troops could repel any assault. However, the intelligence garnered from the Battle of Dalton helped pave the way for a Union victory in the summer.",CWSAC-rated,https://en.wikipedia.org/wiki/First_Battle_of_Dalton,
234,1864,"March 2, 1864",Battle of Walkerton,,Virginia,C,Confederate,controversy surrounding the Dahlgren Affair .,CWSAC-rated,https://en.wikipedia.org/wiki/Battle_of_Walkerton,
235,1864,"March 12 –14, 1864",Battle of Fort DeRussy,,Louisiana,B,Union,Fort DeRussy fell and the Red River to Alexandria was open.,CWSAC-rated,https://en.wikipedia.org/wiki/Battle_of_Fort_DeRussy,
236,1864,"March 25, 1864",Battle of Paducah,,Kentucky,C,Confederate,Confederate raid by Forrest successful.,CWSAC-rated,https://en.wikipedia.org/wiki/Battle_of_Paducah,
237,1864,"April 3 –4, 1864",Battle of Elkin's Ferry,,Arkansas,C,Union,Confederates unable to prevent Union river crossing.,CWSAC-rated,https://en.wikipedia.org/wiki/Battle_of_Elkin's_Ferry,
238,1864,"April 8, 1864",Battle of Mansfield or Sabine Cross Roads,,Louisiana,A,Confederate,Banks Union Red River Campaign halted by the Confederates.,CWSAC-rated,https://en.wikipedia.org/wiki/Battle_of_Mansfield,
239,1864,"April 9 –13, 1864",Battle of Prairie D'Ane,,Arkansas,B,Union,Frederick Steele defeats Sterling Price .,CWSAC-rated,https://en.wikipedia.org/wiki/Battle_of_Prairie_D'Ane,
240,1864,"April 9, 1864",Battle of Pleasant Hill,,Louisiana,B,Union,Confederate attack fails.,CWSAC-rated,https://en.wikipedia.org/wiki/Battle_of_Pleasant_Hill,
241,1864,"April 12, 1864",Battle of Fort Pillow,,Tennessee,B,Confederate,"N.B. Forrest takes fort, massacres black soldiers.",CWSAC-rated,https://en.wikipedia.org/wiki/Battle_of_Fort_Pillow,
242,1864,"April 12 –13, 1864",Battle of Blair's Landing,,Louisiana,C,Union,Confederate forces retreated after constant Naval bombardments.,CWSAC-rated,https://en.wikipedia.org/wiki/Battle_of_Blair's_Landing,
243,1864,"April 17, 1864",Battle of Plymouth,,North Carolina,C,Confederate,"Confederate land forces, supported by naval ram, retake two Union forts near Plymouth, North Carolina.",CWSAC-rated,https://en.wikipedia.org/wiki/Battle_of_Plymouth_(1864),
244,1864,"April 18, 1864",Battle of Poison Spring,,Arkansas,C,Confederate,"Part of Red River Campaign in Arkansas, black troops massacred.",CWSAC-rated,https://en.wikipedia.org/wiki/Battle_of_Poison_Spring,
245,1864,"April 23, 1864",Battle of Monett's Ferry,,Louisiana,C,Union,Confederate forces driven back.,CWSAC-rated,https://en.wikipedia.org/wiki/Battle_of_Monett's_Ferry,
246,1864,"April 25, 1864",Battle of Marks' Mills,,Arkansas,D,Confederate,Part of Red River Campaign in Arkansas.,CWSAC-rated,https://en.wikipedia.org/wiki/Battle_of_Marks'_Mills,
247,1864,"April 30, 1864",Battle of Jenkins' Ferry,,Arkansas,C,Union,Part of Red River Campaign in Arkansas.,CWSAC-rated,https://en.wikipedia.org/wiki/Battle_of_Jenkins'_Ferry,
248,1864,"May 5, 1864",Battle of Albemarle Sound,,North Carolina,C,Inconclusive,Indecisive naval battle during U.S. Civil War.,CWSAC-rated,https://en.wikipedia.org/wiki/Battle_of_Albemarle_Sound,
249,1864,"May 5 –7, 1864",Battle of the Wilderness,,Virginia,A,Inconclusive,Grant and Lee meet inconclusively.,CWSAC-rated,https://en.wikipedia.org/wiki/Battle_of_the_Wilderness,
250,1864,"May 6 –7, 1864",Battle of Port Walthall Junction,,Virginia,C,Union,Union forces destroy railroad,CWSAC-rated,https://en.wikipedia.org/wiki/Battle_of_Port_Walthall_Junction,
251,1864,"May 7 –13, 1864",Battle of Rocky Face Ridge,,Georgia,C,Union,"Due to a flanking movement by Union troops under Maj. Gen. William Tecumseh Sherman , Confederates led by Gen. Joseph E. Johnston were forced to evacuate their strong position near Atlanta .",CWSAC-rated,https://en.wikipedia.org/wiki/Battle_of_Rocky_Face_Ridge,
252,1864,"May 8 –21, 1864",Battle of Spotsylvania Court House,,Virginia,A,Inconclusive,"Grant and Lee meet inconclusively, Grant writes to Halleck ""I propose to fight it out on this line if it takes all summer"".",CWSAC-rated,https://en.wikipedia.org/wiki/Battle_of_Spotsylvania_Court_House,
253,1864,"May 9, 1864",Battle of Swift Creek,,Virginia,C,Inconclusive,"Union forces damage railroad, but are stopped by Confederate forces.",CWSAC-rated,https://en.wikipedia.org/wiki/Battle_of_Swift_Creek,
254,1864,"May 9, 1864",Battle of Cloyd's Mountain,,Virginia,C,Union,"Union victory, Confederate General Albert G. Jenkins killed.",CWSAC-rated,https://en.wikipedia.org/wiki/Battle_of_Cloyd's_Mountain,
255,1864,"May 10, 1864",Battle of Chester Station,,Virginia,D,Inconclusive,Union forces under Benjamin Butler pushed back.,CWSAC-rated,https://en.wikipedia.org/wiki/Battle_of_Chester_Station,
256,1864,"May 10, 1864",Battle of Cove Mountain,,Virginia,D,Inconclusive,Union forces under William W. Averell fought off Confederate attack and escaped under cover of the night.,CWSAC-rated,https://en.wikipedia.org/wiki/Battle_of_Cove_Mountain,
257,1864,"May 11, 1864",Battle of Yellow Tavern,,Virginia,C,Union,"Union forces win cavalry battle, J.E.B. Stuart is mortally wounded.",CWSAC-rated,https://en.wikipedia.org/wiki/Battle_of_Yellow_Tavern,
258,1864,"May 12 –16, 1864",Battle of Proctor's Creek,,Virginia,B,Confederate,Beauregard defeats Butler.,CWSAC-rated,https://en.wikipedia.org/wiki/Battle_of_Proctor's_Creek,
259,1864,"May 13, 1864",Battle of Resaca,,Georgia,C,Inconclusive,Sherman defeats Johnston,CWSAC-rated,https://en.wikipedia.org/wiki/Battle_of_Resaca,
260,1864,"May 15, 1864",Battle of New Market,,Virginia,B,Confederate,Confederate forces halt Union army under Franz Sigel from advance up the Shenandoah Valley .,CWSAC-rated,https://en.wikipedia.org/wiki/Battle_of_New_Market,
261,1864,"May 16, 1864",Battle of Mansura,,Louisiana,C,Union,Confederates are flanked and forced to retreat.,CWSAC-rated,https://en.wikipedia.org/wiki/Battle_of_Mansura,
262,1864,"May 17, 1864",Battle of Adairsville,,Georgia,C,Union,Failed Confederate attempt to destroy part of the Union force approaching Atlanta.,CWSAC-rated,https://en.wikipedia.org/wiki/Battle_of_Adairsville,
263,1864,"May 18, 1864",Battle of Yellow Bayou,,Louisiana,C,Union,"Union and Confederate forces traded ground until both sides retired, with no valuable gain from either side.",CWSAC-rated,https://en.wikipedia.org/wiki/Battle_of_Yellow_Bayou,
264,1864,"May 20, 1864",Battle of Ware Bottom Church,,Virginia,C,Confederate,Beauregard boxes Butler in.,CWSAC-rated,https://en.wikipedia.org/wiki/Battle_of_Ware_Bottom_Church,
265,1864,"May 23 –26, 1864",Battle of North Anna,,Virginia,B,Inconclusive,"Lee outmaneuvers Grant, but because of illness, he is unable to capitalize.",CWSAC-rated,https://en.wikipedia.org/wiki/Battle_of_North_Anna,
266,1864,"May 24, 1864",Battle of Wilson's Wharf,,Virginia,D,Union,Confederates under Fitzhugh Lee defeated by two Union black regiments.,CWSAC-rated,https://en.wikipedia.org/wiki/Battle_of_Wilson's_Wharf,
267,1864,"May 25 –26, 1864",Battle of New Hope Church,,Georgia,C,Confederate,Hooker's forces defeated.,CWSAC-rated,https://en.wikipedia.org/wiki/Battle_of_New_Hope_Church,
268,1864,"May 26 – June 4, 1864",Battle of Dallas (Georgia),,Georgia,C,Union,Confederate withdrawal in Georgia.,CWSAC-rated,https://en.wikipedia.org/wiki/Battle_of_Dallas,
269,1864,"May 27, 1864",Battle of Pickett's Mill,,Georgia,C,Confederate,Unsuccessful attack by Sherman on Johnston.,CWSAC-rated,https://en.wikipedia.org/wiki/Battle_of_Pickett's_Mill,
270,1864,"May 28, 1864",Battle of Haw's Shop,,Virginia,C,Union,Union advance halted.,CWSAC-rated,https://en.wikipedia.org/wiki/Battle_of_Haw's_Shop,
271,1864,"May 28 –30, 1864",Battle of Totopotomoy Creek,,Virginia,B,Inconclusive,Union forces pushed back.,CWSAC-rated,https://en.wikipedia.org/wiki/Battle_of_Totopotomoy_Creek,
272,1864,"May 30, 1864",Battle of Old Church,,Virginia,C,Union,Union forces drive Confederates back to Cold Harbor.,CWSAC-rated,https://en.wikipedia.org/wiki/Battle_of_Old_Church,
273,1864,"May 31 – June 12, 1864",Battle of Cold Harbor,,Virginia,A,Confederate,"Lee repulses Grant, Confederate soldier says ""We felt it was murder, not war"".",CWSAC-rated,https://en.wikipedia.org/wiki/Battle_of_Cold_Harbor,
274,1864,"June 5, 1864",Battle of Piedmont,,Virginia,B,Union,"Union forces under David Hunter defeat Confederate defenses on march to Staunton, Virginia , upper Shenandoah Valley .",CWSAC-rated,https://en.wikipedia.org/wiki/Battle_of_Piedmont,
275,1864,"June 6, 1864",Battle of Old River Lake,,Arkansas,C,Union,Colton Greene failed to prevent Union advance.,CWSAC-rated,https://en.wikipedia.org/wiki/Battle_of_Old_River_Lake,
276,1864,"June 6 – July 3, 1864",Battle of Marietta,,Georgia,B,Union,Confederates withdrew; Leonidas Polk † is killed.,CWSAC-rated,https://en.wikipedia.org/wiki/Battle_of_Marietta,
277,1864,"June 9, 1864",First Battle of Petersburg,,Virginia,D,Confederate,Beauregard defeats Butler.,CWSAC-rated,https://en.wikipedia.org/wiki/First_Battle_of_Petersburg,
278,1864,"June 10, 1864",Battle of Brice's Crossroads,,Mississippi,B,Confederate,N.B. Forrest routs Union force almost three times as large.,CWSAC-rated,https://en.wikipedia.org/wiki/Battle_of_Brice's_Crossroads,
279,1864,"June 11 –12, 1864",Battle of Cynthiana,,Kentucky,C,Union,"Union Brig. Gen. Stephen Gano Burbridge defeated Confederate Brig. Gen. John Hunt Morgan . Most Confederate soldiers were casualties, though Morgan escaped.",CWSAC-rated,https://en.wikipedia.org/wiki/Battle_of_Cynthiana,
280,1864,"June 11 –12, 1864",Battle of Trevilian Station,,Virginia,B,Confederate,"Confederate victory, George Armstrong Custer nearly surrounded and has to be rescued by Sheridan.",CWSAC-rated,https://en.wikipedia.org/wiki/Battle_of_Trevilian_Station,
281,1864,"June 15 –18, 1864",Second Battle of Petersburg,,Virginia,A,Confederate,Lee repulses Grant at back door to Richmond.,CWSAC-rated,https://en.wikipedia.org/wiki/Second_Battle_of_Petersburg,
282,1864,"June 17 –18, 1864",Battle of Lynchburg,,Virginia,B,Confederate,Fake Confederate reinforcements lead to Union retreat.,CWSAC-rated,https://en.wikipedia.org/wiki/Battle_of_Lynchburg,
283,1864,"June 21 –24, 1864",Battle of Jerusalem Plank Road,,Virginia,B,Inconclusive,Union siege lines extended for Siege of Petersburg .,CWSAC-rated,https://en.wikipedia.org/wiki/Battle_of_Jerusalem_Plank_Road,
284,1864,"June 22, 1864",Battle of Kolb's Farm,,Georgia,C,Union,Confederate attack fails due to poor terrain conditions.,CWSAC-rated,https://en.wikipedia.org/wiki/Battle_of_Kolb's_Farm,
285,1864,"June 24, 1864",Battle of Saint Mary's Church,,Virginia,D,Inconclusive,Union forces fight a successful delaying action.,CWSAC-rated,https://en.wikipedia.org/wiki/Battle_of_Saint_Mary's_Church,
286,1864,"June 25, 1864",Battle of Staunton River Bridge,,Virginia,C,Confederate,Union troops failed to take the Staunton River Bridge.,CWSAC-rated,https://en.wikipedia.org/wiki/Battle_of_Staunton_River_Bridge,
287,1864,"June 27, 1864",Battle of Kennesaw Mountain,,Georgia,B,Confederate,Johnston repulses Sherman.,CWSAC-rated,https://en.wikipedia.org/wiki/Battle_of_Kennesaw_Mountain,
288,1864,"June 28, 1864",Battle of Sappony Church,,Virginia,D,Confederate,Union forces were forced into a chaotic retreat.,CWSAC-rated,https://en.wikipedia.org/wiki/Battle_of_Sappony_Church,
289,1864,"June 29, 1864",First Battle of Ream's Station,,Virginia,C,Confederate,"Maj. Gen. William Mahone and Brig. Gen. Fitzhugh Lee defeated Union cavalry raiding Confederate railroads south of Petersburg, Virginia .",CWSAC-rated,https://en.wikipedia.org/wiki/First_Battle_of_Ream's_Station,
290,1864,"July 9, 1864",Battle of Monocacy (Battle of Monocacy Junction),,Maryland,B,Confederate,"Union Gen. Lew Wallace slows up Jubal Early, saving DC.",CWSAC-rated,https://en.wikipedia.org/wiki/Battle_of_Monocacy,
291,1864,"July 11 –12, 1864",Battle of Fort Stevens,,District of Columbia,B,Union,"Failed Confederate attempt to capture Washington, D.C., President Lincoln , observing the battle, comes under Confederate fire.",CWSAC-rated,https://en.wikipedia.org/wiki/Battle_of_Fort_Stevens,
292,1864,"July 14 –15, 1864",Battle of Tupelo,,Mississippi,B,Union,Confederate forces under Stephen D. Lee are defeated and Nathan Bedford Forrest is wounded in action.,CWSAC-rated,https://en.wikipedia.org/wiki/Battle_of_Tupelo,
293,1864,"July 18 –19, 1864",Battle of Cool Spring,,Virginia,C,Confederate,Joseph Thoburn led a full retreat after being surrounded by Confederate forces.,CWSAC-rated,https://en.wikipedia.org/wiki/Battle_of_Cool_Spring,
294,1864,"July 20, 1864",Battle of Peachtree Creek,,Georgia,B,Union,( Atlanta campaign ) First Confederate attack against Union forces north of Atlanta fails.,CWSAC-rated,https://en.wikipedia.org/wiki/Battle_of_Peachtree_Creek,
295,1864,"July 20, 1864",Battle of Rutherford's Farm,,Virginia,D,Union,Confederates under Jubal Early caught by surprise and defeated.,CWSAC-rated,https://en.wikipedia.org/wiki/Battle_of_Rutherford's_Farm,
296,1864,"July 22, 1864",Battle of Atlanta,,Georgia,B,Union,( Atlanta campaign ) Sherman turns back Hood's attack east of Atlanta.,CWSAC-rated,https://en.wikipedia.org/wiki/Battle_of_Atlanta,
297,1864,"July 24, 1864",Second Battle of Kernstown,,Virginia,B,Confederate,Jubal Early defeats Union forces.,CWSAC-rated,https://en.wikipedia.org/wiki/Second_Battle_of_Kernstown,
298,1864,"July 27 –29, 1864",First Battle of Deep Bottom,,Virginia,C,Confederate,"Union forces besieged Confederate positions, but the Confederates held their ground.",CWSAC-rated,https://en.wikipedia.org/wiki/First_Battle_of_Deep_Bottom,
299,1864,"July 28, 1864",Battle of Ezra Church,,Georgia,B,Union,"( Atlanta campaign ) Confederate attack on Union army northwest of Atlanta fails to gain element of surprise, finding entrenched Union forces. Union victory.",CWSAC-rated,https://en.wikipedia.org/wiki/Battle_of_Ezra_Church,
300,1864,"July 28 –29, 1864",Battle of Killdeer Mountain,,North Dakota ( Dakota Territory at the time),C,Union,Sioux Wars / Dakota War of 1862 : Union forces defeat Sioux .,CWSAC-rated,https://en.wikipedia.org/wiki/Battle_of_Killdeer_Mountain,
301,1864,"July 30, 1864",Battle of the Crater,,Virginia,A,Confederate,Lee defeats Burnside.,CWSAC-rated,https://en.wikipedia.org/wiki/Battle_of_the_Crater,
302,1864,"August 1, 1864",Battle of Folck's Mill,,Maryland,D,Inconclusive,Indecisive Civil War battle.,CWSAC-rated,https://en.wikipedia.org/wiki/Battle_of_Folck's_Mill,
303,1864,"August 2 –23, 1864",Battle of Mobile Bay,,Alabama,A,Union,"David Farragut takes port, says ""Damn the torpedoes, full speed ahead"".",CWSAC-rated,https://en.wikipedia.org/wiki/Battle_of_Mobile_Bay,
304,1864,"August 5 –7, 1864",Battle of Utoy Creek,,Georgia,C,Inconclusive,( Atlanta campaign ) Indecisive battle on Union right flank near Atlanta.,CWSAC-rated,https://en.wikipedia.org/wiki/Battle_of_Utoy_Creek,
305,1864,"August 7, 1864",Battle of Moorefield,,West Virginia,C,Union,"Union forces routed Confederates, forcing them to scatter from Moorefield.",CWSAC-rated,https://en.wikipedia.org/wiki/Battle_of_Moorefield,
306,1864,"August 14 –15, 1864",Second Battle of Dalton,,Georgia,D,Union,Union forces withstand attack until relieved.,CWSAC-rated,https://en.wikipedia.org/wiki/Second_Battle_of_Dalton,
307,1864,"August 14 –20, 1864",Second Battle of Deep Bottom,,Virginia,B,Confederate,"The Confederates drove back the Union threat, but at a cost of diluting their forces as the Union had hoped.",CWSAC-rated,https://en.wikipedia.org/wiki/Second_Battle_of_Deep_Bottom,
308,1864,"August 16, 1864",Battle of Guard Hill,,Virginia,C,Inconclusive,"Federals successfully counterattacked against the Confederates, resulting in a chaotic Confederate retreat.",CWSAC-rated,https://en.wikipedia.org/wiki/Battle_of_Guard_Hill,
309,1864,"August 18 –21, 1864",Battle of Globe Tavern,,Virginia,B,Union,Confederate forces lose control of railroads at Petersburg.,CWSAC-rated,https://en.wikipedia.org/wiki/Battle_of_Globe_Tavern,
310,1864,"August 20, 1864",Battle of Lovejoy's Station,,Georgia,D,Confederate,Confederates repel Union raiders attacking the station.,CWSAC-rated,https://en.wikipedia.org/wiki/Battle_of_Lovejoy's_Station,
311,1864,"August 21, 1864",Second Battle of Memphis,,Tennessee,C,Union,Partially successful Confederate raid.,CWSAC-rated,https://en.wikipedia.org/wiki/Second_Battle_of_Memphis,
312,1864,"August 21, 1864",Battle of Summit Point,,West Virginia,C,Inconclusive,Union and Confederate forces traded dominance at Summit Point.,CWSAC-rated,https://en.wikipedia.org/wiki/Battle_of_Summit_Point,
313,1864,"August 25, 1864",Second Battle of Ream's Station,,Virginia,B,Confederate,Union lines overrun by Confederates.,CWSAC-rated,https://en.wikipedia.org/wiki/Second_Battle_of_Ream's_Station,
314,1864,"August 25 –29, 1864",Battle of Smithfield Crossing,,West Virginia,D,Inconclusive,"Confederate forces routed a small Union detachment, but a Union counterattacked stopped the Confederates; ultimately ending the last engagement in West Virginia of the Civil War.",CWSAC-rated,https://en.wikipedia.org/wiki/Battle_of_Smithfield_Crossing,
315,1864,"August 31 – September 1, 1864",Battle of Jonesborough,,Georgia,A,Union,"William J. Hardee 's Confederates defeated, resulting in Atlanta's fall the following day.",CWSAC-rated,https://en.wikipedia.org/wiki/Battle_of_Jonesborough,
316,1864,"September 3 –4, 1864",Battle of Berryville,,Virginia,C,Inconclusive,"At the same time Confederate Lt. Gen. Jubal A. Early sent Maj. Gen. Joseph B. Kershaw 's division to attack Colonel Joseph Thoburn 's division of the VIII Corps , and Kershaw initially routed Thoburn's left flank. Darkness ended the fighting. The next morning, Early, seeing the strength of the Union's entrenched line, retreated behind Opequon Creek .",CWSAC-rated,https://en.wikipedia.org/wiki/Battle_of_Berryville,
317,1864,"September 19, 1864",Battle of Opequon (Third Battle of Winchester),,Virginia,A,Union,"Sheridan defeats Early, several officers killed or wounded on both sides.",CWSAC-rated,https://en.wikipedia.org/wiki/Battle_of_Opequon,
318,1864,"September 21 –22, 1864",Battle of Fisher's Hill,,Virginia,B,Union,Successful Union frontal assault.,CWSAC-rated,https://en.wikipedia.org/wiki/Battle_of_Fisher's_Hill,
319,1864,"September 27, 1864",Battle of Fort Davidson (Battle of Pilot Knob),,Missouri,B,Union,Union forces detonate their own fort after losing to Confederates.,CWSAC-rated,https://en.wikipedia.org/wiki/Battle_of_Fort_Davidson,
320,1864,"September 29 –30, 1864",Battle of Chaffin's Farm (New Market Heights),,Virginia,B,Union,"Union forces victorious, but fail to capture several forts.",CWSAC-rated,https://en.wikipedia.org/wiki/Battle_of_Chaffin's_Farm,
321,1864,"September 30 – October 2, 1864",Battle of Peebles' Farm,,Virginia,B,Union,Union victory near Petersburg.,CWSAC-rated,https://en.wikipedia.org/wiki/Battle_of_Peebles'_Farm,
322,1864,"October 1 –3, 1864",First Battle of Saltville,,Virginia,C,Confederate,"Confederates defeat Union Black Cavalry, war crimes committed against captured blacks.",CWSAC-rated,https://en.wikipedia.org/wiki/Battle_of_Saltville_I,
323,1864,"October 5, 1864",Battle of Allatoona,,Georgia,B,Union,Union fortifications hold.,CWSAC-rated,https://en.wikipedia.org/wiki/Battle_of_Allatoona,
324,1864,"October 7, 1864",Battle of Darbytown and New Market,,Virginia,C,Union,"John Gregg is killed, Confederates withdraw to Richmond .",CWSAC-rated,https://en.wikipedia.org/wiki/Battle_of_Darbytown_and_New_Market,
325,1864,"October 9, 1864",Battle of Tom's Brook,,Virginia,C,Union,Union cavalry defeats Confederates.,CWSAC-rated,https://en.wikipedia.org/wiki/Battle_of_Tom's_Brook,
326,1864,"October 13, 1864",Battle of Darbytown Road,,Virginia,D,Confederate,Federal assault on Confederate fortifications repulsed with heavy casualties.,CWSAC-rated,https://en.wikipedia.org/wiki/Battle_of_Darbytown_Road,
327,1864,"October 15, 1864",Battle of Glasgow,,Missouri,C,Confederate,Union forces surrender.,CWSAC-rated,https://en.wikipedia.org/wiki/Battle_of_Glasgow_(1864),
328,1864,"October 19, 1864",Second Battle of Lexington,,Missouri,D,Confederate,Union forces driven out of town.,CWSAC-rated,https://en.wikipedia.org/wiki/Second_Battle_of_Lexington,
329,1864,"October 19, 1864",Battle of Cedar Creek,,Virginia,A,Union,"Sheridan defeats Early, drives Confederates from Shenandoah Valley.",CWSAC-rated,https://en.wikipedia.org/wiki/Battle_of_Cedar_Creek,
330,1864,"October 21, 1864",Battle of Little Blue River,,Missouri,D,Confederate,Confederate victory in Missouri.,CWSAC-rated,https://en.wikipedia.org/wiki/Battle_of_Little_Blue_River,
331,1864,"October 22 –23, 1864",Battle of Byram's Ford,,Missouri,B,Union,Confederates under Marmaduke defeated.,CWSAC-rated,https://en.wikipedia.org/wiki/Battle_of_Byram's_Ford,
332,1864,"October 22, 1864",Second Battle of Independence,,Missouri,C,Inconclusive,Union forces occupy town.,CWSAC-rated,https://en.wikipedia.org/wiki/Second_Battle_of_Independence,
333,1864,"October 23, 1864",Battle of Westport,,Missouri,A,Union,Union forces win decisive battle to take control of Missouri.,CWSAC-rated,https://en.wikipedia.org/wiki/Battle_of_Westport,
334,1864,"October 25, 1864",Battle of Marais des Cygnes,,Kansas,C,Union,Price's Confederates pursued into Kansas.,CWSAC-rated,https://en.wikipedia.org/wiki/Battle_of_Marais_des_Cygnes,
335,1864,"October 25, 1864",Battle of Mine Creek,,Kansas,C,Union,"Price's army crushed, flees back into Missouri.",CWSAC-rated,https://en.wikipedia.org/wiki/Battle_of_Mine_Creek,
336,1864,"October 25, 1864",Battle of Marmiton River,,Missouri,D,Union,Price escapes Union pursuit.,CWSAC-rated,https://en.wikipedia.org/wiki/Battle_of_Marmiton_River,
337,1864,"October 26 –29, 1864",Battle of Decatur,,Alabama,C,Union,Confederates unable to cross river.,CWSAC-rated,https://en.wikipedia.org/wiki/Battle_of_Decatur,
338,1864,"October 27 –28, 1864",Battle of Boydton Plank Road,,Virginia,B,Confederate,"Union forces take control of road, but withdraw after battle.",CWSAC-rated,https://en.wikipedia.org/wiki/Battle_of_Boydton_Plank_Road,
339,1864,"October 27 –28, 1864",Battle of Fair Oaks & Darbytown Road,,Virginia,C,Confederate,Confederates repel a Union attack.,CWSAC-rated,https://en.wikipedia.org/wiki/Battle_of_Fair_Oaks_&_Darbytown_Road,
340,1864,"October 28, 1864",Second Battle of Newtonia,,Missouri,B,Union,James G. Blunt defeats Joseph O. Shelby .,CWSAC-rated,https://en.wikipedia.org/wiki/Second_Battle_of_Newtonia,
341,1864,"November 4 –5, 1864",Battle of Johnsonville,,Tennessee,B,Confederate,Confederates bombard Union forces during the night after a fire starts near union positions.,CWSAC-rated,https://en.wikipedia.org/wiki/Battle_of_Johnsonville,
342,1864,"November 11 –13, 1864",Battle of Bull's Gap,,Tennessee,D,Confederate,Minor Confederate victory during U.S. Civil War.,CWSAC-rated,https://en.wikipedia.org/wiki/Battle_of_Bull's_Gap,
343,1864,"November 22, 1864",Battle of Griswoldville,,Georgia,B,Union,Sherman's march to the sea continued.,CWSAC-rated,https://en.wikipedia.org/wiki/Battle_of_Griswoldville,
344,1864,"November 24, 1864",Battle of Columbia,,Tennessee,C,Confederate,Confederates divert attention.,CWSAC-rated,https://en.wikipedia.org/wiki/Battle_of_Columbia,
345,1864,"November 28, 1864",Battle of Buck Head Creek,,Georgia,C,Union,Union forces repel a Confederate attack.,CWSAC-rated,https://en.wikipedia.org/wiki/Battle_of_Buck_Head_Creek,
346,1864,"November 29, 1864",Battle of Spring Hill,,Tennessee,B,Union,"Confederate mistakes allow Federal forces to redeploy, leading to the Battle of Franklin.",CWSAC-rated,https://en.wikipedia.org/wiki/Battle_of_Spring_Hill,
347,1864,"November 29, 1864",Sand Creek massacre,,Colorado ( Colorado Territory at the time),B,Union,Colorado War : U.S. forces massacre Cheyenne and Arapaho .,CWSAC-rated,https://en.wikipedia.org/wiki/Sand_Creek_massacre,
348,1864,"November 30, 1864",Battle of Honey Hill,,South Carolina,C,Confederate,The third battle of Sherman's March to the Sea was a failed Union Army expedition under Maj. Gen. John P. Hatch that attempted to cut off the Charleston and Savannah Railroad in support of Sherman's projected arrival in Savannah.,CWSAC-rated,https://en.wikipedia.org/wiki/Battle_of_Honey_Hill,
349,1864,"November 30, 1864",Battle of Franklin (1864),,Tennessee,A,Union,Hood attacks Schofield but suffers crushing losses; Pickett's Charge of the West .,CWSAC-rated,https://en.wikipedia.org/wiki/Battle_of_Franklin_(1864),
350,1864,"December 4, 1864","Battle of Waynesboro, Georgia",,Georgia,C,Union,Kilpatrick stops Wheeler from attacking Sherman.,CWSAC-rated,"https://en.wikipedia.org/wiki/Battle_of_Waynesboro,_Georgia",
351,1864,"December 5 –7, 1864",Third Battle of Murfreesboro,,Tennessee,D,Union,Confederate raid mostly unsuccessful.,CWSAC-rated,https://en.wikipedia.org/wiki/Third_Battle_of_Murfreesboro,
352,1864,"December 7 –27, 1864",First Battle of Fort Fisher,,North Carolina,C,Confederate,Failed Union attempt to take fort.,CWSAC-rated,https://en.wikipedia.org/wiki/First_Battle_of_Fort_Fisher,
353,1864,"December 13, 1864",Second Battle of Fort McAllister,,Georgia,B,Union,William B. Hazen captures Fort McAllister.,CWSAC-rated,https://en.wikipedia.org/wiki/Second_Battle_of_Fort_McAllister,
354,1864,"December 15 –16, 1864",Battle of Nashville,,Tennessee,A,Union,Thomas attacks and virtually destroys Hood's Confederate Army of Tennessee.,CWSAC-rated,https://en.wikipedia.org/wiki/Battle_of_Nashville,
355,1864,"December 17 –18, 1864",Battle of Marion,,Virginia,D,Union,Union forces destroy beneficial infrastructure.,CWSAC-rated,https://en.wikipedia.org/wiki/Battle_of_Marion,
356,1864,"December 20 –21, 1864",Second Battle of Saltville,,Virginia,C,Union,"Confederate forces retreated, and General George Stoneman 's troops entered the town and destroyed the saltworks.",CWSAC-rated,https://en.wikipedia.org/wiki/Battle_of_Saltville_II,
357,1865,"January 13 –15, 1865",Second Battle of Fort Fisher,,North Carolina,A,Union,Union takes fort.,CWSAC-rated,https://en.wikipedia.org/wiki/Second_Battle_of_Fort_Fisher,
358,1865,"February 3, 1865",Battle of Rivers' Bridge,,South Carolina,D,Union,Union forces capture river crossing.,CWSAC-rated,https://en.wikipedia.org/wiki/Battle_of_Rivers'_Bridge,
359,1865,"February 5 –7, 1865",Battle of Hatcher's Run,,Virginia,B,Union,Union force launch unexpected attack.,CWSAC-rated,https://en.wikipedia.org/wiki/Battle_of_Hatcher's_Run,
360,1865,"February 22, 1865",Battle of Wilmington ( North Carolina ),,North Carolina,D,Union,Last Confederate port falls.,CWSAC-rated,https://en.wikipedia.org/wiki/Battle_of_Wilmington,
361,1865,"March 2, 1865","Battle of Waynesboro, Virginia",,Virginia,B,Union,Remnants of Confederate Army of the Valley are destroyed.,CWSAC-rated,"https://en.wikipedia.org/wiki/Battle_of_Waynesboro,_Virginia",
362,1865,"March 6, 1865",Battle of Natural Bridge,,Florida,C,Confederate,Confederate victory in Florida prevents the capture of Tallahassee.,CWSAC-rated,https://en.wikipedia.org/wiki/Battle_of_Natural_Bridge,
363,1865,"March 7 –10, 1865",Battle of Wyse Fork,,North Carolina,D,Union,Confederate attacks repelled by Union artillery.,CWSAC-rated,https://en.wikipedia.org/wiki/Battle_of_Wyse_Fork,
364,1865,"March 10, 1865",Battle of Monroe's Cross Roads,,North Carolina,D,Inconclusive,Confederates delayed Federal Cavalry movement towards Fayetteville .,CWSAC-rated,https://en.wikipedia.org/wiki/Battle_of_Monroe's_Cross_Roads,
365,1865,"March 16, 1865",Battle of Averasborough,,North Carolina,C,Inconclusive,"Union and Confederate forces attack one another in turn, both attacks fail.",CWSAC-rated,https://en.wikipedia.org/wiki/Battle_of_Averasborough,
366,1865,"March 19 –21, 1865",Battle of Bentonville,,North Carolina,A,Union,Sherman defeats Confederates,CWSAC-rated,https://en.wikipedia.org/wiki/Battle_of_Bentonville,
367,1865,"March 25, 1865",Battle of Fort Stedman,,Virginia,A,Union,Lee attempts to break siege.,CWSAC-rated,https://en.wikipedia.org/wiki/Battle_of_Fort_Stedman,
368,1865,"March 27 – April 8, 1865",Battle of Spanish Fort,,Alabama,B,Union,Union forces capture fort just east of Mobile.,CWSAC-rated,https://en.wikipedia.org/wiki/Battle_of_Spanish_Fort,
369,1865,"March 29, 1865",Battle of Lewis's Farm,,Virginia,C,Union,Union forces capture Confederate earthworks.,CWSAC-rated,https://en.wikipedia.org/wiki/Battle_of_Lewis's_Farm,
370,1865,"March 31, 1865",Battle of White Oak Road,,Virginia,B,Union,Confederate forces under Richard H. Anderson defeated.,CWSAC-rated,https://en.wikipedia.org/wiki/Battle_of_White_Oak_Road,
371,1865,"March 31, 1865",Battle of Dinwiddie Court House,,Virginia,C,Confederate,Pickett defeats Sheridan.,CWSAC-rated,https://en.wikipedia.org/wiki/Battle_of_Dinwiddie_Court_House,
372,1865,"April 1, 1865",Battle of Five Forks,,Virginia,A,Union,Sheridan routs Confederates.,CWSAC-rated,https://en.wikipedia.org/wiki/Battle_of_Five_Forks,
373,1865,"April 2, 1865",Battle of Selma,,Alabama,B,Union,Wilson defeats Forrest.,CWSAC-rated,https://en.wikipedia.org/wiki/Battle_of_Selma,
374,1865,"April 2, 1865",Third Battle of Petersburg,,Virginia,A,Union,Grant defeats Lee.,CWSAC-rated,https://en.wikipedia.org/wiki/Third_Battle_of_Petersburg,
375,1865,"April 2, 1865",Battle of Sutherland's Station,,Virginia,C,Union,Lee's supply lines are cut.,CWSAC-rated,https://en.wikipedia.org/wiki/Battle_of_Sutherland's_Station,
376,1865,"April 3, 1865",Battle of Namozine Church,,Virginia,D,Inconclusive,"Several Confederates captured, Custer 's brother earns Medal of Honor.",CWSAC-rated,https://en.wikipedia.org/wiki/Battle_of_Namozine_Church,
377,1865,"April 5, 1865",Battle of Amelia Springs,,Virginia,C,Inconclusive,"Confederates forced Union troops to retreat, however Union forces linked up and prevented another counter-attack.",CWSAC-rated,https://en.wikipedia.org/wiki/Battle_of_Amelia_Springs,
378,1865,"April 6, 1865",Battle of Rice's Station,,Virginia,D,Union,Confederate forces are caught off guard by John Gibbon 's forces.,CWSAC-rated,https://en.wikipedia.org/wiki/Battle_of_Rice's_Station,
379,1865,"April 6, 1865",Battle of Sayler's Creek (or Sailor's Creek),,Virginia,B,Union,Lee realizes his army is on the verge of defeat.,CWSAC-rated,https://en.wikipedia.org/wiki/Battle_of_Sayler's_Creek,
380,1865,"April 6 –7, 1865",Battle of High Bridge,,Virginia,C,Inconclusive,"Union forces thwart Lee's attempts to burn bridges and to resupply, Grant proposes that Lee surrender, but he refuses.",CWSAC-rated,https://en.wikipedia.org/wiki/Battle_of_High_Bridge,
381,1865,"April 7, 1865",Battle of Cumberland Church,,Virginia,C,Confederate,"Union forces attack Confederate rearguard, but darkness cuts the attack short.",CWSAC-rated,https://en.wikipedia.org/wiki/Battle_of_Cumberland_Church,
382,1865,"April 8, 1865",Battle of Appomattox Station,,Virginia,B,Union,Union forces thwart Lee's final attempt to resupply.,CWSAC-rated,https://en.wikipedia.org/wiki/Battle_of_Appomattox_Station,
383,1865,"April 9, 1865",Battle of Appomattox Court House,,Virginia,A,Union,Lee's forces surrounded. He subsequently surrenders.,CWSAC-rated,https://en.wikipedia.org/wiki/Battle_of_Appomattox_Court_House,
384,1865,"April 9 , 1865",Battle of Fort Blakeley,,Alabama,A,Union,Union forces capture fort east of Mobile.,CWSAC-rated,https://en.wikipedia.org/wiki/Battle_of_Fort_Blakeley,
385,1865,"May 12 –13, 1865",Battle of Palmito Ranch,,Texas,D,Confederate,Last battle in Texas during final phases of the Civil War. Southernmost battle on land in Civil War.,CWSAC-rated,https://en.wikipedia.org/wiki/Battle_of_Palmito_Ranch,
386,1861,"May 7, 1861",Battle of Gloucester Point,,Virginia,,Inconclusive,Earliest exchange of gunfire between the Union Navy and organized Rebel forces after the surrender of Fort Sumter,Other USA/CSA,https://en.wikipedia.org/wiki/Battle_of_Gloucester_Point_(1861),
387,1861,"June 1, 1861",Battle of Fairfax Court House (1861),,Virginia,,Inconclusive,First land skirmish of the war with fatal casualties.,Other USA/CSA,https://en.wikipedia.org/wiki/Battle_of_Fairfax_Court_House_(1861),
388,1861,"June 1, 1861",Battle of Arlington Mills,,Virginia,,Inconclusive,Small skirmish in Arlington County just after Fairfax Court House,Other USA/CSA,https://en.wikipedia.org/wiki/Battle_of_Arlington_Mills,
389,1861,"June 5, 1861",Battle of Pig Point,,Virginia,,Confederate,"Early skirmish between Union gunboat USS Harriet Lane and a shore battery and rifle company of CSA defenders at Pig Point in Portsmouth, Virginia near Hampton Roads, Virginia.",Other USA/CSA,https://en.wikipedia.org/wiki/Battle_of_Pig_Point,
390,1861,"June 19, 1861",Battle of Cole Camp,,Missouri,,Confederate,Pro-Confederate Missouri State Guard defeat pro-Union Missouri Home Guard at Cole Camp,Other USA/CSA,https://en.wikipedia.org/wiki/Battle_of_Cole_Camp_(1861),
391,1861,"June 27, 1861",Battle of Mathias Point,,Virginia,,Confederate,"Confederates repulse the Union attack and kill Commander James H. Ward of the Union Potomac Flotilla, the first Union Navy officer killed during the Civil War.",Other USA/CSA,https://en.wikipedia.org/wiki/Battle_of_Mathias_Point,
392,1861,"July 13, 1861",Battle of Corrick's Ford,,West Virginia (Virginia at the time) [ A ],,Union,Confederate Brig. Gen. Robert S. Garnett is the first general killed in the Civil War.,Other USA/CSA,https://en.wikipedia.org/wiki/Battle_of_Corrick's_Ford,
393,1861,"July 17, 1861",Battle of Scary Creek,,West Virginia (Virginia at the time) [ A ],,Confederate,General Cox skirmishes with Confederates in the in Kanawha Valley.,Other USA/CSA,https://en.wikipedia.org/wiki/Battle_of_Scary_Creek,
394,1861,"July 25, 1861",First Battle of Mesilla,,New Mexico ( New Mexico Territory at the time),,Confederate,Confederate victory secures the southern part of the New Mexico Territory for the CSA.,Other USA/CSA,https://en.wikipedia.org/wiki/First_Battle_of_Mesilla,
395,1861,"August 5, 1861",Battle of Athens,,Missouri / Iowa,,Union,Union victory in small skirmish on the Iowa-Missouri border,Other USA/CSA,https://en.wikipedia.org/wiki/Battle_of_Athens_(1861),
396,1861,"August 19, 1861",Battle of Charleston (1861) (Missouri),,Missouri,,Union,Union force destroys Confederate camp.,Other USA/CSA,https://en.wikipedia.org/wiki/Battle_of_Charleston_(1861),
397,1861,"September 11, 1861",Battle of Lewinsville,,Virginia,,Inconclusive,Minor battle between Confederates under J. E. B. Stuart and Union troops under McClellan in Fairfax County,Other USA/CSA,https://en.wikipedia.org/wiki/Battle_of_Lewinsville,
398,1861,"September 24 –25, 1861",Battle of Canada Alamosa,,New Mexico ( New Mexico Territory at the time),,Confederate,One of several small cavalry skirmishes in Confederate Arizona near the border with Union New Mexico Territory .,Other USA/CSA,https://en.wikipedia.org/wiki/Battle_of_Canada_Alamosa,
399,1861,"October 5, 1861",Battle of Cockle Creek,,Virginia,,Union,Confederate smuggling up the Chincoteague Bay ends.,Other USA/CSA,https://en.wikipedia.org/wiki/Battle_of_Cockle_Creek,
400,1861,"October 12, 1861",Battle of the Head of Passes,,Louisiana,,Confederate,Naval forces square-off at the mouth of the Mississippi River.,Other USA/CSA,https://en.wikipedia.org/wiki/Battle_of_the_Head_of_Passes,
401,1861,"November 3 –7, 1861",Battle of Port Royal,,South Carolina,,Union,"Union fleet under S. F. Du Pont capture Confederate forts at Hilton Head, South Carolina.",Other USA/CSA,https://en.wikipedia.org/wiki/Battle_of_Port_Royal,
402,1861,"December 19, 1861",Skirmish at Blackwater Creek,,Missouri,,Union,Union forces under General Pope capture a newly recruited Missouri State Guard regiment.,Other USA/CSA,https://en.wikipedia.org/wiki/Skirmish_at_Blackwater_Creek,
403,1861,"December 28, 1861",Battle of Sacramento,,Kentucky,,Confederate,Nathan Bedford Forrest's first victory. The Federals are surprised and quickly routed.,Other USA/CSA,https://en.wikipedia.org/wiki/Battle_of_Sacramento_(Kentucky),
404,1862,"February 10, 1862",Battle of Elizabeth City,,North Carolina,,Union,Destruction of the Mosquito Fleet .,Other USA/CSA,https://en.wikipedia.org/wiki/Battle_of_Elizabeth_City,
405,1862,"March 30, 1862",Battle of Stanwix Station,,Arizona ( New Mexico Territory at the time),,Union,Westernmost skirmish of the war.,Other USA/CSA,https://en.wikipedia.org/wiki/Battle_of_Stanwix_Station,
406,1862,"April 14, 1862",Battle of Peralta,,New Mexico ( New Mexico Territory at the time),,Union,Union forces defeat the 5th Texas Mounted Volunteers.,Other USA/CSA,https://en.wikipedia.org/wiki/Battle_of_Peralta,
407,1862,"April 15, 1862",Battle of Picacho Pass,,Arizona ( New Mexico Territory at the time),,Confederate,Confederate pickets defeat Union cavalry patrol.,Other USA/CSA,https://en.wikipedia.org/wiki/Battle_of_Picacho_Pass,
408,1862,"May 19, 1862",Battle of Whitney's Lane,,Arkansas,,Union,"Union campaign towards Little Rock, Arkansas halted.",Other USA/CSA,https://en.wikipedia.org/wiki/Battle_of_Whitney's_Lane,
409,1862,"May 20, 1862",Capture of Tucson (1862),,Arizona ( New Mexico Territory at the time),,Union,"A Union force of 2,000 took the city from ten Tucson militiamen without a shot fired.",Other USA/CSA,https://en.wikipedia.org/wiki/Capture_of_Tucson_(1862),
410,1862,"May 23, 1862",Battle of Lewisburg,,West Virginia (Virginia at the time) [ A ],,Union,Troops under Union Gen. George Crook defeat Confederate forces under Gen. Henry Heth,Other USA/CSA,https://en.wikipedia.org/wiki/Battle_of_Lewisburg,
411,1862,"May 29, 1862",First Battle of Pocotaligo,,South Carolina,,Union,Mission objective fulfilled – Charleston & Savannah railroad bridge damaged.,Other USA/CSA,https://en.wikipedia.org/wiki/First_Battle_of_Pocotaligo,
412,1862,"June 6, 1862",Battle of Good's Farm,,Virginia,,Confederate,Skirmish during Jackson's Valley campaign where Turner Ashby was killed.,Other USA/CSA,https://en.wikipedia.org/wiki/Battle_of_Good's_Farm,
413,1862,"August 10, 1862",Battle of the Nueces,,Texas,,Confederate,"Union forces massacred by Confederates at Nueces Creek, Texas.",Other USA/CSA,https://en.wikipedia.org/wiki/Battle_of_the_Nueces,
414,1862,"August 11, 1862",Battle of Compton's Ferry,,Missouri,,Union,Union forces defeat Confederate forces as they attempted a chaotic retreat.,Other USA/CSA,https://en.wikipedia.org/wiki/Battle_of_Compton's_Ferry,
415,1862,"September 1, 1862",Battle of Britton's Lane,,Tennessee,,Confederate,Union forces suffered heavy losses to Confederate forces.,Other USA/CSA,https://en.wikipedia.org/wiki/Battle_of_Britton's_Lane,
416,1862,"September 13, 1862",Battle of Charleston (1862),,West Virginia (Virginia at the time) [ A ],,Confederate,Confederate troops occupy Charleston during Kanawha Valley offensive.,Other USA/CSA,https://en.wikipedia.org/wiki/Battle_of_Charleston_(1862),
417,1862,"September 14, 1862",Battle of Crampton's Gap,,Maryland,,Union,Union broke the Confederate line and drove through the gap. Confederates were strategically successful in stalling the Union advance and protecting the rear of their forces engaged at Harpers Ferry.,Other USA/CSA,https://en.wikipedia.org/wiki/Battle_of_Crampton's_Gap,
418,1862,"October 10 –12, 1862",Raid on Chambersburg,,Pennsylvania,,Inconclusive,Stuart's cavalry moves into Pennsylvania after the Battle of Antietam,Other USA/CSA,https://en.wikipedia.org/wiki/Raid_on_Chambersburg,
419,1862,"October 22, 1862",Battle of Pocotaligo,,South Carolina,,Confederate,Union troops repulsed after minimally damaging the Charleston & Savannah railroad.,Other USA/CSA,https://en.wikipedia.org/wiki/Battle_of_Pocotaligo,
420,1862,"October 27 –29, 1862",Skirmish at Island Mound,,Missouri,,Union,Confederate attack and melee fails.,Other USA/CSA,https://en.wikipedia.org/wiki/Skirmish_at_Island_Mound,
421,1862,"October 31 –November 2, 1862",Battle of Unison,,Virginia,,Inconclusive,Stuart's cavalry skirmishes with Union cavalry,Other USA/CSA,https://en.wikipedia.org/wiki/Battle_of_Unison,
422,1862,"December 28, 1862",Battle of Van Buren,,Arkansas,,Union,Union forces secure Northwest Arkansas,Other USA/CSA,https://en.wikipedia.org/wiki/Battle_of_Van_Buren,
423,1863,"February 3 – April 12, 1863",Yazoo Pass Expedition,,Mississippi,,Confederate,Elaborate amphibious Union flanking maneuver is thwarted by Confederates at Fort Pemberton during the Vicksburg campaign.,Other USA/CSA,https://en.wikipedia.org/wiki/Yazoo_Pass_Expedition,
424,1864,"March 1, 1864",Skirmish at Cedar Creek,,Florida,,Inconclusive,Confederates raid near Union occupied Jacksonville .,Other USA/CSA,https://en.wikipedia.org/wiki/Skirmish_at_Cedar_Creek,
425,1863,"April 30, 1863",Battle of Day's Gap,,Alabama,,Confederate,Nathan Bedford Forrest and Union Col. Abel Streight fight Cavalry action for several hours.,Other USA/CSA,https://en.wikipedia.org/wiki/Battle_of_Day's_Gap,
426,1863,"June 27, 1863",Battle of Portland Harbor,,Maine,,Union,Naval engagement.,Other USA/CSA,https://en.wikipedia.org/wiki/Battle_of_Portland_Harbor,
427,1863,"June 30, 1863",Battle of Sporting Hill,,Pennsylvania,,Inconclusive,Small skirmish during the Gettysburg Campaign was the northernmost engagement of Robert E. Lee's Army of Northern Virginia during the Civil War.,Other USA/CSA,https://en.wikipedia.org/wiki/Battle_of_Sporting_Hill,
428,1863,"July 1, 1863",Battle of Carlisle,,Pennsylvania,,Inconclusive,"Small, but strategically important skirmish during the Gettysburg Campaign.",Other USA/CSA,https://en.wikipedia.org/wiki/Battle_of_Carlisle,
429,1863,"July 2, 1863",Battle of Hunterstown,,Pennsylvania,,Inconclusive,Minor cavalry engagement during the Gettysburg Campaign,Other USA/CSA,https://en.wikipedia.org/wiki/Battle_of_Hunterstown,
430,1863,"July 3, 1863",Battle of Fairfield,,Pennsylvania,,Confederate,Cavalry engagement during the Gettysburg Campaign secured the important Hagerstown Road.,Other USA/CSA,https://en.wikipedia.org/wiki/Battle_of_Fairfield,
431,1863,"July 4, 1863",Battle of Tebbs Bend,,Kentucky,,Union,Union infantry defeats Confederate cavalry.,Other USA/CSA,https://en.wikipedia.org/wiki/Battle_of_Tebbs_Bend,
432,1863,"July 4 -5, 1863",Fight at Monterey Pass,,Pennsylvania,,Union,Cavalry under Union General Judson Kilpatrick attacked Confederate forces retreating from Gettysburg.,Other USA/CSA,https://en.wikipedia.org/wiki/Fight_at_Monterey_Pass,
433,1863,"July 5 –25, 1863",Jackson Expedition,,Mississippi,,Union,Forces under General William T. Sherman clear General Joseph E. Johnston's relief effort from the Vicksburg area.,Other USA/CSA,https://en.wikipedia.org/wiki/Jackson_Expedition,
434,1863,"July 10, 1863",Battle of Funkstown,,Maryland,,Inconclusive,Action during Lee's retreat to Virginia after the Battle of Gettysburg.,Other USA/CSA,https://en.wikipedia.org/wiki/Battle_of_Funkstown,
435,1863,"July 13 –16, 1863",Draft Riots,,New York,,N/A,"The Draft Riots caused a strain on the Union army, and vast amounts of corruption within the draft began to spread from New York to the frontlines.",Other USA/CSA,https://en.wikipedia.org/wiki/Draft_Riots,
436,1863,"July 18, 1863",Wytheville Raid,,Virginia,,Union,Action by mounted forces under Union Colonel John Toland,Other USA/CSA,https://en.wikipedia.org/wiki/Wytheville_Raid,
437,1863,"August 21, 1863","Skirmish near Brooklyn, Kansas",,Kansas,,Inconclusive,Union forces pursue Quantrill's Raiders after the Lawrence Massacre .,Other USA/CSA,"https://en.wikipedia.org/wiki/Skirmish_near_Brooklyn,_Kansas",
438,1863,"August 26 –27, 1863",Battle of White Sulphur Springs,,West Virginia,,Confederate,A confederate brigade halts a Union cavalry raid,Other USA/CSA,https://en.wikipedia.org/wiki/Battle_of_White_Sulphur_Springs,
439,1863,"August 27, 1863",Battle of Bayou Meto (Battle of Reed's Bridge),,Arkansas,,Confederate,Confederate forces delay the Union advance on Little Rock.,Other USA/CSA,https://en.wikipedia.org/wiki/Battle_of_Bayou_Meto,
440,1863,"October 21, 1863",Battle of Cherokee Station,,Alabama,,Union,Confederates suffered heavy losses and retreated after an hour long musket battle.,Other USA/CSA,https://en.wikipedia.org/wiki/Battle_of_Cherokee_Station,
441,1863,"October 10, 1863",Battle of James City,,Virginia,,Confederate,Opening of the Bristoe campaign,Other USA/CSA,https://en.wikipedia.org/wiki/Battle_of_James_City,
442,1863,"October 27, 1863",Battle of Brown's Ferry,,Tennessee,,Union,"Union forces open the ""Cracker Line"" , a supply line to Chattanooga through Brown's Ferry.",Other USA/CSA,https://en.wikipedia.org/wiki/Battle_of_Brown's_Ferry,
443,1863,"November 3, 1863",Battle of Bayou Bourbeux,,Louisiana,,Confederate,Confederate District of Western Louisiana troops attack the isolated rear guard during Union withdrawal from Opelousas.,Other USA/CSA,https://en.wikipedia.org/wiki/Battle_of_Bayou_Bourbeux,
444,1863,"November 6, 1863",Battle of Rogersville,,Tennessee,,Confederate,"Confederate forces under Brig Gen ""Grumble"" Jones captures 775 prisoners of the 2nd East Tennessee (Union) Infantry Regiment and the 7th Ohio Cavalry.",Other USA/CSA,https://en.wikipedia.org/wiki/Battle_of_Rogersville,
445,1864,"March 18, 1864",Battle of Laredo,,Texas,,Confederate,"Union force sent to destroy 0 5,000 bales of cotton",Other USA/CSA,https://en.wikipedia.org/wiki/Battle_of_Laredo,
446,1864,"April 13 –14, 1864",Battle of Salyersville,,Kentucky,,Union,Confederates were driven into Salyersville with heavy losses.,Other USA/CSA,https://en.wikipedia.org/wiki/Battle_of_Salyersville,
447,1864,"May 6, 1864",Battle of Calcasieu Pass,,Louisiana,,Confederate,Confederates capture two Union gunboats.,Other USA/CSA,https://en.wikipedia.org/wiki/Battle_of_Calcasieu_Pass,
448,1864,"May 12, 1864",Battle of Meadow Bridge,,Virginia,,Union,Sheridan forces a crossing of the Chickahominy River during the Overland Campaign,Other USA/CSA,https://en.wikipedia.org/wiki/Battle_of_Meadow_Bridge,
449,1864,"June 19, 1864",Battle of Cherbourg (1864) (Sinking of CSS Alabama ),,"(Naval engagement) Cherbourg, France",,Union,USS Kearsarge sinks CSS Alabama,Other USA/CSA,https://en.wikipedia.org/wiki/Battle_of_Cherbourg_(1864),
450,1864,"July 13, 1864",Battle of Camden Point,,Missouri,,Union,Confederates were ambushed; Camden Point is scorched.,Other USA/CSA,https://en.wikipedia.org/wiki/Battle_of_Camden_Point,
451,1864,"July 30, 1864",Battle of Brown's Mill,,Georgia,,Confederate,Cavalry engagement during Atlanta campaign,Other USA/CSA,https://en.wikipedia.org/wiki/Battle_of_Brown's_Mill,
452,1864,"July 31, 1864",Battle of Fort Smith,,Arkansas,,Union,Federal troops maintain control of western Arkansas,Other USA/CSA,https://en.wikipedia.org/wiki/Battle_of_Fort_Smith,
453,1864,"August 17, 1864",Battle of Gainesville,,Florida,,Confederate,"Union failed to take Gainesville, retreated.",Other USA/CSA,https://en.wikipedia.org/wiki/Battle_of_Gainesville,
454,1864,"September 23 –25, 1864",Battle of Sulphur Creek Trestle,,Alabama,,Confederate,Raid to disrupt Sherman's supply line,Other USA/CSA,https://en.wikipedia.org/wiki/Battle_of_Sulphur_Creek_Trestle,
455,1864,"September 27, 1864",Battle of Marianna,,Florida,,Union,Cavalry raid into Florida panhandle.,Other USA/CSA,https://en.wikipedia.org/wiki/Battle_of_Marianna,
456,1864,"October 15, 1864",Capture of Sedalia,,Missouri,,Confederate,Confederate cavalry defeat Union militia,Other USA/CSA,https://en.wikipedia.org/wiki/Capture_of_Sedalia,
457,1864,"October 19, 1864",St. Albans raid,,Vermont,,Confederate,Northernmost land action of the American Civil War,Other USA/CSA,https://en.wikipedia.org/wiki/St._Albans_raid,
458,1864,"October 28, 1864",Battle of Ladiga,,Alabama,,Confederate,"Ferguson 's Brigade, Jackson 's Cavalry Division defends approaches to Jacksonville along Terrapin Creek to Coloma , Alabama.",Other USA/CSA,https://en.wikipedia.org/wiki/Battle_of_Ladiga,
459,1864,"October 28, 1864",Battle of Morristown,,Tennessee,,Union,Union troops route Confederate forces protecting the railroad junction at Morristown,Other USA/CSA,https://en.wikipedia.org/wiki/Battle_of_Morristown,
460,1864,"December 24, 1864",Battle of Anthony's Hill (Battle of King's Hill),,Tennessee,,Confederate,Forrest turns back Union pursuers after the Battle of Nashville.,Other USA/CSA,https://en.wikipedia.org/wiki/Battle_of_Anthony's_Hill,
461,1865,"January 23 –25, 1865",Battle of Trent's Reach,,Virginia,,Union,One of the last naval battles of the war.,Other USA/CSA,https://en.wikipedia.org/wiki/Battle_of_Trent's_Reach,
462,1865,"February 2, 1865",Battle of Broxton Bridge,,South Carolina,,Union,Confederate forces forced to retreat from Broxton Bridge after a failed defense. [ 3 ],Other USA/CSA,https://en.wikipedia.org/wiki/Battle_of_Broxton_Bridge,
463,1865,"February 11, 1865",Battle of Aiken,,South Carolina,,Confederate,Cavalry action between Union Maj. Gen. Hugh Judson Kilpatrick and Confederate Maj. Gen. Joseph Wheeler.,Other USA/CSA,https://en.wikipedia.org/wiki/Battle_of_Aiken,
464,1865,"February 20, 1865",Battle of Fort Myers,,Florida,,Union,Southernmost land battle in Florida of the war.,Other USA/CSA,https://en.wikipedia.org/wiki/Battle_of_Fort_Myers,
465,1865,"April 13 –15, 1865",Battle of Morrisville,,North Carolina,,Union,Last cavalry battle of the War.,Other USA/CSA,https://en.wikipedia.org/wiki/Battle_of_Morrisville,
466,1865,"April 16, 1865",Battle of West Point,,Georgia,,Union,Union victory during final phase of U.S. Civil War.,Other USA/CSA,https://en.wikipedia.org/wiki/Battle_of_West_Point,
467,1865,"April 16, 1865",Battle of Columbus (1865) (Battle of Girard),,Georgia,,Union,Union forces massacred retreating Confederates.,Other USA/CSA,https://en.wikipedia.org/wiki/Battle_of_Columbus_(1865),
468,1865,"April 23, 1865",Battle of Munford,,Alabama,,Union,Croxton's Raid in northeast Alabama.,Other USA/CSA,https://en.wikipedia.org/wiki/Battle_of_Munford,
469,1865,"May 1, 1865",Battle of Anderson,,South Carolina,,Confederate,"Minor skirmish, Union and Confederates clashed, Confederate forces repelled Union troops, with cavalry and cadet forces.",Other USA/CSA,https://en.wikipedia.org/wiki/Battle_of_Anderson,
470,1861,August 1861,Siege of Tubac,,Arizona ( New Mexico Territory at the time),,Apache victory. Confederate militia and townspeople flee to Tucson.,,American Indian Wars,https://en.wikipedia.org/wiki/Siege_of_Tubac,
471,1862,"May 5, 1862",First Battle of Dragoon Springs,,Arizona ( New Mexico Territory at the time),,Apache victory. Westernmost Confederate battle fatalities.,,American Indian Wars,https://en.wikipedia.org/wiki/First_Battle_of_Dragoon_Springs,
472,1862,"May 9, 1862",Second Battle of Dragoon Springs,,Arizona ( New Mexico Territory at the time),,Confederate victory. Livestock recaptured.,,American Indian Wars,https://en.wikipedia.org/wiki/Second_Battle_of_Dragoon_Springs,
473,1862,"July 15 –16, 1862",Battle of Apache Pass,,Arizona ( New Mexico Territory at the time),,Apache Wars: Union soldiers fight with Apache warriors.,,American Indian Wars,https://en.wikipedia.org/wiki/Battle_of_Apache_Pass,
474,1862,"August 19 and 23, 1862",Battles of New Ulm,,Minnesota,,Dakota War of 1862: Two battles in the Dakota War of 1862 .,,American Indian Wars,https://en.wikipedia.org/wiki/Battles_of_New_Ulm,
475,1862,"September 2, 1862",Battle of Birch Coulee,,Minnesota,,Dakota War of 1862: Worst defeat of Union forces during the Dakota War of 1862 .,,American Indian Wars,https://en.wikipedia.org/wiki/Battle_of_Birch_Coulee,
476,1862,"September 3, 1862",Battle of Acton,,Minnesota,,"Engagement during the Dakota War of 1862 – a detachment of the 10th Minnesota Infantry Regiment withdraws to the fortified town of Hutchinson, Minnesota .",,American Indian Wars,https://en.wikipedia.org/wiki/Battle_of_Acton,
477,1864,"January 12 –14, 1864",Battle of Canyon de Chelly,,Arizona ( Arizona Territory at the time),,US victory,,American Indian Wars,https://en.wikipedia.org/wiki/Battle_of_Canyon_de_Chelly,
478,1864,"November 25, 1864",First Battle of Adobe Walls,,Texas,,"Texas–Indian wars: Kit Carson fights Kiowa forces to a draw, but manages to destroy their settlement.",,American Indian Wars,https://en.wikipedia.org/wiki/First_Battle_of_Adobe_Walls,
479,1865,"January 8, 1865",Battle of Dove Creek,,Texas,,Kickapoo victory: Texas State Militia and CS troops are defeated by Kickapoo Indians .,,American Indian Wars,https://en.wikipedia.org/wiki/Battle_of_Dove_Creek,
480,1865,"February 17, 1865",Battle of Fort Buchanan,,Arizona ( Arizona Territory at the time),,Apache victory. Fort Buchanan destroyed.,,American Indian Wars,https://en.wikipedia.org/wiki/Battle_of_Fort_Buchanan,
